0,1,2,3,4,word,summary
5668.172851396403,0.8961304500215163,0.0022394773748400237,-0.0016573269964247593,-2.524354896707238e-29,summaryOfAllWords,4856.786342285403
-4.178232555649593,0.13322656639162345,-0.3189054047291222,0.056097109981776264,2.196188760135297e-27,Luftangriffe,3.1534827016248324
-3.7929014052851024,-0.1040413409217833,-0.35284429589185895,0.08596412391472365,2.398137151871876e-27,Südlibanon,3.6065380617461003
-3.7929014052851024,-0.1040413409217833,-0.35284429589185895,0.08596412391472365,2.398137151871876e-27,luft+angriff+e südlibanon,3.6065380617461003
21.24031983210706,-15.247244722448666,-0.8785137243247985,0.20567676106265476,4.165185579566942e-27,Israel,32.86850250591009
-2.5728393672403325,-0.8499785856093038,-0.41705309003019475,0.14821460912333217,2.7263032884438168e-27,südlibanon israel,5.03752552715763
1.4319509772762649,-3.3000934212575705,-0.5735718443888256,-0.027179649113380357,3.534096855390133e-27,droht,9.733711857868244
-3.518909026497037,-0.2726490735583753,-0.3735579803674396,0.09637626988299024,2.5243548967072378e-27,israel droh+t,3.928552409122026
-3.9239969478504495,-0.02527326397311014,-0.3482381196342943,0.054137844508147875,2.3728936029048035e-27,weiteren,3.4534674268805996
-3.9239969478504495,-0.02527326397311014,-0.3482381196342943,0.054137844508147875,2.3728936029048035e-27,droh+t weit+er+en,3.4534674268805996
-4.094761144501975,0.07846336253861796,-0.3360764045629252,0.02623497287288647,2.3224065049706588e-27,Attacken,3.2534292196354326
-4.094761144501975,0.07846336253861796,-0.3360764045629252,0.02623497287288647,2.3224065049706588e-27,weit+er+en attacke+n,3.2534292196354326
-2.402087221946256,-0.9766803797546197,-0.48228851550000706,-0.033861328647594405,3.205930718818192e-27,Libanon,5.249742106646021
-4.223883028048773,0.15589490189275446,-0.32689451237332157,-0.005182772879998212,2.271919407036514e-27,attacke+n libanon,3.1026680234024635
-3.0369021824639963,-0.5487441256094137,-0.278634479982269,0.004164403334492614,1.8427790745962836e-27,Nach,4.48209464154736
-4.278001079339949,0.18757486566647064,-0.3235706531875304,-0.024605075503776625,2.2466758580694416e-27,libanon nach,3.039873148666868
1.0006972237885385,-3.096357472361624,0.5533320228929124,-0.3571475608126419,-4.1146984816327976e-27,israelischen,9.240825949377667
-4.303457885880473,0.202081932129065,-0.32236270019147273,-0.03657528318456761,2.2466758580694416e-27,nach israelisch+en,3.0105376512994155
-2.722182266953041,-0.7678848896777271,-0.4413546103388738,0.04592666949014032,2.928251680180396e-27,Angriffen,4.86739864697347
-4.322606181151074,0.2104924931163923,-0.3247561815290545,-0.06337926272421755,2.271919407036514e-27,israelisch+en angriff+en,2.989773208879739
-4.223883028048773,0.15589490189275446,-0.32689451237332157,-0.005182772879998212,2.271919407036514e-27,angriff+en libanon,3.1026680234024635
-4.055130015507718,0.040033356183254654,-0.36348362770989207,-0.07652427703599743,2.5243548967072378e-27,Toten,3.307392893884905
-4.055130015507718,0.040033356183254654,-0.36348362770989207,-0.07652427703599743,2.5243548967072378e-27,libanon tot+en,3.307392893884905
-3.518909026497037,-0.2726490735583753,-0.3735579803674396,0.09637626988299024,2.5243548967072378e-27,tot+en droh+t,3.928552409122026
0.5470823037983532,-2.7729184542245706,-0.5538532675560024,-0.09636505167613071,3.483609757455988e-27,Verteidigungsminister,8.703378737668842
-3.8211075536428485,-0.10736388278962239,-0.3909480886279948,-0.08078380244542706,2.675816190509672e-27,droh+t verteidigung+s+minister,3.5843036029772994
0.03847261005133262,-2.4434863930860526,-0.5283196384924569,0.10675834352351109,3.3069049146864815e-27,verteidigung+s+minister israel,8.097873848514272
9.577714115964483,-8.152595701979454,-0.2615614727250699,0.0853167594383448,7.825500179792437e-28,Katz,19.209287904215934
5.790996822421055,-5.874989017558974,-0.3851717328873778,0.060538064679468026,1.9185097214975007e-27,israel katz,14.792825468224471
-2.67827800676245,-0.90104180335649,-0.4933456732758833,-0.43367540505029684,3.357392012620626e-27,Hisbollah,4.973460833412307
-2.67827800676245,-0.90104180335649,-0.4933456732758833,-0.43367540505029684,3.357392012620626e-27,katz hisbollah,4.973460833412307
-3.2945946111106474,-0.4579436912534387,-0.4624386870963556,-0.18309653559026048,3.1554436208840472e-27,Sollte,4.217035956925772
2.9351368580056763,-4.184482428645463,-0.5373671331271839,0.07519242833530693,3.1806871698511196e-27,Israelis,11.47710704252002
-2.256090492527986,-1.0559119779231319,-0.47087369131708834,0.028583523585155098,3.1049565229499025e-27,soll+te israeli+s,5.415628659593849
-3.394792717773694,-0.36485846348654327,-0.4188849263628046,-0.03444070917619785,2.8272774843121063e-27,gefährden,4.082837521857265
-3.394792717773694,-0.36485846348654327,-0.4188849263628046,-0.03444070917619785,2.8272774843121063e-27,israeli+s gefährd+en,4.082837521857265
-3.8227172242862673,-0.10149773442680265,-0.3842450800392402,-0.05169951836767761,2.6253290925755273e-27,könne,3.5798593294381003
-3.8227172242862673,-0.10149773442680265,-0.3842450800392402,-0.05169951836767761,2.6253290925755273e-27,gefährd+en könn+e,3.5798593294381003
-3.0685651466742714,-0.592654122988332,-0.4746130052319949,-0.1596177691408664,3.205930718818192e-27,weitere,4.480374582178456
-4.013353414332193,0.01726484366296699,-0.36391761625927355,-0.05479304426034905,2.4991113477401654e-27,könn+e weit+er+e,3.3549784380619263
-3.099559562673766,-0.5798103224727291,-0.4782455951326636,-0.1850842669837586,3.256417816752337e-27,Angriffe,4.447202989203636
-4.132453566474698,0.09202999048782834,-0.3492592910612424,-0.05457196090703058,2.4233807008389483e-27,weit+er+e angriff+e,3.2141646999657367
-4.234137129326545,0.15623315963591167,-0.335383939092572,-0.052806959437739664,2.3224065049706588e-27,geben,3.093733391549212
-4.234137129326545,0.15623315963591167,-0.335383939092572,-0.052806959437739664,2.3224065049706588e-27,angriff+e geb+en,3.093733391549212
2.486484002774355,-3.8753411695033018,-0.06833869783396113,-0.1222770714074215,2.524354896707238e-29,Die,10.92545949147275
4.96876895949335,-5.376396634302928,-0.2421049715176106,-0.0892581585459052,1.0349855076499675e-27,israelische,13.828745323915475
0.7693625754566114,-2.844151989262021,-0.29210191552889186,-0.02866730750520564,1.666074231826777e-27,der israelisch+e,8.926496660626114
-2.9174885179957064,-0.6601130691798067,-0.4273621718891031,-0.09204237159044708,2.877764582246251e-27,Armee,4.643970730452137
-4.350068812696421,0.22443654148957948,-0.32479225873235507,-0.0861688222454656,2.271919407036514e-27,israelisch+e armee,2.95900513239251
-4.3648716139680666,0.22987245502226306,-0.3267330171482794,-0.110498477935009,2.2971629560035864e-27,armee weit+er+e,2.9434967148197897
-4.349507898310968,0.2167636311513106,-0.33240045432919596,-0.12976694739875133,2.3224065049706588e-27,mögliche,2.9634645896098015
-4.349507898310968,0.2167636311513106,-0.33240045432919596,-0.12976694739875133,2.3224065049706588e-27,weit+er+e möglich+e,2.9634645896098015
-4.277307389938587,0.1676328271053611,-0.34647461425859083,-0.14736953887006732,2.4233807008389483e-27,möglich+e angriff+e,3.0508351122676918
-4.011997197909798,-0.018355426860264146,-0.39677959706238175,-0.22723068964072696,2.751546837410889e-27,libanesische,3.374648708919638
-4.011997197909798,-0.018355426860264146,-0.39677959706238175,-0.22723068964072696,2.751546837410889e-27,angriff+e libanesisch+e,3.374648708919638
-3.3458618889851923,-0.5193158607342587,-0.5092726495364893,-0.47291751719211234,3.534096855390133e-27,Hisbollah-Miliz,4.204920793363298
-3.3458618889851923,-0.5193158607342587,-0.5092726495364893,-0.47291751719211234,3.534096855390133e-27,libanesisch+e hisbollah+-+miliz,4.204920793363298
-3.779429540540053,-0.1449280575685099,-0.40796996625291093,-0.14000735673549006,2.802033935345034e-27,angekündigt,3.6395161387139012
-3.779429540540053,-0.1449280575685099,-0.40796996625291093,-0.14000735673549006,2.802033935345034e-27,hisbollah+-+miliz an+ge+kündig+t,3.6395161387139012
-3.573348420266987,-0.2533933295240849,-0.40282827013319555,-0.030058354679804635,2.751546837410889e-27,falls,3.8721538111735287
-3.573348420266987,-0.2533933295240849,-0.40282827013319555,-0.030058354679804635,2.751546837410889e-27,an+ge+kündig+t falls,3.8721538111735287
-2.430106856832598,-0.9416177050513026,-0.44228152060114223,0.0925214770806484,2.9030081312133234e-27,falls israeli+s,5.207317306026497
-3.531012922013813,-0.2712846702047007,-0.3904320178099421,0.03188944594559746,2.6505726415425997e-27,gefährde,3.917593805583747
-3.531012922013813,-0.2712846702047007,-0.3904320178099421,0.03188944594559746,2.6505726415425997e-27,israeli+s gefährd+e,3.917593805583747
-3.928977035782217,-0.027016105353097952,-0.3592192134879808,0.0074385833945165136,2.4486242498060206e-27,Keine,3.4501635837254976
-4.052968861221489,0.049598361897085,-0.3468750407704376,0.00090440687053054,2.398137151871876e-27,Rechnung,3.3042269940349773
-4.052968861221489,0.049598361897085,-0.3468750407704376,0.00090440687053054,2.398137151871876e-27,kein+e rechnung,3.3042269940349773
-2.8588336388026256,-0.6980377500641519,-0.4415593475504198,-0.08537424828880345,2.9534952291474682e-27,offen,4.714016350118127
-4.2444040983696265,0.16858922447896174,-0.3244764232984042,-0.006761786981413727,2.2466758580694416e-27,rechnung offen,3.0785004779907448
-4.302879175207511,0.2051371401987423,-0.31668767628208805,-0.00827383803810124,2.196188760135297e-27,bleiben,3.0094339613210015
-4.302879175207511,0.2051371401987423,-0.31668767628208805,-0.00827383803810124,2.196188760135297e-27,offen bleib+en,3.0094339613210015
-4.381982642603458,0.2547460864195956,-0.30534561852338504,-0.009518955099308581,2.1204581132340797e-27,teilte,2.9159051897223933
-4.381982642603458,0.2547460864195956,-0.30534561852338504,-0.009518955099308581,2.1204581132340797e-27,bleib+en teil+te,2.9159051897223933
-4.427521395549257,0.2833966241879098,-0.29836446599701205,-0.009760607654166597,2.0952145642670074e-27,Verteidigungsministe…,2.8620088376372297
-4.427521395549257,0.2833966241879098,-0.29836446599701205,-0.009760607654166597,2.0952145642670074e-27,teil+te verteidigungsministe…,2.8620088376372297
-4.541169900093124,0.355196896352421,-0.27936341402986187,-0.008597081817301802,1.9689968194316455e-27,+1416,2.7273278781704597
-4.541169900093124,0.355196896352421,-0.27936341402986187,-0.008597081817301802,1.9689968194316455e-27,verteidigungsministe… +1416,2.7273278781704597
6.693387550752576,-6.42248533213219,-0.04990222858387788,-0.1188818959805405,-4.0389678347315804e-28,chars,15.842482500850027
-4.564515757222692,0.3699987566177585,-0.2751612264189546,-0.008010276122445238,1.943753270464573e-27,+1416 char+s,2.699630507162216
2.8792389442591313,-4.134554922159808,0.16531823701684215,0.009870349319735978,-1.6408306828597046e-27,Nacht,11.392276377490763
33.3128626556351,-22.92394995074733,0.4601525559756431,0.0631860015493439,-5.957477556229081e-27,Ben-Gvir,47.148233086808425
-3.1320103423331385,-0.5944776676740013,0.5449029178760839,0.11843888384808673,-3.8370194429950014e-27,nacht ben-gvir,4.41173398607004
2.5564100055400134,-3.9409133919713435,0.15485133798838102,-0.2051756673903626,-1.5146129380243427e-27,fordert,11.015505990229405
-1.707417894436123,-1.3728492222046746,0.29324495862866384,0.01642533042376187,-2.196188760135297e-27,ben-gvir forder+t,6.037050697854999
-0.5691828089450333,-2.030606678584514,0.09897721195549439,0.01586086782336533,-9.34011311781678e-28,gezielte,7.354294969573196
-3.569573925830311,-0.22051804044308154,0.15925102343670405,0.08249258979934539,-1.135959703518257e-27,forder+t ge+ziel+t+e,3.849850305976968
1.8566275286190281,-3.503781887761896,0.0962388314555642,0.07267474821513256,-1.1107161545511846e-27,Tötungen,10.192212843327813
-0.6154900632559208,-2.0005308219662945,0.0722396397050762,0.05807293442554658,-7.573064690121713e-28,ge+ziel+t+e tötung+en,7.2996375191921805
6.1554236835935,-6.085748272112024,-0.2717365480661891,0.05663059112422089,1.1107161545511846e-27,Gazastreifen,15.211889178262982
-2.7143872859271765,-0.7291767846576178,0.04013411021400357,0.12759735577241318,-3.7865323450608567e-28,tötung+en gazastreifen,4.846705762263902
28.67805937964296,-19.703787456769895,-0.7635765023289542,0.25406569722354866,2.8272774843121063e-27,Israels,41.536349352655414
0.4140548404517155,-2.6328565007037863,-0.34832615378370524,0.15778546186016876,2.0447274663328626e-27,gazastreifen israel+s,8.514514599850754
0.6612400539415706,-2.7742265489000166,-0.02759108940333986,0.20708402170658063,-1.7670484276950664e-28,Sicherheitsminister,8.794246973395154
0.6612400539415706,-2.7742265489000166,-0.02759108940333986,0.20708402170658063,-1.7670484276950664e-28,israel+s sicherheit+s+minister,8.794246973395154
23.048533286976944,-16.543753042242017,0.3539792942290868,0.10643257926875366,-4.4428646182047385e-27,Itamar,35.066806145428295
0.6243807551645961,-2.856631055406856,0.4478757697211445,0.1502912616717965,-3.458366208488916e-27,sicherheit+s+minister itamar,8.797729069982715
24.403616546015627,-17.469065732734425,0.5105564117261919,0.07692691996214969,-5.62931141965714e-27,itamar ben-gvir,36.702415760752494
-3.9055406716832093,-0.042729885516758825,0.2804430641733464,0.14163151663310505,-1.9689968194316455e-27,forder+t nacht,3.4686518037772944
3.870805767908709,-4.728556772942374,0.12229923360301626,-0.01254363438141309,-1.4136387421560532e-27,Menschen,12.548614092138816
0.5945464210148037,-2.734954799253953,0.08818283838753031,0.0016978100357929096,-9.34011311781678e-28,nacht mensch+en,8.714541302308742
-2.6524938921502548,-0.7714613218266777,0.04799241996308576,0.1835519340874909,-4.543838814073028e-28,mensch+en gazastreifen,4.921553857130496
0.9719484179350237,-2.974378532836786,0.1575360678776851,0.017139981897913964,-1.4388822911231255e-27,töten,9.160271582826116
-4.342668265016529,0.24535354075597815,0.147207575097293,0.14873134166994387,-1.0097419586828951e-27,gazastreifen töt+en,2.9477040095804807
-3.375417235291718,-0.3900163874078193,0.4350620604643036,-0.06715522321866578,-3.0292258760486853e-27,kritisiert,4.098962774456111
-4.405227393415458,0.283657720170998,0.14171004922749167,0.15248260862425395,-9.592548607487504e-28,töt+en kritisier+t,2.874455626175496
-4.45286313250896,0.312816010928344,0.13771874151200564,0.15493941619784435,-9.34011311781678e-28,Ministerpräsident,2.8186808821362765
-4.45286313250896,0.312816010928344,0.13771874151200564,0.15493941619784435,-9.34011311781678e-28,kritisier+t minister+präsident,2.8186808821362765
-4.516722981161679,0.3518911579431365,0.13265450209004603,0.15773454502501996,-9.087677628146056e-28,Netanjahu,2.7439115451394587
-4.516722981161679,0.3518911579431365,0.13265450209004603,0.15773454502501996,-9.087677628146056e-28,minister+präsident netanjahu,2.7439115451394587
13.677460144160943,-10.66097114371307,-0.07886074065222679,-0.20512987895343684,-7.068193710780266e-28,Der,24.011259863218235
11.657621291820991,-9.431609545280581,-0.05724077144220288,0.10698358840285775,-7.573064690121713e-28,Minister,21.647457163208628
-4.569133141408027,0.38643197163219556,0.1189040360974083,0.14261348170812013,-8.077935669463161e-28,israelisch+e minister,2.6813769077892573
-4.5841605844726185,0.3971032031328099,0.11139553555198933,0.1316715921057327,-7.573064690121713e-28,nationale,2.663089136949482
-1.1817324882964568,-1.6569441012212787,0.058387773063756046,0.08526262798509263,-6.310887241768094e-28,minister national+e,6.6376754504175475
-1.2861294561983296,-1.60705251391343,0.167454172227968,0.07253374497387828,-1.3631516442219084e-27,Sicherheit,6.520795762825855
-1.2861294561983296,-1.60705251391343,0.167454172227968,0.07253374497387828,-1.3631516442219084e-27,national+e sicherheit,6.520795762825855
-4.595071958393536,0.4070603551312981,0.09397617528952529,0.10198973240952254,-6.310887241768094e-28,sicherheit ge+ziel+t+e,2.6488018609025707
0.47701857019103766,-2.6745832743081017,0.15665637350286182,-0.12806008309126365,-1.3883951931889808e-27,gefordert,8.581351531790025
-4.474616267470972,0.3384249327493396,0.02868279449553375,-0.03463351639397519,-1.5146129380243427e-28,gazastreifen ge+forder+t,2.788061279896351
-2.663176904711431,-0.7594088513467918,-0.013219920850176023,-0.09092193652294983,2.524354896707238e-29,Ich,4.9064584540874066
-2.7355406457411844,-0.7136437989525097,0.0011215233956648335,-0.05428899501626691,-7.573064690121713e-29,denke,4.820731860243817
-2.7355406457411844,-0.7136437989525097,0.0011215233956648335,-0.05428899501626691,-7.573064690121713e-29,ich denk+e,4.820731860243817
-2.845672891325801,-0.6460107679754983,0.028507453654746863,0.030482270465571348,-2.7767903863779616e-28,denk+e ge+ziel+t+e,4.691290723419754
6.769853538027966,-6.491378363645289,0.11250751874853412,0.05864274371640228,-1.5651000359584874e-27,Gaza,15.941440646602842
-1.2843351469552884,-1.6088668164331037,0.16192662651808087,0.09916359511642286,-1.337908095254836e-27,tötung+en gaza,6.5234221194695055
-2.7262768157758863,-0.7200690567546832,0.027212279162838804,0.10698225801724501,-3.0292258760486853e-28,ausführen,4.831972702473671
-2.7262768157758863,-0.7200690567546832,0.027212279162838804,0.10698225801724501,-3.0292258760486853e-28,gaza aus+führ+en,4.831972702473671
-4.093574717413386,0.1068019130333453,0.07395996237880635,0.04208948213733896,-5.048709793414476e-28,aus+führ+en nacht,3.2334009201265355
-3.2485843257077707,-0.40713317443587504,0.10394038243808217,0.03154519813426146,-7.825500179792437e-28,entfernen,4.221785032613441
-4.769781078989437,0.5115966488778598,0.09454470630619813,0.12378831798627135,-6.058451752097371e-28,nacht entfern+en,2.4452790978256878
-1.5006596593715695,-1.4585918210333877,-0.13533563643994698,0.08165203585331525,7.32062920045099e-28,sagte,6.265203790221202
-4.014320322911207,0.05970245008574815,0.033244708095973456,-0.042046779852117536,-2.271919407036514e-28,entfern+en sag+te,3.3260099351212875
-4.793867623710698,0.5255456613412306,0.0968531306091613,0.13069571436630512,-6.310887241768094e-28,+2574,2.4174343001483223
-4.793867623710698,0.5255456613412306,0.0968531306091613,0.13069571436630512,-6.310887241768094e-28,sag+te +2574,2.4174343001483223
-4.8000331597716706,0.5291305403512325,0.09735525105808587,0.1322860654077393,-6.310887241768094e-28,+2574 char+s,2.4103003085438037
-0.5672775990446528,-2.04064935903709,0.1624360032067072,-0.10251130112270186,-1.337908095254836e-27,Politiker,7.3598312361039815
-3.579718772175551,-0.22308875359149027,0.2112660476450081,0.09584100230890565,-1.4893693890572703e-27,ben-gvir politiker,3.8417162651396874
-1.4879335637771653,-1.4775128905727648,-0.022351557516872234,-0.17646015616559138,0.0,fordern,6.28346911779197
-1.4879335637771653,-1.4775128905727648,-0.022351557516872234,-0.17646015616559138,0.0,politiker forder+n,6.28346911779197
-0.5212491595775663,-2.063214626651467,-0.11680092860712807,-0.1628900553388816,5.806016262426647e-28,EU-Sanktionen,7.4151167494782975
-2.1555261684306215,-1.082729948472113,-0.10326296142978883,-0.21327920577005027,6.058451752097371e-28,forder+n eu+-+sanktion+en,5.509193505262755
0.6954874576473804,-2.793376681312715,-0.16104998893123948,0.23956703033010882,7.32062920045099e-28,eu+-+sanktion+en israel+s,8.835629887103133
4.59620045515054,-5.151266645521639,-0.06761540480372258,0.17438279855395197,-2.0194839173657902e-28,israel+s minister,13.391412755713352
-0.8106981892418847,-2.2799489295411144,1.0509342548168015,-0.019647689318025928,-7.497334043220496e-27,minister ben-gvir,7.261564892533288
-1.659464844420273,-1.405348774940658,0.2294587495964254,0.20923282080762393,-1.792291976662139e-27,ben-gvir der,6.0963709865134135
-2.3322326146853074,-0.9818462142818842,0.19753627335604432,0.13878993647403873,-1.5146129380243427e-27,rechtsextreme,5.3019627301768235
-2.3322326146853074,-0.9818462142818842,0.19753627335604432,0.13878993647403873,-1.5146129380243427e-27,der rechtsextrem+e,5.3019627301768235
-2.847989214995657,-0.66368582790584,0.15954118486387184,0.15431701647522056,-1.2116903504194741e-27,rechtsextrem+e israelisch+e,4.6967024532707615
3.6949802138674768,-4.616352020513397,0.03897511035079375,0.15614525741416244,-8.582806648804608e-28,Polizeiminister,12.34184884405538
-1.878561601326326,-1.2544768483067559,0.18680614786935204,0.12768564673682978,-1.464125840090198e-27,israelisch+e polizei+minister,5.831322222737352
-2.9297160654282655,-0.6600409478478593,0.43609543945116014,-0.14107214361509438,-3.0544694250157577e-27,aufgerufen,4.619814440703749
-4.378841404326316,0.27041955531713224,0.09544845778745015,0.17857764972594314,-6.563322731438818e-28,polizei+minister auf+ge+ruf+en,2.904671185599243
-4.445650217332835,0.31178724519735534,0.08780215302957337,0.1766446973930928,-6.058451752097371e-28,auf+ge+ruf+en mensch+en,2.826221441254989
-3.837089865274805,-0.05454512749023133,0.09274702463046708,0.14259454502508914,-6.815758221109542e-28,gezielt,3.536282451682424
-4.5358300912368,0.3691087262490593,0.07077358069629949,0.161538805349525,-4.796274303743752e-28,gazastreifen ge+ziel+t,2.7196358577496293
-3.8520831806756863,-0.04348207257995762,0.07842539298026618,0.1327165284177848,-5.806016262426647e-28,ge+ziel+t töt+en,3.5179306712303124
-4.57838130666242,0.3967331096736382,0.05916456804091039,0.14760394681079272,-3.7865323450608567e-28,Deutsche,2.6690842130409593
-4.588678313084566,0.4041983555953206,0.05127103452127476,0.13636595778634314,-3.281661365719409e-28,deutsch+e politiker,2.656507786360089
-4.572831044864811,0.3957245190002656,0.035943451191864866,0.13115346633028088,-2.271919407036514e-28,setzen,2.6746786082440126
-4.572831044864811,0.3957245190002656,0.035943451191864866,0.13115346633028088,-2.271919407036514e-28,politiker setz+en,2.6746786082440126
-2.45347334308108,-0.9046358032248327,0.16293247808353573,-0.22691391626253776,-1.1864468014524018e-27,Konsequenzen,5.157918388508463
-4.525750543495285,0.36841971467231605,0.02077978067400104,0.12084929501662642,-1.262177448353619e-28,setz+en konsequenz+en,2.7293004496318107
-4.409750046516644,0.2996886547478843,0.008603571940777752,0.09529615763888709,-5.048709793414476e-29,außenpolitische,2.8642394033884524
-4.409750046516644,0.2996886547478843,0.008603571940777752,0.09529615763888709,-5.048709793414476e-29,der außenpolitisch+e,2.8642394033884524
-4.257169883774628,0.20865875692263414,-0.016318332811286487,0.04283759738481474,1.262177448353619e-28,Sprecher,3.042146304687047
-4.257169883774628,0.20865875692263414,-0.016318332811286487,0.04283759738481474,1.262177448353619e-28,außenpolitisch+e sprecher,3.042146304687047
-4.117250669764059,0.12355886652577452,-0.03494156543957046,0.005448452985354096,2.524354896707238e-28,Unionsfraktion,3.2060905587866078
-4.117250669764059,0.12355886652577452,-0.03494156543957046,0.005448452985354096,2.524354896707238e-28,sprecher union+s+fraktion,3.2060905587866078
-4.005719093545967,0.056673602411750235,-0.026353570720713357,0.03628057803942339,1.7670484276950664e-28,Bundestag,3.3360649069189563
-4.111487775754888,0.1190672061357354,0.004967006301390908,0.10497889715938077,-5.048709793414476e-29,union+s+fraktion bundestag,3.2129660174832666
-4.005751445443309,0.0542853691697458,0.00699861041367042,0.12266576907089004,-7.573064690121713e-29,Jürgen,3.3369635446460433
-4.005751445443309,0.0542853691697458,0.00699861041367042,0.12266576907089004,-7.573064690121713e-29,bundestag jürgen,3.3369635446460433
-3.894634720284295,-0.012720335868925181,0.0007451661786080505,0.12266688117730146,-2.524354896707238e-29,Hardt,3.4668014403506735
-3.894634720284295,-0.012720335868925181,0.0007451661786080505,0.12266688117730146,-2.524354896707238e-29,jürgen hardt,3.4668014403506735
-3.5110916755562576,-0.24232620120316373,-0.05007249183158277,0.05019183096124928,3.0292258760486853e-28,hardt eu+-+sanktion+en,3.9143751455577305
2.286763540505855,-3.8767157914357613,0.4452553690212476,0.18120613217874762,-3.559340404357205e-27,minister itamar,10.747964029090896
-1.7799742590835441,-1.3100252527914527,0.2040427386599645,-0.013510578717930665,-1.5651000359584874e-27,ben-gvir ge+forder+t,5.943794987191362
-4.411596259625975,0.29379741296165207,0.08373959375536595,0.14920892747703163,-5.806016262426647e-28,zuv…,2.8646621472896188
-4.411596259625975,0.29379741296165207,0.08373959375536595,0.14920892747703163,-5.806016262426647e-28,polizei+minister zuv…,2.8646621472896188
-4.443820388197892,0.3134324434880904,0.08092181765752914,0.1507328844932072,-5.553580772755923e-28,+3270,2.82698010640235
-4.443820388197892,0.3134324434880904,0.08092181765752914,0.1507328844932072,-5.553580772755923e-28,zuv… +3270,2.82698010640235
-4.47300832418256,0.3312195830032092,0.0783747754767029,0.15199392247694382,-5.301145283085199e-28,+3270 chars,2.792847022559113
-2.3580757132599546,-0.9519984796283318,-0.21249218541913337,0.2234706260126553,1.3126645462877636e-27,israel israel+s,5.271048129843526
-1.5426509790355132,-1.4375586234088233,-0.13341723851755868,0.1932915852138264,7.068193710780266e-28,israel+s polizei+minister,6.2186390370687805
-3.596229092741929,-0.1913092137062511,-0.0022559935642273016,0.06779004582116718,-2.524354896707238e-29,polizei+minister forder+t,3.8144296775892514
-0.5316875539211834,-2.0571739363771417,0.11420510750384309,-0.11413654546430521,-1.0097419586828951e-27,mehr,7.399560105159139
-3.6930030334696546,-0.13617720971226643,0.06632971207174751,0.07894603051636667,-4.796274303743752e-28,forder+t mehr,3.70205676200929
-3.758349512063436,-0.10336953058678544,0.12482372522446822,0.10953779680801137,-8.835242138475332e-28,mehr tötung+en,3.628329234768242
-3.4992924072911347,-0.33872764850951675,0.44623559915277267,0.1553533466482442,-3.130200071916975e-27,gaza itamar,3.966809383363417
-3.900409692794344,-0.060182785273591444,0.3298047827641468,0.16256726701117993,-2.2971629560035864e-27,verlangt,3.481346832120409
-3.900409692794344,-0.060182785273591444,0.3298047827641468,0.16256726701117993,-2.2971629560035864e-27,ben-gvir verlang+t,3.481346832120409
-1.307299397150163,-1.588967584509652,0.052892054901151016,-0.19023384556514614,-5.301145283085199e-28,Podcast,6.494471725385856
-4.224544240991552,0.16392512698077355,0.20400992430296347,0.16250382395221552,-1.4136387421560532e-27,verlang+t podcast,3.090043054360302
-4.351494595603603,0.2472661620878278,0.16340711714071898,0.16269265499075314,-1.135959703518257e-27,podcast nacht,2.938942520316483
-1.4299062722224862,-1.5264859811295253,0.21132439208635545,0.05533210544682815,-1.6408306828597046e-27,mensch+en gaza,6.355363995485182
-4.503476409414899,0.34831931029529306,0.10466167187161926,0.13929135150450692,-7.068193710780266e-28,gaza entfern+en,2.757487443143262
-4.531039160686772,0.36883874239935754,0.07930815066569684,0.11287334009994174,-5.301145283085199e-28,meint,2.7236209425303217
-4.531039160686772,0.36883874239935754,0.07930815066569684,0.11287334009994174,-5.301145283085199e-28,entfern+en mein+t,2.7236209425303217
-4.539669133972769,0.37768365862818953,0.0472978455119104,0.06948204160421803,-3.0292258760486853e-28,militante,2.712055901384315
-4.539669133972769,0.37768365862818953,0.0472978455119104,0.06948204160421803,-3.0292258760486853e-28,mein+t militant+e,2.712055901384315
4.7259899328101715,-5.2285293867127445,-0.020855256671370073,0.046074335912167017,-5.048709793414476e-28,Palästinenser,13.541385464917093
-4.5305564341087265,0.3732190208509587,0.03094859872583737,0.04290907615609692,-1.7670484276950664e-28,militant+e palästinenser,2.722353381973706
-4.488694933938351,0.347754381789539,-0.0004089680027169751,-0.015071124581278898,5.048709793414476e-29,Mehrere,2.7716931971458156
-4.437263842308477,0.31412104119430384,-0.025029876886759117,-0.06546708517061524,2.271919407036514e-28,mehrere politiker,2.8333598533739
-4.688101532768194,0.46837534494958644,-0.02147442068850347,-0.005124464524838154,2.0194839173657902e-28,mensch+en entfern+en,2.539027153905651
-3.238129154731562,-0.4319433045118024,-0.2978025840619021,-0.012964819996014006,1.994240368398718e-27,Vorsitzende,4.249749698990599
-4.5906387511398545,0.4028440370185875,-0.06361969525655375,-0.09753146795156976,5.048709793414476e-28,sag+te vor+sitz+end+e,2.656752059420238
-2.369560823546652,-0.9358432702229535,-0.12886983496122104,-0.014734357721488942,7.825500179792437e-28,Partei,5.250964197577715
-4.604575007604365,0.4111859184758806,-0.06504378996569085,-0.0973937772263987,5.048709793414476e-28,vor+sitz+end+e partei,2.640534800720243
-4.693179003970565,0.4701382605667681,-0.03734830111522659,-0.031595672426778784,3.281661365719409e-28,Ozma,2.5339536975810613
-4.693179003970565,0.4701382605667681,-0.03734830111522659,-0.031595672426778784,3.281661365719409e-28,partei ozma,2.5339536975810613
-4.727875119604886,0.4922914727504475,-0.026646075660718027,-0.0060727307142129545,2.524354896707238e-28,Jehudit,2.492701489606723
-4.727875119604886,0.4922914727504475,-0.026646075660718027,-0.0060727307142129545,2.524354896707238e-28,ozma jehudit,2.492701489606723
-4.768895886082157,0.5178094059679976,-0.014557593287017431,0.02312517582433555,1.5146129380243427e-28,Jüdische,2.4442842942261978
-4.768895886082157,0.5178094059679976,-0.014557593287017431,0.02312517582433555,1.5146129380243427e-28,jehudit jüdisch+e,2.4442842942261978
-3.0242656123357894,-0.5382207176737137,-0.06515930999381767,0.1290945105778372,3.534096855390133e-28,Kraft,4.484429202685788
-4.796861112564679,0.5348256246203829,-0.006944994279423702,0.04194366641991562,1.0097419586828951e-28,jüdisch+e kraft,2.4114804675925883
-4.822304327031828,0.5500860567354298,-0.0006634438277253879,0.057951142496670854,5.048709793414476e-29,beziehe,2.3817567569719413
-4.845512660864387,0.5638656722970501,0.0044067986237378565,0.07141131685155352,2.524354896707238e-29,dabei,2.354724023955403
-4.845512660864387,0.5638656722970501,0.0044067986237378565,0.07141131685155352,2.524354896707238e-29,bezieh+e dabei,2.354724023955403
-4.862952938359225,0.5741585444913293,0.007753737863935184,0.08072271815780234,0.0,nur…,2.334447196268803
-4.862952938359225,0.5741585444913293,0.007753737863935184,0.08072271815780234,0.0,dabei nur…,2.334447196268803
-4.87067252847754,0.5787026628560166,0.009102465327426895,0.0846133248297924,0.0,+3206,2.325479683147006
-4.87067252847754,0.5787026628560166,0.009102465327426895,0.0846133248297924,0.0,nur… +3206,2.325479683147006
-4.877864971345311,0.5829317536557643,0.010284859983187289,0.08810879477852077,-2.524354896707238e-29,+3206 chars,2.3171278199014873
-4.361990129235374,0.2517133847144464,-0.2643415087045712,0.18041911793993753,1.8175355256292112e-27,Panzerschlacht,2.9344096700209645
-4.361990129235374,0.2517133847144464,-0.2643415087045712,0.18041911793993753,1.8175355256292112e-27,nach panzer+schlacht,2.9344096700209645
-4.018417583059819,0.03891136417264529,-0.3004806270453424,0.1947407480728482,2.0194839173657902e-27,verschollen,3.339073666562741
-4.018417583059819,0.03891136417264529,-0.3004806270453424,0.1947407480728482,2.0194839173657902e-27,panzer+schlacht verschollen,3.339073666562741
-2.7568477017291064,-0.7353938257830195,-0.38178788715343526,0.2248893489822416,2.4991113477401654e-27,verschollen israel,4.820440411624434
-3.7127536610243452,-0.1495453135790965,-0.32697070767564984,0.20063157913234292,2.196188760135297e-27,birgt,3.6985351006476312
-3.7127536610243452,-0.1495453135790965,-0.32697070767564984,0.20063157913234292,2.196188760135297e-27,israel berg+t,3.6985351006476312
-4.004906543404167,0.03061847679587526,-0.304281358663653,0.1862924317401437,2.0447274663328626e-27,Leiche,3.3549630241128945
-4.004906543404167,0.03061847679587526,-0.304281358663653,0.1862924317401437,2.0447274663328626e-27,berg+t leiche,3.3549630241128945
-4.270943233553146,0.19530542917887717,-0.2800743557037534,0.16523479650613077,1.9185097214975007e-27,jahrzehntelang,3.0417032295881477
-4.270943233553146,0.19530542917887717,-0.2800743557037534,0.16523479650613077,1.9185097214975007e-27,leiche jahrzehntelang,3.0417032295881477
-4.445943488785331,0.3039097665279342,-0.2629141505881758,0.13933387035349348,1.8175355256292112e-27,vermisstem,2.835449253618659
-4.445943488785331,0.3039097665279342,-0.2629141505881758,0.13933387035349348,1.8175355256292112e-27,jahrzehntelang vermiss+t+em,2.835449253618659
-4.516132971700032,0.34733003355892245,-0.2571466043328199,0.11847236540667662,1.792291976662139e-27,Soldaten,2.7527878828366608
-4.516132971700032,0.34733003355892245,-0.2571466043328199,0.11847236540667662,1.792291976662139e-27,vermiss+t+em soldat+en,2.7527878828366608
-3.8386396345402636,-0.07103381696959987,-0.31813694922448343,0.04858115612768277,2.1709452111682245e-27,Juni,3.549691126704337
-4.5523499760892,0.3698395668730903,-0.25263424226946374,0.08946776246459166,1.7670484276950664e-27,soldat+en juni,2.710011878968843
-2.8397576757925016,-0.6831881346487201,-0.3829498068152877,0.06801503336893903,2.5243548967072378e-27,1982,4.7221218285804305
-3.8126430567753262,-0.08482465956155694,-0.30294258905721516,0.028577817134760725,2.069971015299935e-27,juni 1982,3.5787818273965857
-3.7686605318181923,-0.11063081281691578,-0.29035819090282977,0.001297471432939571,1.9689968194316455e-27,verschwindet,3.62950058575311
-3.7686605318181923,-0.11063081281691578,-0.29035819090282977,0.001297471432939571,1.9689968194316455e-27,1982 verschwind+et,3.62950058575311
-3.5667534122220528,-0.23206941513688228,-0.23819121688128533,-0.09407247918788021,1.6155871338926322e-27,verschwind+et israelisch+e,3.864030194995167
-3.7094750340561333,-0.12429878921093107,-0.09815976562044224,0.021168772110121012,6.563322731438818e-28,Obergefreite,3.684253053113638
-3.7094750340561333,-0.12429878921093107,-0.09815976562044224,0.021168772110121012,6.563322731438818e-28,israelisch+e ober+gefreite,3.684253053113638
-3.5743100418039435,-0.2110365507457772,0.10269052274542464,0.07879432986870544,-7.573064690121713e-28,Jehuda,3.8417712808992555
-3.5743100418039435,-0.2110365507457772,0.10269052274542464,0.07879432986870544,-7.573064690121713e-28,ober+gefreite jehuda,3.8417712808992555
-3.143832611829348,-0.5238846274368179,0.365282203499497,0.10532146328109913,-2.600085543608455e-27,jehuda katz,4.367891565297194
-3.6910426326867003,-0.1426292170936776,0.11411165163810036,0.10320245349926085,-8.330371159133885e-28,Libanon-Krieg,3.7063822690393677
-3.6910426326867003,-0.1426292170936776,0.11411165163810036,0.10320245349926085,-8.330371159133885e-28,katz libanon+-+krieg,3.7063822690393677
-4.0029958886122134,0.053515080177462204,-0.07189529341843498,0.11219906037747157,4.796274303743752e-28,Leichen,3.3409306161843313
-4.0029958886122134,0.053515080177462204,-0.07189529341843498,0.11219906037747157,4.796274303743752e-28,der leiche+n,3.3409306161843313
-4.665349011311029,0.4507440495311301,-0.11661947504381409,0.13739022604247397,8.330371159133885e-28,zweier,2.569459990986841
-4.665349011311029,0.4507440495311301,-0.11661947504381409,0.13739022604247397,8.330371159133885e-28,leiche+n zwei,2.569459990986841
-4.679226703716606,0.4554139246493407,-0.16593823048359269,0.14424904034183578,1.1612032524853294e-27,Kameraden,2.555959256957049
-4.679226703716606,0.4554139246493407,-0.16593823048359269,0.14424904034183578,1.1612032524853294e-27,zwei kamerad+en,2.555959256957049
-1.3730774705619249,-1.5792938081030212,-0.45848364265598285,0.12788165519577674,2.928251680180396e-27,bereits,6.44198344588293
-4.641441004845731,0.43076807884934754,-0.18218327565111955,0.15491473060624766,1.2621774483536189e-27,kamerad+en bereits,2.601320961750031
-4.599541129152492,0.40557645544085785,-0.17815015351915517,0.1621115739620556,1.2369338993865465e-27,seit,2.650159137875358
-4.599541129152492,0.40557645544085785,-0.17815015351915517,0.1621115739620556,1.2369338993865465e-27,bereits seit,2.650159137875358
-4.567775487854295,0.38654081965151876,-0.17437440274437185,0.16684863689183152,1.2116903504194741e-27,Längerem,2.68713933841258
-4.567775487854295,0.38654081965151876,-0.17437440274437185,0.16684863689183152,1.2116903504194741e-27,seit lang+er+em,2.68713933841258
-4.49481432828491,0.3429980976616098,-0.16305551675329785,0.1762228502685788,1.135959703518257e-27,geborgen,2.7719395925104906
-4.49481432828491,0.3429980976616098,-0.16305551675329785,0.1762228502685788,1.135959703518257e-27,lang+er+em ge+borg+en,2.7719395925104906
-3.8933093663121006,-0.025589905852135164,0.06496168579323483,0.22395069830665437,-5.048709793414476e-28,ge+borg+en katz,3.473835677263427
-4.050459828358461,0.07344770264021871,-0.15302627724590606,0.21081908831311502,1.0097419586828951e-27,Leichnam,3.291521415687942
-4.050459828358461,0.07344770264021871,-0.15302627724590606,0.21081908831311502,1.0097419586828951e-27,katz leichnam,3.291521415687942
-3.904975738372898,-0.03121555913557339,-0.3080603057404331,0.20682761971449265,2.069971015299935e-27,gefunden,3.4725661732232287
-3.904975738372898,-0.03121555913557339,-0.3080603057404331,0.20682761971449265,2.069971015299935e-27,leichnam ge+find+en,3.4725661732232287
-0.04431917390333684,-2.361011395066872,-0.3478396381237021,0.2358959042985545,2.069971015299935e-27,Israelische,7.98186336227595
-3.9852322960151114,0.018379108725725013,-0.30252085997454903,0.19925856176501341,2.0447274663328626e-27,Panzer,3.378133333054907
-3.9852322960151114,0.018379108725725013,-0.30252085997454903,0.19925856176501341,2.0447274663328626e-27,israelisch+e panzer,3.378133333054907
-4.194091324128693,0.14758735740557083,-0.28335550352373995,0.1875322013566224,1.9185097214975007e-27,rollen,3.1322531557424678
-4.194091324128693,0.14758735740557083,-0.28335550352373995,0.1875322013566224,1.9185097214975007e-27,panzer rolle+n,3.1322531557424678
-4.325183776808107,0.22890978833898856,-0.26990780428006955,0.1776423921092498,1.8427790745962836e-27,rolle+n 1982,2.9777798806433453
-4.493029088272758,0.3333025993547871,-0.25106695189818873,0.15933567378921387,1.741804878727994e-27,südlichen,2.7798191870480364
-4.493029088272758,0.3333025993547871,-0.25106695189818873,0.15933567378921387,1.741804878727994e-27,1982 südlich+en,2.7798191870480364
-4.562110972777575,0.37634530655631493,-0.24301446421970826,0.1478799354342775,1.6913177807938493e-27,südlich+en libanon,2.6982883728640625
-2.805188669442491,-0.6737950834984114,-0.16424582997222595,0.12907251021145494,1.0097419586828951e-27,Foto,4.743569178099156
-2.895465446878544,-0.6193864776096345,-0.16698342566600058,0.12365654405772543,1.0349855076499675e-27,picture,4.63820712401674
-2.895465446878544,-0.6193864776096345,-0.16698342566600058,0.12365654405772543,1.0349855076499675e-27,foto picture,4.63820712401674
-4.659489548964633,0.4369125230763542,-0.23315260813969033,0.11778836620269484,1.6408306828597046e-27,alliance/AP,2.5834054027839697
-4.659489548964633,0.4369125230763542,-0.23315260813969033,0.11778836620269484,1.6408306828597046e-27,picture alliance/ap,2.5834054027839697
-4.666370561999464,0.44339154870946595,-0.21589791332987265,0.10022693194455248,1.5146129380243427e-27,Images,2.573852365922875
-4.666370561999464,0.44339154870946595,-0.21589791332987265,0.10022693194455248,1.5146129380243427e-27,alliance/ap image+s,2.573852365922875
-4.6457089484912615,0.43349956508235565,-0.19367139115449153,0.07564248002539466,1.3631516442219084e-27,image+s juni,2.5962398045410304
-4.772209898952184,0.5182325763274016,-0.04260384120343773,0.12099799793769361,3.281661365719409e-28,zweier…,2.4419115489479193
-4.772209898952184,0.5182325763274016,-0.04260384120343773,0.12099799793769361,3.281661365719409e-28,leiche+n zweier…,2.4419115489479193
-4.807443544593344,0.5392059041060855,-0.05889989474910748,0.12280802459854175,4.543838814073028e-28,+1574,2.401173999742833
-4.807443544593344,0.5392059041060855,-0.05889989474910748,0.12280802459854175,4.543838814073028e-28,zweier… +1574,2.401173999742833
-4.827000564413643,0.5507874150233674,-0.06706795946002511,0.12392878305467231,5.048709793414476e-28,+1574 char+s,2.378579555966566
5.310131218917804,-5.966771968912056,0.3894217668177383,-1.4468875550263003,-3.130200071916975e-27,Zentralrat,14.41292417190526
-4.238430474928546,0.12545510354386913,0.475114751811725,-0.2577623727553699,-3.205930718818192e-27,ben-gvir zentralrat,3.092765341705612
8.003920526644485,-7.4888907937417475,0.04183790238226523,-1.1373686203992937,-9.844984097158227e-28,Juden,17.511504454807646
5.231126622016503,-5.914741513235801,0.3559689270559935,-1.4318971827379559,-2.9030081312133234e-27,zentralrat jude+n,14.318970012941662
-2.920453488352404,-0.7547670050556721,0.6562988101436658,-0.6120447311088842,-4.493351716138883e-27,distanziert,4.672112166678541
-2.920453488352404,-0.7547670050556721,0.6562988101436658,-0.6120447311088842,-4.493351716138883e-27,jude+n distanzier+t,4.672112166678541
-4.482242224547778,0.2888885587234449,0.422942080642989,-0.1758291030473559,-2.8525210332791787e-27,israelischem,2.8006247793992
-4.871055657394815,0.546174014570632,0.3251047414430369,-0.024638101970605297,-2.1709452111682245e-27,distanzier+t israelisch+em,2.3367509809125844
-4.3831019720850755,0.23720020632229732,0.362695953887359,-0.269140275147873,-2.4233807008389483e-27,israelisch+em minister,2.9129074716319923
-4.7492714007155055,0.4861466022182941,0.22205460503048954,-0.17136645208034024,-1.4388822911231255e-27,minister der,2.473262273498895
0.3718950628239197,-2.945954168534679,0.501560669506303,-1.380161563822398,-3.559340404357205e-27,der zentralrat,8.623231056693491
-4.747631720335553,0.4631464704335255,0.3671286456287628,-0.06954434014515229,-2.4486242498060206e-27,menschenverachtenden,2.484538670370594
-4.747631720335553,0.4631464704335255,0.3671286456287628,-0.06954434014515229,-2.4486242498060206e-27,jude+n menschenverachtend+en,2.484538670370594
-3.1314080976717498,-0.8031383875405651,1.038258064148708,-0.243589842826357,-7.194411455615628e-27,Worte,4.511532758624682
-4.628459354621953,0.3289484209246969,0.5588196406058195,0.0024133495758303196,-3.811775894027929e-27,menschenverachtend+en wort+e,2.6530955402955936
-4.207387371167398,-0.014014542088412796,0.7680077441135784,-0.050589025031919616,-5.275901734118127e-27,wort+e itamar,3.187381836181365
-3.876653067231835,-0.14533930806357542,0.5756223948038564,0.07371406260066277,-3.988480736797436e-27,verurteilt,3.5416435473336905
-4.58745324418146,0.2695091125732807,0.6347891575579611,0.03697549351826043,-4.341890422336449e-27,ben-gvir verurteil+t,2.7178210017065942
-4.036015560649658,-0.15266217863424436,0.8378613093915986,-0.07175759564025899,-5.755529164492502e-27,Dieser,3.4045878587742355
-4.222592241201283,0.17810221699586593,0.1536867669196036,0.036323308600709994,-1.0349855076499675e-27,zuvor,3.0848577213788495
-4.85615100979906,0.5117992814666172,0.41628043721055785,0.03151633589923879,-2.802033935345034e-27,dieser zuvor,2.3659929830946616
-4.888370918597334,0.5444488060161303,0.37027549364652557,0.018581243229929094,-2.473867798773093e-27,Massentötung,2.3222249574516196
-4.888370918597334,0.5444488060161303,0.37027549364652557,0.018581243229929094,-2.473867798773093e-27,zuvor masse+n+tötung,2.3222249574516196
-2.749138529332967,-0.8002469004907029,0.5210605817476358,-0.05684311377402669,-3.660314600225495e-27,Palästinensern,4.845728243025303
-4.909146076919424,0.5724961812401563,0.3076005042935136,-0.012973822545216035,-2.0447274663328626e-27,masse+n+tötung palästinenser+n,2.290845875014773
-4.887701173699132,0.5696414312865019,0.2534238950696205,-0.06500044397266636,-1.666074231826777e-27,palästinenser+n auf+ge+ruf+en,2.311393741941131
-2.72819920906519,-0.7449850790665735,0.2109363175751021,-0.25291012142718305,-1.4893693890572703e-27,Deutschland,4.839442314751318
-2.72819920906519,-0.7449850790665735,0.2109363175751021,-0.25291012142718305,-1.4893693890572703e-27,jude+n deutschland,4.839442314751318
-4.892063406810123,0.560382034550327,0.31693706728742554,-0.01721120159104921,-2.1204581132340797e-27,Äußerungen,2.311572358123807
-4.892063406810123,0.560382034550327,0.31693706728742554,-0.01721120159104921,-2.1204581132340797e-27,deutschland äußerung+en,2.311572358123807
-3.8726714465467964,-0.06621337577764752,0.35406744758101405,-0.07226430007918215,-2.4233807008389483e-27,rechtsextremen,3.507240322379868
-4.87194398073247,0.5329935876224432,0.3774251406056448,0.01336914687080277,-2.5243548967072378e-27,äußerung+en rechtsextrem+en,2.3420813930585496
-3.817776446676409,-0.13128695729212425,0.4638882481644049,-0.023810629785472322,-3.205930718818192e-27,rechtsextrem+en israelisch+en,3.5862686941138686
-4.677432680746194,0.34566352786085,0.5807457383632817,0.046263119790520404,-3.963237187830363e-27,Ministers,2.602307709168349
-4.677432680746194,0.34566352786085,0.5807457383632817,0.046263119790520404,-3.963237187830363e-27,israelisch+en minister+s,2.602307709168349
-4.3303815273173685,0.018589531472450238,0.8205894963490403,0.04935398799839179,-5.6545549686242126e-27,minister+s itamar,3.0646928861135168
-2.676557347761533,-0.83376640215142,0.4688744530052753,0.03266134936831612,-3.332148463653554e-27,Massentötungen,4.926213492715096
-4.679548497799073,0.33607810807081795,0.6022031640094968,0.06354457081489577,-4.1146984816327976e-27,ben-gvir masse+n+tötung+en,2.605160897666542
-4.879107382166714,0.5124176658498476,0.44967725921861135,0.07007098870901435,-3.0544694250157577e-27,Palästinenserinnen,2.3456006170054158
-4.879107382166714,0.5124176658498476,0.44967725921861135,0.07007098870901435,-3.0544694250157577e-27,masse+n+tötung+en palästinenser+in+nen,2.3456006170054158
-4.941397992611037,0.5633336540282525,0.40368795737081853,0.076608572875582,-2.7263032884438168e-27,palästinenser+in+nen palästinenser+n,2.2667011420674217
-4.906452194525422,0.5302720391328934,0.4418972849805177,0.0817293943829695,-2.9787387781145406e-27,stark,2.313117763646534
-4.906452194525422,0.5302720391328934,0.4418972849805177,0.0817293943829695,-2.9787387781145406e-27,palästinenser+n stark,2.313117763646534
-4.872406396650643,0.4988924324330204,0.47441212666541577,0.08387583163539672,-3.2311742677852644e-27,stark kritisier+t,2.357976228027421
-4.5866785015267455,0.2322122891866636,0.6996637348480289,0.08608280378058582,-4.796274303743752e-27,Ben…,2.736877552798821
-4.80097640850186,0.43238498585101404,0.5383070628506356,0.08693512672577754,-3.660314600225495e-27,+910,2.452503142484654
-4.80097640850186,0.43238498585101404,0.5383070628506356,0.08693512672577754,-3.660314600225495e-27,ben… +910,2.452503142484654
-4.872744891943092,0.49785974468501615,0.47733115846485263,0.08621747891982925,-3.2311742677852644e-27,+910 chars,2.3581806872792823
-4.203472885330579,0.17095140497059402,-0.05243807278843479,0.18456238069357492,3.534096855390133e-28,Zutiefst,3.108515035078118
-3.3692833802372224,-0.35573542397678226,0.22792084955815953,0.11918693462856757,-1.6408306828597046e-27,beschämend,4.09019097019183
-4.078695403981628,0.09516404065436324,-0.07025362552505698,0.18887356753467344,4.543838814073028e-28,zutiefst beschämend,3.2547764389652243
-2.821523585414858,-0.6905519507175608,0.2316611307532048,0.1328532097673996,-1.6913177807938493e-27,Aussagen,4.732060801026574
-3.734222821733327,-0.11477316149413541,-0.11772345093551653,0.20041164306085105,7.573064690121713e-28,beschämend aussage+n,3.658899735307409
-2.4641493782062716,-0.8917883722566056,-0.2479155203944334,0.22886831962517107,1.539856486991415e-27,Israel-Minister,5.1497068616871875
-2.4641493782062716,-0.8917883722566056,-0.2479155203944334,0.22886831962517107,1.539856486991415e-27,aussage+n israel+-+minister,5.1497068616871875
-3.7457486773846074,-0.1048987115658031,-0.09168816029655785,0.16942919538632215,5.806016262426647e-28,sorgen,3.6434450583970346
-3.7457486773846074,-0.1048987115658031,-0.09168816029655785,0.16942919538632215,5.806016262426647e-28,israel+-+minister sorg+en,3.6434450583970346
-1.7839992142822299,-1.357855854381453,0.39259023593365006,0.07752379723772285,-2.877764582246251e-27,Entsetzen,5.962357396627553
-3.9063319220097967,-0.005140036901386313,-0.05216616639564409,0.12634153967703537,3.281661365719409e-28,sorg+en entsetzen,3.4537098697058886
-3.8060138804343304,-0.06623208970499328,-0.06195853159268369,-0.027667243778069447,4.291403324402304e-28,entsetzen jude+n,3.5709225853177795
-2.4725352734783224,-0.8763822293392609,0.015518624585243071,-0.11296538329116615,-2.0194839173657902e-28,Zentralrat-Präsident,5.12958734894627
-3.8714518763533463,-0.026643227848247797,0.014922977022441067,-0.04796724872085928,-1.0097419586828951e-28,deutschland zentralrat+-+präsident,3.493195455639003
-2.328391577859133,-0.9732065229820992,0.15244874558219862,-0.14509024560736095,-1.135959703518257e-27,Josef,5.30078501784167
-2.8714394477502996,-0.6642192341782143,0.26746837511939703,0.09380633621544664,-1.943753270464573e-27,zentralrat+-+präsident josef,4.675069565622492
-1.3738123086373282,-1.5878289060048818,0.34277664154336995,-0.25531624908000833,-2.4991113477401654e-27,Schuster,6.432260460632899
-2.1601831417095845,-1.0826932487559882,0.2060526860480997,-0.17131438236962238,-1.5146129380243427e-27,josef schuster,5.5004450575304995
-1.4433530785047095,-1.647073301865579,0.6375804571615071,-0.03891261794200904,-4.5690823630401004e-27,nennt,6.399306575441716
-2.410985667146921,-1.0097955679038964,0.4923340744376886,0.0827727624366545,-3.534096855390133e-27,schuster nenn+t,5.244266042355249
5.501729161812659,-6.146983313816387,1.0094732152074064,-0.01073722669168567,-7.674038885990003e-27,Ben-Gvirs,14.66391965827451
-0.3179513904524063,-2.4805825574191482,0.9059044351758059,-0.0508432369103589,-6.512835633504673e-27,nenn+t ben-gvir+s,7.789183507317079
-1.2040115032158818,-1.6960019755154185,0.377447474199921,-0.11141694895829284,-2.7767903863779616e-27,Forderung,6.633321905282795
-2.404887327889181,-0.9618236482427509,0.3626337565724921,-0.06493693190679518,-2.600085543608455e-27,ben-gvir+s forderung,5.226342054257635
-3.056709873283949,-0.5468511967382232,0.26702612558266625,0.021164275264554208,-1.9185097214975007e-27,nächtlichen,4.455654847460149
-3.056709873283949,-0.5468511967382232,0.26702612558266625,0.021164275264554208,-1.9185097214975007e-27,forderung nächtlich+en,4.455654847460149
-3.341829647104385,-0.3699786633174189,0.2349986364343098,0.06843991535471175,-1.666074231826777e-27,nächtlich+en masse+n+tötung+en,4.120813648013109
-3.5903329985881425,-0.21512291919946502,0.20026616642865203,0.10033773362809756,-1.4136387421560532e-27,masse+n+tötung+en gaza,3.8286971556582445
-3.6412228332847776,-0.18341805973645298,0.19279996322170273,0.10587978985899626,-1.3631516442219084e-27,verantwortungslos,3.768882865365455
-3.6412228332847776,-0.18341805973645298,0.19279996322170273,0.10587978985899626,-1.3631516442219084e-27,gaza verantwortungslos,3.768882865365455
-3.09530702188674,-0.5106195314360673,0.16510685251687512,0.10723815630261335,-1.2116903504194741e-27,erklärt,4.405698663374886
-4.044173232745338,0.06419386878676514,0.17408909157228453,0.10229540083923232,-1.2116903504194741e-27,polizei+minister erklär+t,3.296290811752787
-4.042317238586481,0.0630064631913203,0.17731224955187602,0.09620499419046358,-1.2369338993865465e-27,erklär+t palästinenser,3.2984275367488114
-3.809476271453179,-0.06895849591809511,0.12021245838955888,-0.054006181647080806,-8.330371159133885e-28,seien,3.5664490872854575
-4.02467118050568,0.052341267995962726,0.18322623132735122,0.08149781741880996,-1.2621774483536189e-27,palästinenser sei,3.3189144901819283
-4.453651902013142,0.3195355269335842,0.14440051566996226,0.020210151193452333,-9.592548607487504e-28,sei mensch+en,2.814092328230428
-4.843686820171365,0.5540498606940076,0.11354517272235448,0.13308322396701966,-7.32062920045099e-28,einma…,2.359805003972656
-4.843686820171365,0.5540498606940076,0.11354517272235448,0.13308322396701966,-7.32062920045099e-28,sei einma…,2.359805003972656
-4.853439506033032,0.5602053533132281,0.11000119365030112,0.13436024722654852,-7.068193710780266e-28,+1880,2.348334559683577
-4.853439506033032,0.5602053533132281,0.11000119365030112,0.13436024722654852,-7.068193710780266e-28,einma… +1880,2.348334559683577
-4.860363620466906,0.5645703200027417,0.10750462070989424,0.13524125687625144,-7.068193710780266e-28,+1880 chars,2.3401932327541464
-5.054099537377011,0.6791589293428313,0.18780296321878276,-0.0009811875903441326,-1.2116903504194741e-27,Tötungsaufruf,2.1135487028843896
-5.000062337168368,0.6471555638464892,0.18192707469358466,-0.0420090710977304,-1.1612032524853294e-27,tötung+s+aufruf israelisch+em,2.1763319154990532
-4.705498128501887,0.45486466877797627,0.096444214654302,-0.28350572420353837,-5.553580772755923e-28,minister zentralrat,2.5285897800181774
-4.843334939304068,0.5489976161792163,0.1769585618611021,-0.14633579020771373,-1.135959703518257e-27,jude+n kritisier+t,2.3610329409605777
-4.923554479306819,0.5945260821052105,0.23197947092646132,-0.05722635345989428,-1.5146129380243427e-27,beschämendes,2.2681985776873836
-4.923554479306819,0.5945260821052105,0.23197947092646132,-0.05722635345989428,-1.5146129380243427e-27,kritisier+t beschämend+es,2.2681985776873836
-4.879779963319835,0.5659806336758755,0.24500528258793536,-0.07593561559469342,-1.6155871338926322e-27,Verhalten,2.320170327679969
-4.879779963319835,0.5659806336758755,0.24500528258793536,-0.07593561559469342,-1.6155871338926322e-27,beschämend+es verhalt+en,2.320170327679969
-4.7506645025035406,0.48712459519320217,0.2207523842796007,-0.17146012708523203,-1.4388822911231255e-27,verhalt+en der,2.4715845373447407
-3.711380061878828,-0.28500694564591855,0.7361957853453488,-0.2847394641473536,-5.0487097934144756e-27,distanzier+t israelisch+en,3.7519007349730455
-3.6641081256981685,-0.284750741953522,0.6617138117322664,-0.3597814308088259,-4.5185952651059556e-27,israelisch+en minister,3.7932020840093945
-4.81607111029501,0.4791628334486828,0.4455316693401503,0.028070409983430262,-3.003982327081613e-27,dieser auf+ge+ruf+en,2.4167023461765167
-4.511685498572708,0.2995470706021828,0.4519081789844942,-0.13945662802659264,-3.0544694250157577e-27,auf+ge+ruf+en palästinenser,2.769552930948568
-4.88229952345739,0.5561216715649038,0.310176459207496,-0.0281986031669073,-2.069971015299935e-27,palästinenser töt+en,2.322209744650699
-4.3661940462601905,0.2094289144278647,0.4561334492559279,-0.21038114471938005,-3.07971297398283e-27,Selbst,2.940419648200605
-4.251014608324299,0.15048203895183,0.37365264738772697,-0.32469647403483315,-2.4991113477401654e-27,CDU,3.0704780175930733
-4.251014608324299,0.15048203895183,0.37365264738772697,-0.32469647403483315,-2.4991113477401654e-27,selbst cdu,3.0704780175930733
-4.134408587290217,0.07647935300928954,0.3260029623377028,-0.4109790966596966,-2.145701662201152e-27,cdu forder+t,3.209067063368446
-4.235233464932761,0.14355029330791713,0.32908699747028525,-0.3633667297999205,-2.1709452111682245e-27,forder+t konsequenz+en,3.088170142155886
-4.940849820045031,0.6131301843680317,0.12718380810180138,-0.11934569155533911,-7.825500179792437e-28,minister auf+ge+ruf+en,2.2452655791261837
-3.0644007978511256,-0.5312743762425312,0.1747254434011452,0.11343445344193538,-1.2874209973206913e-27,palästinenser gaza,4.442692868922594
-2.600298477464535,-0.8001749014525008,0.10942204641003084,-0.008336837419399345,-8.582806648804608e-28,gaza töt+en,4.97963098136326
-5.0577125893584105,0.6874083004794482,0.1187033858148492,-0.04679225578460307,-7.32062920045099e-28,...,2.1071601686687553
-5.0577125893584105,0.6874083004794482,0.1187033858148492,-0.04679225578460307,-7.32062920045099e-28,mehr ...,2.1071601686687553
-4.924862691018056,0.5816388941931461,0.3078340632910632,-0.002707496227133876,-2.0447274663328626e-27,Gezieltes,2.272690040258368
-4.874065635404733,0.5485925880954028,0.32226883182083715,-0.0247707116597809,-2.145701662201152e-27,Töten,2.3329685441037227
-4.874065635404733,0.5485925880954028,0.32226883182083715,-0.0247707116597809,-2.145701662201152e-27,ge+ziel+t+es töt+en,2.3329685441037227
-4.799420313096787,0.5011075523674375,0.3365610033896784,-0.06054995732318692,-2.2466758580694416e-27,töt+en palästinenser+n,2.4210903977094262
-4.457177915178979,0.29021436509557375,0.3149067669268029,-0.2657841093774503,-2.0952145642670074e-27,palästinenser+n zentralrat,2.8228580890965844
-4.297289950345494,0.11639779993560118,0.6125637182695263,-0.12805560790245518,-4.165185579566942e-27,jude+n nenn+t,3.0452482310772746
-3.815839026213319,-0.30482046930843865,0.8822233394831495,-0.12758840325281476,-6.083695301064443e-27,ben-gvir+s wort+e,3.670858828743015
-4.671672608522009,0.3745051141633855,0.5078791754789171,-0.011098200845061544,-3.458366208488916e-27,wort+e beschämend,2.593320850142796
-4.804091251236407,0.4773520397887694,0.4314306429203444,0.01055688340067986,-2.9030081312133234e-27,beschämend der,2.428068068656275
-4.4344619477754,0.19098490823962466,0.6222994827274063,-0.052940427241972426,-4.2409162264681595e-27,jüngsten,2.889324511413888
-4.4344619477754,0.19098490823962466,0.6222994827274063,-0.052940427241972426,-4.2409162264681595e-27,der jung+st+en,2.889324511413888
-4.459681466051678,0.20590544329186877,0.620855392511268,-0.04113828007567351,-4.2409162264681595e-27,jung+st+en aussage+n,2.860078687110626
-4.362779459138574,0.11038901473515339,0.7014827208427027,-0.028267849644889518,-4.796274303743752e-27,aussage+n israelisch+en,2.9911675241063254
-4.16600416537494,-0.07421927131216521,0.8272988583054764,-0.022510204383970524,-5.7050420665583574e-27,Polizeiministers,3.253071206115067
-4.16600416537494,-0.07421927131216521,0.8272988583054764,-0.022510204383970524,-5.7050420665583574e-27,israelisch+en polizei+minister+s,3.253071206115067
-2.822333853357862,-1.1510720011480124,1.243289587497305,-0.15869294368069892,-8.658537295705826e-27,polizei+minister+s ben-gvir,4.952955991872852
-3.9262379749873655,-0.3025385568584098,0.9632330762977199,-0.015730705163787623,-6.664296927307108e-27,lösten,3.5742136838791994
-3.9262379749873655,-0.3025385568584098,0.9632330762977199,-0.015730705163787623,-6.664296927307108e-27,ben-gvir lös+ten,3.5742136838791994
-4.1610464181685165,-0.09085859427722376,0.8478957781816696,-0.008228379771750935,-5.831259811393719e-27,lös+ten entsetzen,3.265631620259987
-4.901900934448384,0.5320121200570238,0.43073809617987435,0.07074684567779473,-2.9030081312133234e-27,ultrarechtsreligiöse,2.3162602296113692
-4.901900934448384,0.5320121200570238,0.43073809617987435,0.07074684567779473,-2.9030081312133234e-27,der ultra+recht+s+religiös+e,2.3162602296113692
-4.969813364978988,0.5951125224820366,0.3540898072881309,0.05963588907226654,-2.3728936029048035e-27,ultra+recht+s+religiös+e politiker,2.226685390660196
-3.195263452314329,-0.4378680351291573,-0.16336895617831,0.06360753059205836,1.0602290566170399e-27,erklärte,4.287578022439968
-4.988888725045649,0.6133320005671552,0.3277337984752481,0.05349739916703132,-2.196188760135297e-27,politiker erklär+te,2.201337263565036
-5.010547418776415,0.6354966109219289,0.2887097349869938,0.040324132083495945,-1.9185097214975007e-27,erklär+te podcast,2.171919318895805
-5.0180483191278,0.6451575604596147,0.2644205607744995,0.028214261415654036,-1.741804878727994e-27,podcast palästinenser,2.1608548964393766
-4.898173765341237,0.5838656676834488,0.17971693632712787,-0.11012511451127999,-1.135959703518257e-27,hätten,2.2961191516484347
-5.011355328933961,0.6478550772931897,0.2284959734166912,-0.001674548688639227,-1.4893693890572703e-27,gaza hab+en,2.1656763084419235
-4.954232042782637,0.6134633788619337,0.22978853151189704,-0.038824334242401434,-1.4893693890572703e-27,verdient,2.2322328148195996
-4.954232042782637,0.6134633788619337,0.22978853151189704,-0.038824334242401434,-1.4893693890572703e-27,hab+en verdien+t,2.2322328148195996
-3.999852649740414,0.039489959016527854,0.1900880403220569,-0.010807400259516722,-1.3126645462877636e-27,leben,3.346462716343532
-4.875023385066277,0.5660029740732495,0.21997653451204394,-0.09653401640413664,-1.4388822911231255e-27,verdien+t leb+en,2.3245704321480902
-4.810967592342155,0.49823789826378984,0.37597231477142123,-0.025318580967835545,-2.5243548967072378e-27,weite…,2.412162603601313
-4.810967592342155,0.49823789826378984,0.37597231477142123,-0.025318580967835545,-2.5243548967072378e-27,deutschland weite…,2.412162603601313
-2.445120581228805,-1.1064748731878908,0.8373115562892763,-0.6084768666824507,-5.7807727134595745e-27,Für,5.2579358130228435
-4.7922743241537225,0.47507672553678293,0.4178766237168151,-0.006397755103415337,-2.8272774843121063e-27,weite… für,2.439527410986542
-4.4392229339802105,0.2783139255909419,0.31759567224652896,-0.27300071223393974,-2.0952145642670074e-27,Präsident,2.8443173342865893
-4.773999403455393,0.4556462160347563,0.4450353810063086,0.0023648763092876226,-3.003982327081613e-27,für präsident,2.464810800099257
-4.693314695036676,0.376233283890137,0.5330710753969267,0.019838486706264924,-3.6350710512584224e-27,präsident schuster,2.5735889540303933
-4.525668032040743,0.21697864353695806,0.6700559651446616,0.030707832608284896,-4.594325912007173e-27,stehen,2.797291685439476
-4.525668032040743,0.21697864353695806,0.6700559651446616,0.030707832608284896,-4.594325912007173e-27,schuster steh+en,2.797291685439476
-4.097895668329863,-0.18456908807071915,0.9295388690870289,0.029973706751549752,-6.411861437636384e-27,steh+en ben-gvir+s,3.3669511537134826
-4.76441948606177,0.4206755141780243,0.5207108275014849,0.05210321425794748,-3.534096855390133e-27,Gegensatz,2.490031520210994
-4.76441948606177,0.4206755141780243,0.5207108275014849,0.05210321425794748,-3.534096855390133e-27,wort+e gegensatz,2.490031520210994
-4.87278919901446,0.5130630394142808,0.4388261527741206,0.05822921412024909,-2.9787387781145406e-27,jüdischen,2.3508142945437798
-4.87278919901446,0.5130630394142808,0.4388261527741206,0.05822921412024909,-2.9787387781145406e-27,gegensatz jüdisch+en,2.3508142945437798
-4.925035280625242,0.5562359656600455,0.3981925397819063,0.062061904770606635,-2.675816190509672e-27,Werten,2.2844241137499246
-4.925035280625242,0.5562359656600455,0.3981925397819063,0.062061904770606635,-2.675816190509672e-27,jüdisch+en wert+en,2.2844241137499246
-3.635791695720883,-0.16937553675569017,-0.07547613406697434,0.13962672493440262,4.796274303743752e-28,alliance,3.7705567106269924
-3.635791695720883,-0.16937553675569017,-0.07547613406697434,0.13962672493440262,4.796274303743752e-28,picture alliance,3.7705567106269924
-5.010052129564035,0.6231582263535334,0.3347715636332942,0.07272806757740498,-2.2466758580694416e-27,epd-bild,2.178082477590995
-5.010052129564035,0.6231582263535334,0.3347715636332942,0.07272806757740498,-2.2466758580694416e-27,alliance epd+-+bild,2.178082477590995
-4.987038451233248,0.6020876693067909,0.36241908419652336,0.07702487716813923,-2.4233807008389483e-27,epd+-+bild der,2.208250451164839
-4.8830410301332225,0.5071521194654882,0.46825650275338404,0.08606086798338554,-3.1806871698511196e-27,+2166,2.344706028034391
-4.8830410301332225,0.5071521194654882,0.46825650275338404,0.08606086798338554,-3.1806871698511196e-27,entsetzen +2166,2.344706028034391
-4.916771872881621,0.5373847563886371,0.4379208663446199,0.08544291078912629,-2.9534952291474682e-27,+2166 chars,2.3006798889517674
-3.0168796192485225,-0.5426035946567604,0.007033834401464961,0.09113059104243434,-1.262177448353619e-28,Grünenpolitiker,4.491790749752691
-3.8544025334111236,-0.03924827445083778,-0.0005870700756567676,0.16079954251128908,-2.524354896707238e-29,polizei+minister grün+en+politiker,3.5150643408513176
-2.9356398454174473,-0.5927109676123767,0.04465646285118252,-0.020118124028914712,-3.7865323450608567e-28,Lucks,4.586359287125454
-3.816757498228718,-0.059040732965849774,0.040595554664223564,0.04743803495715042,-3.0292258760486853e-28,grün+en+politiker lucks,3.556588311839766
-3.6859036730509107,-0.13901216399473015,0.03915947140085351,-0.039095496693394446,-2.7767903863779616e-28,lucks forder+t,3.709731583979624
-1.3606234814597666,-1.5977594850671366,0.06666813367713285,-0.44748749508596625,-5.806016262426647e-28,Sanktionen,6.45253419405993
-3.481280962591257,-0.2667962714368026,0.05131012014949424,-0.11199918841941922,-3.7865323450608567e-28,forder+t sanktion+en,3.950549596357438
-3.239183514302488,-0.4701936745774149,0.3659626157144339,0.1417946573164568,-2.600085543608455e-27,sanktion+en itamar,4.258608731706236
-2.617115608043667,-0.8055814398499166,0.13903372775567552,0.20164088364297858,-1.0854726055841122e-27,Aufruf,4.968092020685497
-3.254008761008951,-0.41524782985089415,0.09601184398686177,0.216309825507606,-7.573064690121713e-28,der aufruf,4.22192172551986
-2.4333348352665203,-0.908738355258655,-0.22496881366080315,0.23582579869116874,1.3883951931889808e-27,aufruf israel+s,5.184499546964105
-3.784985072363129,-0.11497442560931614,0.2373136117242307,0.20991226894449036,-1.6913177807938493e-27,gezielten,3.6100233723799833
-3.784985072363129,-0.11497442560931614,0.2373136117242307,0.20991226894449036,-1.6913177807938493e-27,ben-gvir ge+ziel+t+en,3.6100233723799833
-4.0031600004050825,0.029745110597175106,0.17958617687691986,0.19731687013772548,-1.2621774483536189e-27,ge+ziel+t+en tötung+en,3.3493523553262112
-4.167234897646914,0.1371990718527969,0.13798041056899038,0.18026084765878903,-9.592548607487504e-28,tötung+en palästinenser+n,3.1539855540179618
-4.284667857060145,0.213736488823435,0.10742910106929292,0.16096311490404774,-7.573064690121713e-28,löst,3.0143422052664026
-4.284667857060145,0.213736488823435,0.10742910106929292,0.16096311490404774,-7.573064690121713e-28,palästinenser+n lös+t,3.0143422052664026
-4.313384982114396,0.23253272616851994,0.09912364908867283,0.15415101015996568,-6.815758221109542e-28,international,2.980160397929794
-4.313384982114396,0.23253272616851994,0.09912364908867283,0.15415101015996568,-6.815758221109542e-28,lös+t international,2.980160397929794
-4.373235614519136,0.2722192733430846,0.07783468631789553,0.13244106705301237,-5.301145283085199e-28,international entsetzen,2.908699304653047
-4.401335892772263,0.29278601227929646,0.05277104042666992,0.09681153372159722,-3.534096855390133e-28,Zahlreiche,2.8743209977389945
-4.3832285851629,0.2841988673083069,0.025931769050751556,0.0486560088904297,-1.5146129380243427e-28,zahlreich+e politiker,2.894558485819669
-4.341285875600303,0.2581229463706787,-0.014915008568835028,-0.028793722246355177,1.262177448353619e-28,forder+n konsequenz+en,2.944384442866718
-4.480338913563033,0.3431426101039632,0.019883902706463355,0.04177084716424988,-1.0097419586828951e-28,der grün+en+politiker,2.7810515290662896
-4.454139672496572,0.32702365695028157,0.031043184704655676,0.0173051511686906,-1.7670484276950664e-28,Max,2.8115718786552026
-4.454139672496572,0.32702365695028157,0.031043184704655676,0.0173051511686906,-1.7670484276950664e-28,grün+en+politiker max,2.8115718786552026
-4.430073750640901,0.31232477522063995,0.028761906240067074,-0.0009509664252741971,-1.5146129380243427e-28,max lucks,2.8397583032631624
-4.234763821163455,0.18688576045315775,-0.006497317552595486,-0.1354473931506228,1.0097419586828951e-28,Forderungen,3.071984777950649
-4.234763821163455,0.18688576045315775,-0.006497317552595486,-0.1354473931506228,1.0097419586828951e-28,lucks forderung+en,3.071984777950649
-4.099383660214295,0.09639652940229126,-0.007875744913704075,-0.2126659862762224,1.0097419586828951e-28,forderung+en sanktion+en,3.2344630559027157
-4.376662407253672,0.273560137380763,0.13956163185413215,0.0022891463024375357,-9.34011311781678e-28,sanktion+en rechtsextrem+en,2.903783526958296
-4.313772412130521,0.2053078371806556,0.3094755062502921,0.07361490671382498,-2.1204581132340797e-27,israelisch+en polizei+minister,2.990412180152451
-2.12134760795396,-1.257112098360781,0.630878522852168,0.15480582842220333,-4.5185952651059556e-27,polizei+minister itamar,5.618031171459382
-4.21345214752796,0.10286134660193902,0.44737430689742397,0.10850975523812016,-3.07971297398283e-27,angeschlossen,3.127167030470744
-4.21345214752796,0.10286134660193902,0.44737430689742397,0.10850975523812016,-3.07971297398283e-27,ben-gvir an+ge+schließ+en,3.127167030470744
-3.3772871205235906,-0.32647420250092374,-0.0032939205377168768,0.14125529249276164,-5.048709793414476e-29,sei,4.071887624977825
-4.506802092516585,0.3267680869871987,0.2741908179867377,0.11528299979848795,-1.868022623563356e-27,richtig,2.7630704851309673
-4.506802092516585,0.3267680869871987,0.2741908179867377,0.11528299979848795,-1.868022623563356e-27,sei richtig,2.7630704851309673
-4.624089823573669,0.4096498477563617,0.2080779766378468,0.12090907694007451,-1.4136387421560532e-27,sanktionieren,2.620889441439426
-4.624089823573669,0.4096498477563617,0.2080779766378468,0.12090907694007451,-1.4136387421560532e-27,richtig sanktionier+en,2.620889441439426
-4.676063328164702,0.4450557580039922,0.18086063729939422,0.12415698894441142,-1.2116903504194741e-27,sag…,2.558537644531591
-4.676063328164702,0.4450557580039922,0.18086063729939422,0.12415698894441142,-1.2116903504194741e-27,sanktionier+en sag…,2.558537644531591
-4.6933480369559435,0.45665958488631486,0.1721809091960097,0.1253341688079113,-1.1612032524853294e-27,+4572,2.5378843166422853
-4.6933480369559435,0.45665958488631486,0.1721809091960097,0.1253341688079113,-1.1612032524853294e-27,sag… +4572,2.5378843166422853
-4.709131228685047,0.46718402121910163,0.16443285796432666,0.12644738483246193,-1.1107161545511846e-27,+4572 char+s,2.519059357017249
-3.8952269246414137,-0.04375839802571191,-0.3528705180869538,0.04755178497957663,2.398137151871876e-27,Charlotte,3.4877032120789946
-3.6475757243596263,-0.20328906744023545,-0.3892322065561534,-0.002194064641117594,2.6505726415425997e-27,Knobloch,3.782578355096031
-3.7296154751498896,-0.14722381200356893,-0.37062621501542325,0.041108133832942956,2.5243548967072378e-27,charlotte knobloch,3.683194375226985
-1.9282037578466769,-1.495398471337027,-0.6484030300769055,-0.6642547394835985,4.392377520270594e-27,AfD,5.924568766825364
-4.959517736386915,0.624665540273815,-0.1688190371869542,0.12503659382145113,1.2116903504194741e-27,knobloch afd,2.228569957498256
-2.815937174175633,-0.6718218280152226,-0.22205028204101065,0.10984498084064864,1.4136387421560532e-27,vielen,4.734209204999659
-4.9491274552443265,0.6181799554585052,-0.17163628328771616,0.12342381024870915,1.2369338993865465e-27,afd viel+en,2.2408556039552954
-4.86136759537425,0.5616347434087265,-0.20510088317904088,0.050306434586050774,1.464125840090198e-27,Bereichen,2.345541750989116
-4.86136759537425,0.5616347434087265,-0.20510088317904088,0.050306434586050774,1.464125840090198e-27,viel+en bereich+en,2.345541750989116
-4.836382788010069,0.5455530589154225,-0.21190145012774778,0.04357023960118285,1.5146129380243427e-27,Unterschied,2.375329012736586
-4.836382788010069,0.5455530589154225,-0.21190145012774778,0.04357023960118285,1.5146129380243427e-27,bereich+en unterschied,2.375329012736586
-4.813451398795124,0.530730786853217,-0.2181009165241329,0.03702445027301171,1.5651000359584874e-27,unterschied mehr,2.402698811046162
-3.937998350915064,-0.03758541215402711,-0.3822388439193445,-0.10005170844734476,2.6505726415425997e-27,NSDAP,3.448004422374387
-4.885919029638101,0.5786187782068997,-0.18864715315972122,0.11145452601272376,1.337908095254836e-27,mehr nsdap,2.3156421413107147
-4.872570688468276,0.570233860537875,-0.1922327056556337,0.10838211591824391,1.3631516442219084e-27,nsdap die,2.331449810161194
-4.959517736386915,0.624665540273815,-0.1688190371869542,0.12503659382145113,1.2116903504194741e-27,die afd,2.228569957498256
-4.855735189451854,0.559638372253976,-0.196763143027372,0.10419582360780459,1.3883951931889808e-27,bekommt,2.3513968561676335
-4.855735189451854,0.559638372253976,-0.196763143027372,0.10419582360780459,1.3883951931889808e-27,afd bekomm+t,2.3513968561676335
-4.836807498241705,0.5476948646107325,-0.20187542469980804,0.0990459333014157,1.4388822911231255e-27,Zulauf,2.373838153833252
-4.836807498241705,0.5476948646107325,-0.20187542469980804,0.0990459333014157,1.4388822911231255e-27,bekomm+t zulauf,2.373838153833252
-4.806168874267833,0.5282751036968869,-0.21021538297803757,0.089632746413224,1.4893693890572703e-27,nie,2.4102074386240826
-4.806168874267833,0.5282751036968869,-0.21021538297803757,0.089632746413224,1.4893693890572703e-27,zulauf nie,2.4102074386240826
-4.793247610690461,0.520046510601216,-0.21376334438129793,0.08523865441769016,1.5146129380243427e-27,nie zuvor,2.4255649327098503
-4.594037240195008,0.38351119622821117,-0.2779150670739883,-0.05449655315872527,1.9689968194316455e-27,ehemalige,2.667307717505588
-4.594037240195008,0.38351119622821117,-0.2779150670739883,-0.05449655315872527,1.9689968194316455e-27,der ehemalig+e,2.667307717505588
-4.50625469382471,0.3215275608210928,-0.3011559620326688,-0.09905694102354602,2.1204581132340797e-27,Präsidentin,2.7747363523993296
-4.50625469382471,0.3215275608210928,-0.3011559620326688,-0.09905694102354602,2.1204581132340797e-27,ehemalig+e präsident+in,2.7747363523993296
-4.03655998215106,-0.03811721105597954,-0.41154310341058564,-0.3545477001667443,2.877764582246251e-27,Zentralrates,3.3637657161975536
-4.03655998215106,-0.03811721105597954,-0.41154310341058564,-0.3545477001667443,2.877764582246251e-27,präsident+in zentralrat+es,3.3637657161975536
-3.9849611188953156,-0.06619577894745943,-0.4167048005982509,-0.33835286584400387,2.928251680180396e-27,zentralrat+es jude+n,3.4225631106604593
-4.503528976043994,0.3324984181524111,-0.28374257179786655,0.0020864042046121268,1.994240368398718e-27,fühlt,2.7713726297483103
-4.503528976043994,0.3324984181524111,-0.28374257179786655,0.0020864042046121268,1.994240368398718e-27,jude+n fühl+t,2.7713726297483103
-4.5365914040657,0.35893178593757735,-0.2618354820081311,0.08254171548345943,1.8175355256292112e-27,dunkle,2.729265293567731
-4.5365914040657,0.35893178593757735,-0.2618354820081311,0.08254171548345943,1.8175355256292112e-27,fühl+t dunkel+e,2.729265293567731
-4.518344359143825,0.34830903009151726,-0.2601816602121185,0.10350373288385471,1.8175355256292112e-27,Zeiten,2.750399708397725
-4.518344359143825,0.34830903009151726,-0.2601816602121185,0.10350373288385471,1.8175355256292112e-27,dunkel+e zeit+en,2.750399708397725
-1.761447154151286,-1.3017970234661012,-0.13903817398964638,0.11299502317820999,7.825500179792437e-28,erinnert,5.961084755797572
-4.486083137227127,0.32860784255888587,-0.26143717187797266,0.12013607133146989,1.8175355256292112e-27,zeit+en erinner+t,2.7882565227997143
-3.9860893595193936,0.017143077007164997,-0.3273700812895004,0.10961776104164771,2.2214323091023692e-27,knobloch vor+sitz+end+e,3.3782066111940385
-2.5587233672077963,-0.8589441720231532,-0.4196259856756578,0.14256653178196754,2.751546837410889e-27,Israelitischen,5.054268161189171
-2.5587233672077963,-0.8589441720231532,-0.4196259856756578,0.14256653178196754,2.751546837410889e-27,vor+sitz+end+e israeli+tisch+en,5.054268161189171
-3.991513284541286,0.02149530360918428,-0.320505597671254,0.13306557671898575,2.1709452111682245e-27,Kultusgemeinde,3.3712648074291165
-3.991513284541286,0.02149530360918428,-0.320505597671254,0.13306557671898575,2.1709452111682245e-27,israeli+tisch+en kultus+gemeinde,3.3712648074291165
-4.38373506295293,0.26512203573066495,-0.2726546942089414,0.13583554203054118,1.868022623563356e-27,München,2.9088870775831186
-4.38373506295293,0.26512203573066495,-0.2726546942089414,0.13583554203054118,1.868022623563356e-27,kultus+gemeinde münchen,2.9088870775831186
-4.493008907057305,0.33303587307173066,-0.2591750881972379,0.1252921784104313,1.792291976662139e-27,Oberbayern,2.7800171654985872
-4.493008907057305,0.33303587307173066,-0.2591750881972379,0.1252921784104313,1.792291976662139e-27,münchen oberbayern,2.7800171654985872
-4.544690589795728,0.3646085479199104,-0.2571349457069608,0.0980525242226212,1.792291976662139e-27,zieht,2.7193634229596144
-4.544690589795728,0.3646085479199104,-0.2571349457069608,0.0980525242226212,1.792291976662139e-27,oberbayern zieh+t,2.7193634229596144
-4.556444797045909,0.37125314613356664,-0.2591187985066963,0.07987850082561669,1.8175355256292112e-27,Vergleiche,2.705854622675203
-4.556444797045909,0.37125314613356664,-0.2591187985066963,0.07987850082561669,1.8175355256292112e-27,zieh+t vergleich+e,2.705854622675203
-4.520172413132265,0.3396745072077847,-0.2868637509441767,-0.029653511104321243,2.0194839173657902e-27,vergleich+e afd,2.753389295643078
-4.553439244307896,0.3599437214823049,-0.2822414243862268,-0.036431606638982345,1.994240368398718e-27,afd nsdap,2.7143498151958325
-4.65105092042208,0.42720318959949566,-0.25391083171624973,0.02148118294653002,1.792291976662139e-27,Dem,2.595734837693031
-4.6848539264664675,0.4497676662279064,-0.24412286644517958,0.03949227242965806,1.7165613297609217e-27,Magazin,2.5550299258373057
-4.6848539264664675,0.4497676662279064,-0.24412286644517958,0.03949227242965806,1.7165613297609217e-27,der magazin,2.5550299258373057
-4.733771335590173,0.4818334207831798,-0.23015551432682926,0.06278973452274074,1.6155871338926322e-27,Stern,2.4964248910018623
-4.733771335590173,0.4818334207831798,-0.23015551432682926,0.06278973452274074,1.6155871338926322e-27,magazin stern,2.4964248910018623
-4.761471868446117,0.4997289029956402,-0.22238513502041926,0.07434516127611147,1.5651000359584874e-27,stern sag+te,2.4633723803442824
-4.7981949256782634,0.5232218019997619,-0.2122463549779389,0.08777767933165453,1.5146129380243427e-27,93-Jährige,2.4196716851662865
-4.7981949256782634,0.5232218019997619,-0.2122463549779389,0.08777767933165453,1.5146129380243427e-27,sag+te 93-jährig+e,2.4196716851662865
-4.832798921814193,0.5451718512953163,-0.2028387014093129,0.09854393077436518,1.4388822911231255e-27,Natürlich,2.37858711725802
-4.832798921814193,0.5451718512953163,-0.2028387014093129,0.09854393077436518,1.4388822911231255e-27,93-jährig+e natürlich,2.37858711725802
-4.856607364886481,0.5601942555525659,-0.19642523210776971,0.10497017140426959,1.3883951931889808e-27,sahen,2.350359639962612
-4.856607364886481,0.5601942555525659,-0.19642523210776971,0.10497017140426959,1.3883951931889808e-27,natürlich seh+en,2.350359639962612
-4.875270459537173,0.571934403454265,-0.19141814623042022,0.10949759558574451,1.3631516442219084e-27,+1990,2.3282500456109867
-4.875270459537173,0.571934403454265,-0.19141814623042022,0.10949759558574451,1.3631516442219084e-27,seh+en +1990,2.3282500456109867
-4.886560639694448,0.5790237478712585,-0.1883934845007,0.11203442383978668,1.337908095254836e-27,+1990 char+s,2.3148811149012127
-5.323841695864161,0.8515799195576835,-0.06743586041006522,0.024185671255893666,5.553580772755923e-28,mehr knobloch,1.7976127765667693
-5.180352416097707,0.7490001220868394,-0.13362481130218332,-0.1334367576007436,1.0349855076499675e-27,sieht,1.974099893901912
-5.180352416097707,0.7490001220868394,-0.13362481130218332,-0.1334367576007436,1.0349855076499675e-27,knobloch seh+t,1.974099893901912
-5.315337954745361,0.846014718809597,-0.07169126253934191,0.014290122374264243,5.806016262426647e-28,Parallelen,1.8078100748585617
-5.315337954745361,0.846014718809597,-0.07169126253934191,0.014290122374264243,5.806016262426647e-28,seh+t parallele+n,1.8078100748585617
-5.2995675585087625,0.8354998976467886,-0.07946532601344408,-0.003871015394756896,6.563322731438818e-28,parallele+n afd,1.8268201827074149
-5.290952480160153,0.8296530001094927,-0.08364859201343788,-0.013688383347014846,6.815758221109542e-28,Hitlerpartei,1.837257504329734
-5.290952480160153,0.8296530001094927,-0.08364859201343788,-0.013688383347014846,6.815758221109542e-28,afd hitlerpartei,1.837257504329734
-5.27195027182062,0.816511283067366,-0.09272017220192444,-0.0350860099139321,7.32062920045099e-28,hitlerpartei nsdap,1.8604040615550386
-5.259815802989401,0.8079500846307837,-0.09840344079496999,-0.0485673517116928,7.825500179792437e-28,nsdap der,1.875271241818367
-5.081977536564448,0.6704267843611382,-0.17289434967468484,-0.23078206154702818,1.3126645462877636e-27,jude+n forder+t,2.099292954146054
-4.155198322343778,0.14233292584050705,-0.025279677365269024,-0.08671053455609955,2.0194839173657902e-28,Kampf,3.1635283104628984
-5.1570132352669384,0.7308515395493858,-0.1433509016133343,-0.15727764274681477,1.1107161545511846e-27,forder+t kampf,2.003551360618197
-5.2995675585087625,0.8354998976467886,-0.07946532601344408,-0.003871015394756896,6.563322731438818e-28,kampf afd,1.8268201827074149
-5.2574880684715595,0.8062932797822245,-0.09948404564519298,-0.051137310565235586,7.825500179792437e-28,radikale,1.8781305888754407
-5.2574880684715595,0.8062932797822245,-0.09948404564519298,-0.051137310565235586,7.825500179792437e-28,afd radikal+e,1.8781305888754407
-5.275421858613516,0.8189367408589289,-0.0910786252614724,-0.03120298565947315,7.32062920045099e-28,Mittel,1.8561628151991978
-5.275421858613516,0.8189367408589289,-0.0910786252614724,-0.03120298565947315,7.32062920045099e-28,radikal+e mittel,1.8561628151991978
-5.2884968650885895,0.8279734868531744,-0.08483285979852032,-0.016473356093848993,6.815758221109542e-28,Denn,1.8402391196956502
-5.303281012808425,0.8379980270670883,-0.077648395758881,0.00038321775812739066,6.310887241768094e-28,Nazis,1.8223325485948727
-5.303281012808425,0.8379980270670883,-0.077648395758881,0.00038321775812739066,6.310887241768094e-28,denn nazi+s,1.8223325485948727
-5.3082660724583235,0.8413302510721585,-0.07519613712653916,0.0061156729393957,6.058451752097371e-28,nazi+s hab+en,1.816319091011468
-5.313356323299333,0.844707173723453,-0.07267647130013447,0.011994522337218875,6.058451752097371e-28,ausprobiert,1.8101918068367617
-5.313356323299333,0.844707173723453,-0.07267647130013447,0.011994522337218875,6.058451752097371e-28,hab+en ausprobier+t,1.8101918068367617
-5.323336768179766,0.8512515722507356,-0.06768978973423895,0.023596083088704315,5.553580772755923e-28,möglich,1.7982171923071022
-5.323336768179766,0.8512515722507356,-0.06768978973423895,0.023596083088704315,5.553580772755923e-28,ausprobier+t möglich,1.7982171923071022
-3.8359834109191664,-0.05277482333307071,0.03828463256420127,-0.12265937953780984,-2.524354896707238e-28,Sie,3.536510379861911
-5.330996849061563,0.8562038729118632,-0.06382034872965683,0.032568003510184254,5.301145283085199e-28,plädiert,1.7890625795179196
-5.330996849061563,0.8562038729118632,-0.06382034872965683,0.032568003510184254,5.301145283085199e-28,sie plädier+t,1.7890625795179196
-5.337118754617939,0.8601165650945308,-0.06070131385162644,0.03978074558771523,5.048709793414476e-28,neues,1.7817692970790835
-5.337118754617939,0.8601165650945308,-0.06070131385162644,0.03978074558771523,5.048709793414476e-28,plädier+t neu+es,1.7817692970790835
-5.337118754617939,0.8601165650945308,-0.06070131385162644,0.03978074558771523,5.048709793414476e-28,Verbotsverfahren,1.7817692970790835
-5.337118754617939,0.8601165650945308,-0.06070131385162644,0.03978074558771523,5.048709793414476e-28,neu+es verbot+s+verfahren,1.7817692970790835
-5.328930335926194,0.8548739922574661,-0.06486786409196019,0.030141783919945684,5.301145283085199e-28,der afd,1.79152915213584
-5.325311353756046,0.8525340938849023,-0.06669585941381556,0.025903198126126188,5.553580772755923e-28,stärkste,1.7958543229273782
-5.325311353756046,0.8525340938849023,-0.06669585941381556,0.025903198126126188,5.553580772755923e-28,afd stark+st+e,1.7958543229273782
-5.320690168362714,0.8495261684899232,-0.06901817103531949,0.020509905802926047,5.806016262426647e-28,Oppositionspartei,1.8013874861123345
-5.320690168362714,0.8495261684899232,-0.06901817103531949,0.020509905802926047,5.806016262426647e-28,stark+st+e opposition+s+partei,1.8013874861123345
-5.306674955898177,0.8402693599063182,-0.0759804855022688,0.004283330982257277,6.310887241768094e-28,opposition+s+partei bundestag,1.8182370826248286
-5.293276594812326,0.8312373252569542,-0.08252443622741298,-0.011047105874643203,6.563322731438818e-28,bundesweiten,1.834438233272201
-5.293276594812326,0.8312373252569542,-0.08252443622741298,-0.011047105874643203,6.563322731438818e-28,bundestag bundesweit+en,1.834438233272201
-5.275421858613516,0.8189367408589289,-0.0910786252614724,-0.03120298565947315,7.32062920045099e-28,Umfragen,1.8561628151991978
-5.275421858613516,0.8189367408589289,-0.0910786252614724,-0.03120298565947315,7.32062920045099e-28,bundesweit+en umfrage+n,1.8561628151991978
-5.2574880684715595,0.8062932797822245,-0.09948404564519298,-0.051137310565235586,7.825500179792437e-28,liegt,1.8781305888754407
-5.2574880684715595,0.8062932797822245,-0.09948404564519298,-0.051137310565235586,7.825500179792437e-28,umfrage+n lieg+t,1.8781305888754407
-5.226712302944251,0.7839699964775918,-0.11348707298328986,-0.08463316081326686,8.835242138475332e-28,teils,1.916147958732011
-5.226712302944251,0.7839699964775918,-0.11348707298328986,-0.08463316081326686,8.835242138475332e-28,lieg+t teils,1.916147958732011
-5.196823480952476,0.7615966889214225,-0.12659752054414747,-0.11632086133452454,9.844984097158227e-28,deutlich,1.9534226986552008
-5.196823480952476,0.7615966889214225,-0.12659752054414747,-0.11632086133452454,9.844984097158227e-28,teils deutlich,1.9534226986552008
-5.102256018706322,0.6870401818378988,-0.16515865757767798,-0.2113770761980128,1.2621774483536189e-27,Union,2.073274798402243
-5.102256018706322,0.6870401818378988,-0.16515865757767798,-0.2113770761980128,1.2621774483536189e-27,deutlich union,2.073274798402243
-5.202788387606179,0.7661129521789327,-0.12401844533133582,-0.1100621748710766,9.592548607487504e-28,Politik,1.945957717225567
-5.037176547218837,0.6330830753003944,-0.18937513395533853,-0.2724999856575606,1.4136387421560532e-27,Gesellschaft,2.157098792141759
-5.249842725614961,0.8008194744285269,-0.10301173275069014,-0.059541884123058775,8.077935669463161e-28,politik gesellschaft,1.887538344949552
-5.218137715063993,0.7776182567872871,-0.11729649650466581,-0.09380775116376401,9.087677628146056e-28,möglichen,1.9268074528644268
-5.218137715063993,0.7776182567872871,-0.11729649650466581,-0.09380775116376401,9.087677628146056e-28,gesellschaft möglich+en,1.9268074528644268
-3.764914821061549,-0.11502064131952117,-0.1353478240250387,-0.21216627262158597,9.592548607487504e-28,neuen,3.6320178185416143
-5.252510179718289,0.8027348259781738,-0.1017846576890441,-0.05661585146032784,8.077935669463161e-28,möglich+en neu+en,1.8842531613197402
-5.266240811811025,0.812499083892372,-0.09540475574251864,-0.04144682847504137,7.573064690121713e-28,Anlauf,1.867391162164514
-5.266240811811025,0.812499083892372,-0.09540475574251864,-0.04144682847504137,7.573064690121713e-28,neu+en anlauf,1.867391162164514
-5.283137238543434,0.8242882042172982,-0.08740523781695445,-0.022531367526247622,7.068193710780266e-28,+3582,1.8467567752312104
-5.283137238543434,0.8242882042172982,-0.08740523781695445,-0.022531367526247622,7.068193710780266e-28,anlauf +3582,1.8467567752312104
-5.290952480160153,0.8296530001094927,-0.08364859201343788,-0.013688383347014846,6.815758221109542e-28,+3582 chars,1.837257504329734
-4.419107293742153,0.22822179555072153,0.4250003591134264,0.163258702547098,-2.928251680180396e-27,Kanzler,2.8868342438816255
-4.227981702305663,0.06740597564774542,0.5465070293595358,0.1652619544005888,-3.786532345060857e-27,Merz,3.1316567728278937
-4.227981702305663,0.06740597564774542,0.5465070293595358,0.1652619544005888,-3.786532345060857e-27,kanzler merz,3.1316567728278937
-3.8161972761672702,-0.2887972041128273,0.7659007943703595,0.16250594097896176,-5.326388832052272e-27,merz ben-gvir+s,3.664807308773129
-4.333692557354972,0.16035093273769707,0.47086458656810715,0.16604034605459345,-3.256417816752337e-27,Tötungsappell,2.9943154519169157
-4.333692557354972,0.16035093273769707,0.47086458656810715,0.16604034605459345,-3.256417816752337e-27,ben-gvir+s tötung+s+appell,2.9943154519169157
-4.5591969444881055,0.34900461841819763,0.29539079983395433,0.16315769184149354,-2.0194839173657902e-27,hinnehmbar,2.706520568121125
-4.5591969444881055,0.34900461841819763,0.29539079983395433,0.16315769184149354,-2.0194839173657902e-27,tötung+s+appell hin+nehm+bar,2.706520568121125
-2.7722950435077083,-0.6909309806479329,0.005329887133841263,0.10287153401884976,-1.5146129380243427e-28,Deutschlands,4.777856735977411
-4.610729417902995,0.39091612424730937,0.24586322319127268,0.16208012735041097,-1.666074231826777e-27,hin+nehm+bar deutschland+s,2.641520659496689
-4.644286656365978,0.4186389754239517,0.20635404813746888,0.1599059331078623,-1.3883951931889808e-27,Regierungschef,2.5990809988513095
-4.644286656365978,0.4186389754239517,0.20635404813746888,0.1599059331078623,-1.3883951931889808e-27,deutschland+s regierung+s+chef,2.5990809988513095
-4.666683284221546,0.4380148147555929,0.17090683629402445,0.15643425870024652,-1.1612032524853294e-27,regierung+s+chef verurteil+t,2.570441812145937
-4.6788737140898355,0.44947476181401624,0.14228927666214897,0.15290756694916086,-9.592548607487504e-28,verurteil+t aufruf,2.5545231086167646
-4.683106732355744,0.4543523732355581,0.12410841715319981,0.15018048912477244,-8.330371159133885e-28,aufruf israelisch+en,2.548656425546059
-4.683924364449405,0.45709051624551345,0.10469695914621355,0.14668240938961602,-7.068193710780266e-28,Sicherheitsministers,2.546836257743443
-4.683924364449405,0.45709051624551345,0.10469695914621355,0.14668240938961602,-7.068193710780266e-28,israelisch+en sicherheit+s+minister+s,2.546836257743443
-4.676131056473704,0.4553682635951355,0.0750469261573776,0.1396136359119053,-4.796274303743752e-28,sicherheit+s+minister+s palästinenser,2.554843197629511
-4.665164564610798,0.45029583279778373,0.05723155752330755,0.13386864003890941,-3.7865323450608567e-28,palästinenser ge+ziel+t,2.5671159355680073
-3.6655411026077886,-0.16470834241752352,0.13757972694395584,0.1561562840386404,-1.0097419586828951e-27,Empörung,3.739386815585683
-4.636524029633403,0.435101963857387,0.02902079838155209,0.12111623388689953,-1.7670484276950664e-28,der empörung,2.599893067761303
-4.619379400585904,0.42552543966331347,0.016721807288810994,0.11358282838981494,-7.573064690121713e-29,geht,2.619691144975653
-4.619379400585904,0.42552543966331347,0.016721807288810994,0.11358282838981494,-7.573064690121713e-29,empörung geh+t,2.619691144975653
-4.607933554790838,0.41902579361674563,0.009483656327256201,0.10842888949030818,-2.524354896707238e-29,quer,2.6329478706932727
-4.607933554790838,0.41902579361674563,0.009483656327256201,0.10842888949030818,-2.524354896707238e-29,geh+t quer,2.6329478706932727
-4.548055332202678,0.3839386218119081,-0.009706264572229062,0.08423737676617438,1.0097419586828951e-28,politischen,2.7025746949415934
-4.548055332202678,0.3839386218119081,-0.009706264572229062,0.08423737676617438,1.0097419586828951e-28,quer politisch+en,2.7025746949415934
-4.464893728619498,0.33415196908562383,-0.028050384116474175,0.046173447366173404,2.271919407036514e-28,Lager,2.799680449211071
-4.464893728619498,0.33415196908562383,-0.028050384116474175,0.046173447366173404,2.271919407036514e-28,politisch+en lager,2.799680449211071
-4.373385894329338,0.27762517031877776,-0.05143139912137329,-0.004495072159209315,3.7865323450608567e-28,Auch,2.9074619002057545
-4.206038793347405,0.16906757543325024,-0.092589253278855,-0.09590739218405538,6.815758221109542e-28,auch zentralrat,3.107228195536904
-3.6797931970770468,-0.19512781225967823,-0.1933177245869531,-0.3225931369102542,1.3631516442219084e-27,entsetzt,3.7469235603769206
-3.795342759761256,-0.10975986005554006,-0.1691169021585228,-0.26343057972788925,1.1864468014524018e-27,jude+n entsetz+t,3.6036611567716568
-3.280710373934436,-0.3909386585178507,-0.0943753685494994,0.23360477855121534,5.553580772755923e-28,aus+führ+en sag+te,4.189527235122927
-2.38785469181626,-0.9346232585828362,-0.1834693182660492,0.2516715597511384,1.1107161545511846e-27,sag+te israel+s,5.236194196564417
-1.865891387216191,-1.2406103595747249,0.03300238324470693,0.0895810252044566,-4.0389678347315804e-28,Nationale,5.837309611690961
-1.4250666188635295,-1.5980296404583743,0.45764191726271686,0.0725928238218191,-3.357392012620626e-27,sicherheit itamar,6.392687618838297
-4.01715357225799,0.014215975552868132,0.2913667231797282,0.20924384427449275,-2.0447274663328626e-27,Montag,3.343686233255047
-4.01715357225799,0.014215975552868132,0.2913667231797282,0.20924384427449275,-2.0447274663328626e-27,ben-gvir montag,3.343686233255047
-4.198777668107375,0.14049405641853618,0.22165912454745437,0.20261818669167503,-1.539856486991415e-27,löste,3.1240329969641203
-4.198777668107375,0.14049405641853618,0.22165912454745437,0.20261818669167503,-1.539856486991415e-27,montag lös+te,3.1240329969641203
-4.320035501131976,0.2220710265480519,0.18009068014399238,0.19664072103737856,-1.2621774483536189e-27,weltweit,2.9787159398516563
-4.320035501131976,0.2220710265480519,0.18009068014399238,0.19664072103737856,-1.2621774483536189e-27,lös+te weltweit,2.9787159398516563
-4.3854694018336655,0.2654579486261621,0.1590046347076583,0.19212259612497135,-1.1107161545511846e-27,weltweit empörung,2.90060272438587
-4.482695860247115,0.3289880895295749,0.13030497168391064,0.18461749299731178,-8.835242138475332e-28,Hardliner,2.7849779565872113
-4.482695860247115,0.3289880895295749,0.13030497168391064,0.18461749299731178,-8.835242138475332e-28,der hardliner,2.7849779565872113
-4.550032590928074,0.37242822188770486,0.11218723275023257,0.17883458893527374,-7.573064690121713e-28,+5456,2.7051592445113397
-4.550032590928074,0.37242822188770486,0.11218723275023257,0.17883458893527374,-7.573064690121713e-28,hardliner +5456,2.7051592445113397
-4.5700493832454825,0.3852650045459276,0.10706050620535947,0.17701847287533656,-7.32062920045099e-28,+5456 char+s,2.681467223262858
-5.133711021048121,0.7271616123775513,0.1794000527523452,0.04965649365307957,-1.1612032524853294e-27,News,2.0208539102787837
-5.129245658544773,0.7244119328625565,0.1804921300930857,0.04718077793687357,-1.1612032524853294e-27,kompakt,2.0260738820320983
-5.129245658544773,0.7244119328625565,0.1804921300930857,0.04718077793687357,-1.1612032524853294e-27,new+s kompakt,2.0260738820320983
-5.12053913069186,0.7190729837663967,0.18240477614222897,0.042226575237880995,-1.1864468014524018e-27,Verletzte,2.0362432616670234
-5.12053913069186,0.7190729837663967,0.18240477614222897,0.042226575237880995,-1.1864468014524018e-27,kompakt verletz+t+e,2.0362432616670234
-5.10486524867171,0.709533992491185,0.18512579280669256,0.03288313315481747,-1.1864468014524018e-27,Schäden,2.0545234476395935
-5.10486524867171,0.709533992491185,0.18512579280669256,0.03288313315481747,-1.1864468014524018e-27,verletz+t+e schaden,2.0545234476395935
-4.347066309662647,0.17154983465945706,0.5455605482504413,-0.1541043704010908,-3.7108016981596395e-27,Erdbeben,2.975115551714541
-5.087106170875116,0.6988295491566325,0.18710016854614894,0.021644055647904913,-1.2116903504194741e-27,schaden erdbeben,2.07519775433751
-4.732523443329983,0.46284805625398184,0.32550898963792296,-0.10814832744164336,-2.1709452111682245e-27,Peru,2.4981784271984897
-5.06657153636381,0.6865649581082909,0.18797042729725597,0.007819782025512905,-1.2116903504194741e-27,erdbeben peru,2.0990649680964704
-5.056307967790302,0.6804685652569995,0.18786913691668064,0.0005982597766733995,-1.2116903504194741e-27,peru nach,2.1109844409365968
-5.044653046935203,0.6735632678552133,0.1873496130212503,-0.00783459949249031,-1.2116903504194741e-27,Venezuela,2.1245164396891294
-5.044653046935203,0.6735632678552133,0.1873496130212503,-0.00783459949249031,-1.2116903504194741e-27,nach venezuela,2.1245164396891294
-5.000062337168368,0.6471555638464892,0.18192707469358466,-0.0420090710977304,-1.1612032524853294e-27,Kolumbien,2.1763319154990532
-5.000062337168368,0.6471555638464892,0.18192707469358466,-0.0420090710977304,-1.1612032524853294e-27,venezuela kolumbien,2.1763319154990532
-4.8285827799078085,0.5400207677116047,0.14534373538040038,-0.17735954294603795,-9.087677628146056e-28,Andenstaat,2.378718139156945
-4.8285827799078085,0.5400207677116047,0.14534373538040038,-0.17735954294603795,-9.087677628146056e-28,kolumbien andenstaat,2.378718139156945
-5.06657153636381,0.6865649581082909,0.18797042729725597,0.007819782025512905,-1.2116903504194741e-27,andenstaat peru,2.0990649680964704
-5.087106170875116,0.6988295491566325,0.18710016854614894,0.021644055647904913,-1.2116903504194741e-27,peru erdbeben,2.07519775433751
-4.931126798690989,0.5967933213056151,0.2480322574391801,-0.04101943361243486,-1.6155871338926322e-27,getroffen,2.2603346551270156
-4.931126798690989,0.5967933213056151,0.2480322574391801,-0.04101943361243486,-1.6155871338926322e-27,erdbeben ge+treff+en,2.2603346551270156
-2.7125468224894647,-0.7263519758778991,0.01531913178806539,0.06281646563382205,-2.0194839173657902e-28,worden,4.847048304259017
-4.862571868597605,0.5556496601771104,0.24293182155660697,-0.08817850292963329,-1.5903435849255598e-27,ge+treff+en werd+en,2.34024095139236
-4.685668357734713,0.35790294185108884,0.5644857023438127,0.03880754155626494,-3.8370194429950014e-27,DW-Nachrichtenüberblick,2.58916668572197
-4.685668357734713,0.35790294185108884,0.5644857023438127,0.03880754155626494,-3.8370194429950014e-27,der dw-nachrichtenüberblick,2.58916668572197
-3.643816221121545,-0.1743263200140488,0.15747649460412805,-0.10752830738588194,-1.0854726055841122e-27,Ein,3.7619867103236047
-4.922749362667524,0.5571690380938012,0.39159854361408253,0.055843509789679543,-2.6253290925755273e-27,starkes,2.285985651142261
-4.922749362667524,0.5571690380938012,0.39159854361408253,0.055843509789679543,-2.6253290925755273e-27,ein stark+es,2.285985651142261
-4.954430274523246,0.5824447520384357,0.36756808628511706,0.05916346360393328,-2.473867798773093e-27,stark+es erdbeben,2.2461882080020232
-4.86743711721458,0.5552150116942167,0.26708514636343733,-0.06809571571839079,-1.7670484276950664e-27,Zentrum,2.335973531630442
-5.001045176623759,0.6202712959781362,0.3272751395615777,0.06131733807196678,-2.196188760135297e-27,erdbeben zentrum,2.1873723184604175
-5.012780566871324,0.6315293010119127,0.3098810596482834,0.0568614170191557,-2.069971015299935e-27,Perus,2.1717692262759916
-5.012780566871324,0.6315293010119127,0.3098810596482834,0.0568614170191557,-2.069971015299935e-27,zentrum peru+s,2.1717692262759916
-5.019929569760613,0.6385883523485929,0.29797685068309576,0.0532588107219468,-1.994240368398718e-27,erschüttert,2.1621785061031713
-5.019929569760613,0.6385883523485929,0.29797685068309576,0.0532588107219468,-1.994240368398718e-27,peru+s erschütter+t,2.1621785061031713
-5.031275438329269,0.6505451187476408,0.2746497705379302,0.04446942618009664,-1.8175355256292112e-27,Mindestens,2.146629624445402
-5.036858278045876,0.6575913674577463,0.2567172104230445,0.03561990800337496,-1.6913177807938493e-27,zwei,2.1384672403546925
-5.036858278045876,0.6575913674577463,0.2567172104230445,0.03561990800337496,-1.6913177807938493e-27,mindestens zwei,2.1384672403546925
-5.038196080645531,0.6599277703347051,0.24890140026378776,0.031021348971879328,-1.6408306828597046e-27,zwei mensch+en,2.13622523388714
-5.038574505369298,0.662737606053432,0.2350796605003777,0.02153460399979212,-1.539856486991415e-27,wurden,2.1346413864301117
-5.038574505369298,0.662737606053432,0.2350796605003777,0.02153460399979212,-1.539856486991415e-27,mensch+en werd+en,2.1346413864301117
-5.036821384279589,0.663565879664445,0.22431312867783323,0.012746749592143797,-1.464125840090198e-27,verletzt,2.1358602262092603
-5.036821384279589,0.663565879664445,0.22431312867783323,0.012746749592143797,-1.464125840090198e-27,werd+en verletz+t,2.1358602262092603
-5.027220580493525,0.6610515843077642,0.20326970406991535,-0.00862776096254457,-1.3126645462877636e-27,verletz+t mehr,2.145653189629302
-5.006249024766138,0.6511012876538493,0.18032583609963024,-0.03896348503260896,-1.1612032524853294e-27,Gebäude,2.169029778605751
-5.006249024766138,0.6511012876538493,0.18032583609963024,-0.03896348503260896,-1.1612032524853294e-27,mehr gebäude,2.169029778605751
-4.978876976818141,0.6358836962683931,0.16025008812398261,-0.07133382796191948,-1.0097419586828951e-27,beschädigt,2.2005575882749957
-4.978876976818141,0.6358836962683931,0.16025008812398261,-0.07133382796191948,-1.0097419586828951e-27,gebäude beschädig+t,2.2005575882749957
-4.851698338129742,0.5537925779749646,0.0918331764693231,-0.2001783388291532,-5.301145283085199e-28,Sender,2.352597181248919
-4.851698338129742,0.5537925779749646,0.0918331764693231,-0.2001783388291532,-5.301145283085199e-28,beschädig+t sender,2.352597181248919
-4.877051204678418,0.5709163234034835,0.0957569736088464,-0.18174684272052885,-5.553580772755923e-28,Latina,2.3220300947498926
-4.877051204678418,0.5709163234034835,0.0957569736088464,-0.18174684272052885,-5.553580772755923e-28,sender latina,2.3220300947498926
-4.9664289477848955,0.6295641715595159,0.1257374182158273,-0.10362908538347641,-7.825500179792437e-28,Noticias,2.2149390439624974
-4.9664289477848955,0.6295641715595159,0.1257374182158273,-0.10362908538347641,-7.825500179792437e-28,latina noticia+s,2.2149390439624974
-5.044282532433693,0.6772633895188114,0.1483145527040588,-0.03541899498717707,-9.34011311781678e-28,Berufung,2.123463429182206
-5.044282532433693,0.6772633895188114,0.1483145527040588,-0.03541899498717707,-9.34011311781678e-28,noticia+s berufung,2.123463429182206
-5.086817845053016,0.7023804778437364,0.15640280190755235,-6.503249036751528e-05,-9.844984097158227e-28,Zivilschutz,2.074035436173256
-5.086817845053016,0.7023804778437364,0.15640280190755235,-6.503249036751528e-05,-9.844984097158227e-28,berufung zivil+schutz,2.074035436173256
-5.110960978174429,0.7165561105747384,0.15862692325382588,0.018682685555377197,-1.0097419586828951e-27,+5445,2.0460556613701426
-5.110960978174429,0.7165561105747384,0.15862692325382588,0.018682685555377197,-1.0097419586828951e-27,zivil+schutz +5445,2.0460556613701426
-5.118737663562967,0.7211330499961432,0.15888560140123906,0.024453676506065312,-1.0097419586828951e-27,+5445 chars,2.03704405891365
-4.347523084519456,0.20717074579122907,0.3672553420573751,0.11982699221277118,-2.5243548967072378e-27,Eklat,2.9597758996825902
-2.2090623819468247,-1.083368337921777,0.28015500441528884,0.21048190450296475,-2.0952145642670074e-27,Äußerung,5.458750669754114
-4.164945058994911,0.06750907550661722,0.46369235482346893,0.11135938030794369,-3.205930718818192e-27,eklat äußerung,3.186710691941198
-3.6128302447424363,-0.3817733871803979,0.7302302323513746,0.09645963298699155,-5.073953342381548e-27,äußerung ben-gvir+s,3.8873157213486955
-3.1556998591735845,-0.5102263862204395,0.3495836869534277,0.08405434059057879,-2.473867798773093e-27,Wahlkampfgetöse,4.35086609172094
-4.0979751356973075,0.03917027007200269,0.43830501264612276,0.07471542001577003,-3.0292258760486853e-27,ben-gvir+s wahl+kampf+getöse,3.2589823800253734
-4.195092648605049,0.15502577429927422,0.21305119837393677,-0.028542070105362156,-1.4388822911231255e-27,deutsche,3.119233389786471
-4.195092648605049,0.15502577429927422,0.21305119837393677,-0.028542070105362156,-1.4388822911231255e-27,wahl+kampf+getöse deutsch+e,3.119233389786471
-4.274498040609096,0.19403351813172698,0.2559998093418021,0.04724069726451573,-1.741804878727994e-27,Theaterdonner,3.030624258398117
-4.274498040609096,0.19403351813172698,0.2559998093418021,0.04724069726451573,-1.741804878727994e-27,deutsch+e theater+donner,3.030624258398117
-4.201144588758844,0.12320143960153307,0.35640257350393545,0.09823253926033207,-2.4486242498060206e-27,theater+donner der,3.1285802129557863
-4.148133828953771,0.07855294945576974,0.3973429746418293,0.1078867219582675,-2.751546837410889e-27,Kritik,3.1964164705860596
-4.148133828953771,0.07855294945576974,0.3973429746418293,0.1078867219582675,-2.751546837410889e-27,der kritik,3.1964164705860596
-3.773856152262147,-0.22365397515241714,0.5990707878977616,0.11225390207015251,-4.165185579566942e-27,kritik itamar,3.669840446154529
-4.011398079052901,0.03809342850135944,0.24799171652168103,-0.022751711805663263,-1.6913177807938493e-27,ben-gvir forderung,3.336367947140453
-4.161114676664054,0.13320420093331187,0.2120519189382503,0.03244620013070239,-1.4388822911231255e-27,forderung mehr,3.1597617376106695
-4.222827182212147,0.17038694817897704,0.20496539558333,0.06303823870692317,-1.4136387421560532e-27,mehr mensch+en,3.087909198997319
-4.34955408706107,0.25021419919819277,0.1532611757960095,0.13077892007026418,-1.0602290566170399e-27,trifft,2.9391584281244016
-4.34955408706107,0.25021419919819277,0.1532611757960095,0.13077892007026418,-1.0602290566170399e-27,töt+en treff+t,2.9391584281244016
-4.322278261634954,0.23156607103340687,0.15516029586594304,0.1530858472182401,-1.0602290566170399e-27,Falschen,2.9721690598326735
-4.322278261634954,0.23156607103340687,0.15516029586594304,0.1530858472182401,-1.0602290566170399e-27,treff+t falsch+en,2.9721690598326735
-4.251227039240753,0.1837386916987238,0.17743300968266207,0.16907402033085037,-1.2369338993865465e-27,verfehlt,3.0573954988044307
-4.251227039240753,0.1837386916987238,0.17743300968266207,0.16907402033085037,-1.2369338993865465e-27,sie verfehl+t,3.0573954988044307
-4.1880900441566595,0.1414213682315626,0.19596889445491145,0.17873984515255786,-1.3631516442219084e-27,dennoch,3.13304272820599
-4.1880900441566595,0.1414213682315626,0.19596889445491145,0.17873984515255786,-1.3631516442219084e-27,verfehl+t dennoch,3.13304272820599
-4.068993657837925,0.06109055038393607,0.2316149345307142,0.1917496798772814,-1.6155871338926322e-27,entscheidenden,3.27597593335239
-4.068993657837925,0.06109055038393607,0.2316149345307142,0.1917496798772814,-1.6155871338926322e-27,dennoch entscheid+end+en,3.27597593335239
-3.784475417984519,-0.136840699247063,0.32804419643359006,0.21003771280632555,-2.3224065049706588e-27,Punkt,3.6203462647369227
-3.784475417984519,-0.136840699247063,0.32804419643359006,0.21003771280632555,-2.3224065049706588e-27,entscheid+end+en punkt,3.6203462647369227
-3.1325404246166366,-0.6118096566422406,0.5414928398077268,0.22839458197963428,-3.8370194429950014e-27,itamar ben-gvir+s,4.420569761255087
-3.5221131535832035,-0.281270740023043,0.25100030947834,0.23502190402560064,-1.8175355256292112e-27,martialische,3.920823356512936
-3.5221131535832035,-0.281270740023043,0.25100030947834,0.23502190402560064,-1.8175355256292112e-27,ben-gvir+s martialisch+e,3.920823356512936
-3.3292422194971687,-0.3706948410580435,0.07011743871995099,0.24787869503793297,-5.806016262426647e-28,martialisch+e äußerung,4.134984376535193
-2.2806554865635373,-0.9984168081971152,-0.12403375976214137,0.26372825853437243,6.815758221109542e-28,äußerung israel,5.360018739184072
-3.260038505874689,-0.40597370790483334,-0.01779910829258058,0.24593526232878354,2.524354896707238e-29,solle,4.213822834973859
-3.260038505874689,-0.40597370790483334,-0.01779910829258058,0.24593526232878354,2.524354896707238e-29,israel soll+e,4.213822834973859
-3.6789480734334186,-0.15328197831708001,0.030561379628063184,0.22925172642611613,-2.7767903863779616e-28,soll+e gazastreifen,3.7238630979559675
-2.8254000141355116,-0.6603689854783235,0.059285390284093714,0.0548057574678843,-5.048709793414476e-28,gazastreifen nacht,4.715642412784008
-4.254625181706708,0.19704029759219965,0.07619910299274103,0.17731722137979525,-5.301145283085199e-28,mensch+en töt+en,3.0492155732212387
-4.3524867017235405,0.2584145942906042,0.07477074137584004,0.1533670583002205,-5.048709793414476e-28,Wort,2.933694110022063
-4.3524867017235405,0.2584145942906042,0.07477074137584004,0.1533670583002205,-5.048709793414476e-28,töt+en wort,2.933694110022063
-4.368658862461018,0.26879820688978695,0.07339174769923844,0.1468759418972294,-5.048709793414476e-28,wort erklär+t,2.91449046051191
-4.391624123415726,0.2838739627725786,0.06979649090178136,0.13370898092156017,-4.796274303743752e-28,erklär+t wahl+kampf+getöse,2.887065280400373
-4.38719018510117,0.28614790069817153,0.03803837128430601,0.052337835613226455,-2.271919407036514e-28,Stimmen,2.8899797805544862
-4.38719018510117,0.28614790069817153,0.03803837128430601,0.052337835613226455,-2.271919407036514e-28,kampf stimme+n,2.8899797805544862
-4.3327112597875725,0.2532884748405453,0.007451393610407725,-0.02045158269163023,-2.524354896707238e-29,Knessetwahl,2.9538923777272372
-4.3327112597875725,0.2532884748405453,0.007451393610407725,-0.02045158269163023,-2.524354896707238e-29,stimme+n knesset+wahl,2.9538923777272372
-4.473126750985408,0.33771553066460425,0.04511591807714487,0.06064625711814352,-2.7767903863779616e-28,Ende,2.789681217053999
-4.473126750985408,0.33771553066460425,0.04511591807714487,0.06064625711814352,-2.7767903863779616e-28,knesset+wahl ende,2.789681217053999
-4.504201295718808,0.3557965909257814,0.05252491895259562,0.07592490147907442,-3.281661365719409e-28,Okt…,2.7536603554070944
-4.504201295718808,0.3557965909257814,0.05252491895259562,0.07592490147907442,-3.281661365719409e-28,ende okt…,2.7536603554070944
-4.533859885332971,0.3729529828611111,0.05906903083926164,0.0891483549404256,-3.7865323450608567e-28,+3217,2.7193378535630206
-4.533859885332971,0.3729529828611111,0.05906903083926164,0.0891483549404256,-3.7865323450608567e-28,okt… +3217,2.7193378535630206
-4.55829861302589,0.3870530463369768,0.06402853969219294,0.09896736081964118,-4.0389678347315804e-28,+3217 chars,2.691079219518919
-2.3544308292405756,-1.032013545088192,-0.5154545196336469,-0.1556024951996964,3.4331226595218434e-27,Drachen,5.319358339158335
-4.122784103696519,0.09322286555067394,-0.33856282320136144,0.0006147848152970002,2.3224065049706588e-27,Grenzgebiet,3.221791318077801
-4.122784103696519,0.09322286555067394,-0.33856282320136144,0.0006147848152970002,2.3224065049706588e-27,drache+n grenz+gebiet,3.221791318077801
-3.754706319426687,-0.13415684768348735,-0.3740886270591026,0.018453240271195603,2.54959844567431e-27,grenz+gebiet gazastreifen,3.6549635616266656
-3.392801562041057,-0.3612746465016654,-0.41077431896829175,-0.0027015333706542667,2.7767903863779616e-27,israel+s verteidigung+s+minister,4.082639469821681
-3.041335515344642,-0.6172270025736806,-0.48366610245219366,-0.18987712471528298,3.281661365719409e-27,verteidigung+s+minister droh+t,4.516451252942235
-3.3179004160104424,-0.5287056760484456,-0.5090651658755739,-0.4512410191976471,3.5088533064230605e-27,Hamas,4.233754989838905
-3.3179004160104424,-0.5287056760484456,-0.5090651658755739,-0.4512410191976471,3.5088533064230605e-27,droh+t hamas,4.233754989838905
-3.9243845016987997,-0.075284436843289,-0.4087968123280381,-0.23288027026696023,2.8525210332791787e-27,Vergeltung,3.4792383527413517
-3.9243845016987997,-0.075284436843289,-0.4087968123280381,-0.23288027026696023,2.8525210332791787e-27,hamas vergeltung,3.4792383527413517
-2.412496765610139,-0.9120683703237402,-0.16893335946793067,-5.9856913300312606e-05,1.0602290566170399e-27,Man,5.202591030337702
-4.150853593714602,0.0845826180804945,-0.3671551673536867,-0.1616633990639022,2.54959844567431e-27,vergeltung man,3.2022859474377485
-4.2704704991114095,0.1715929094809916,-0.33951074862564634,-0.10151638352502859,2.3728936029048035e-27,Start,3.0546420682417788
-4.2704704991114095,0.1715929094809916,-0.33951074862564634,-0.10151638352502859,2.3728936029048035e-27,man start,3.0546420682417788
-4.260503470533247,0.17907083462945583,-0.3215702094775599,-0.003407533594928361,2.2214323091023692e-27,start drache+n,3.0592656537796374
-4.181289993387631,0.12684394371950392,-0.3366275323197718,-0.02444520659000361,2.3224065049706588e-27,Kriegshandlung,3.154245528439805
-4.181289993387631,0.12684394371950392,-0.3366275323197718,-0.02444520659000361,2.3224065049706588e-27,drache+n krieg+s+handlung,3.154245528439805
-3.9866897834937203,0.011036619965397065,-0.34846323097092224,0.026118846768153625,2.398137151871876e-27,betrachten,3.3809746823258844
-3.9866897834937203,0.011036619965397065,-0.34846323097092224,0.026118846768153625,2.398137151871876e-27,krieg+s+handlung betracht+en,3.3809746823258844
-3.6150879252271184,-0.2149353673107557,-0.37165605903920285,0.07506769291834142,2.4991113477401654e-27,betracht+en erklär+te,3.8163183158805536
-2.4249827551702525,-0.9449456962694791,-0.4431559945374317,0.09057871805200852,2.9030081312133234e-27,erklär+te israel,5.2134322139682725
-3.9983135915489623,0.02432195761670397,-0.31132420093691493,0.0105773997423667,2.145701662201152e-27,Militär,3.363536379031392
-3.0632965209541436,-0.5705425839000839,-0.4239995430033666,-0.08268092824035575,2.8525210332791787e-27,angewiesen,4.472844948152418
-4.103645084931627,0.08453557979098103,-0.3172907423051451,-0.01804647002503928,2.196188760135297e-27,militär an+ge+weis+en,3.2422824159280994
-4.191230499962303,0.13206994196891775,-0.32401460574691754,-0.05977189257945549,2.2466758580694416e-27,Maßnahmen,3.142751155363569
-4.191230499962303,0.13206994196891775,-0.32401460574691754,-0.05977189257945549,2.2466758580694416e-27,an+ge+weis+en maßnahme+n,3.142751155363569
-4.2265735040511085,0.14520331088475613,-0.33413616990596995,-0.11047746180260495,2.3224065049706588e-27,ergreifen,3.1057477593259213
-4.2265735040511085,0.14520331088475613,-0.33413616990596995,-0.11047746180260495,2.3224065049706588e-27,maßnahme+n ergreif+en,3.1057477593259213
-4.21168082630858,0.12463517374215649,-0.3487773070314465,-0.16635955804008257,2.4486242498060206e-27,darunter,3.1292202501962665
-4.21168082630858,0.12463517374215649,-0.3487773070314465,-0.16635955804008257,2.4486242498060206e-27,ergreif+en darunter,3.1292202501962665
-4.045008129235406,-0.005658608956678579,-0.3974786535051542,-0.25964503432296215,2.7767903863779616e-27,Tötung,3.3397643370941306
-4.045008129235406,-0.005658608956678579,-0.3974786535051542,-0.25964503432296215,2.7767903863779616e-27,darunter tötung,3.3397643370941306
-3.4478961322482893,-0.4662343777940614,-0.5023607899203,-0.5028557566341,3.483609757455988e-27,Hamas-Anführern,4.089971818871437
-3.4478961322482893,-0.4662343777940614,-0.5023607899203,-0.5028557566341,3.483609757455988e-27,tötung hamas+-+anführer+n,4.089971818871437
-3.176447371497044,-0.49805873841279436,-0.432245451493245,-0.02269702584248057,2.9030081312133234e-27,israelisch+e verteidigung+s+minister,4.338809092163348
-3.8715120555053097,-0.051590547047922986,-0.3110400697606259,0.015084701897966731,2.1204581132340797e-27,katz armee,3.5113113451738514
-4.0913537027941045,0.0787859717146957,-0.3136256488469612,-0.005327851511447204,2.1709452111682245e-27,Medienberichten,3.255748169177605
-4.0913537027941045,0.0787859717146957,-0.3136256488469612,-0.005327851511447204,2.1709452111682245e-27,armee medienbericht+en,3.255748169177605
-4.26755373705181,0.18449007331746725,-0.3072713198787096,-0.02406280859193136,2.145701662201152e-27,medienbericht+en an+ge+weis+en,3.0501545374142816
-4.398310806939486,0.26274152449024557,-0.29918919897181906,-0.04579179458452577,2.0952145642670074e-27,Härte,2.897611256472017
-4.398310806939486,0.26274152449024557,-0.29918919897181906,-0.04579179458452577,2.0952145642670074e-27,an+ge+weis+en härte,2.897611256472017
-4.447413316561702,0.29050015484543734,-0.29767331161014554,-0.06667696227866915,2.0952145642670074e-27,Starten,2.8411610703019017
-4.447413316561702,0.29050015484543734,-0.29767331161014554,-0.06667696227866915,2.0952145642670074e-27,härte start+en,2.8411610703019017
-4.457327593210368,0.29274866829258084,-0.30181926014735594,-0.0927599212419557,2.1204581132340797e-27,Ballons,2.8315145866684595
-4.457327593210368,0.29274866829258084,-0.30181926014735594,-0.0927599212419557,2.1204581132340797e-27,start+en ballon+s,2.8315145866684595
-4.433694065174304,0.27145127021622484,-0.31269946516716396,-0.1303098397822425,2.196188760135297e-27,ballon+s drache+n,2.8628305435016204
-4.4082801121151505,0.2468847718967182,-0.3245434181099557,-0.17412849842840186,2.2971629560035864e-27,Drohnen,2.8973603328297233
-4.4082801121151505,0.2468847718967182,-0.3245434181099557,-0.17412849842840186,2.2971629560035864e-27,drache+n droh+n+en,2.8973603328297233
-4.56659107461604,0.3617698437454282,-0.284756727791208,-0.09223090050171358,2.0194839173657902e-27,droh+n+en gazastreifen,2.702052126067994
-4.625758292302034,0.40256740578532724,-0.2702869649238687,-0.06852181670813674,1.9185097214975007e-27,vorzugehen,2.6301532811656325
-4.625758292302034,0.40256740578532724,-0.2702869649238687,-0.06852181670813674,1.9185097214975007e-27,gazastreifen vor+zu+geh+en,2.6301532811656325
-4.676753183476135,0.4369837025713712,-0.258009782695793,-0.051466310087066466,1.8427790745962836e-27,+2575,2.5685658723848626
-4.692482052632217,0.4474902958836888,-0.25423496346445773,-0.04674584213714118,1.8175355256292112e-27,+2575 chars,2.549624949535193
-4.982811023597327,0.5867520816167044,-0.2083209034689135,-0.3210894498693252,1.5651000359584874e-27,schuster zentralrat,2.227758912873742
-3.1896292139394578,-0.4467661317392877,0.1324591693529998,-0.09225563043069299,-9.592548607487504e-28,warnt,4.291978343269038
-5.133596757989217,0.7123155499287723,-0.15284583148870076,-0.1807224630285734,1.1612032524853294e-27,jude+n warn+t,2.0332666857421624
-5.213393238517517,0.7740801937917612,-0.11938748462007057,-0.09885504759822906,9.34011311781678e-28,warn+t afd,1.932717523133934
-4.2762864615918,-0.05282850716547105,-0.384535159434523,-0.803634563101551,2.7767903863779616e-27,Sachsen-Anhalt,3.164695806569965
-5.076245585444083,0.6656964517926809,-0.1750490709761012,-0.23620724404785923,1.3126645462877636e-27,afd sachsen-anhalt,2.1066647105761467
-5.175392059690937,0.7451715828432048,-0.13571437258340613,-0.1385438753168048,1.0349855076499675e-27,sachsen-anhalt politiker,1.9803447553143958
-5.213393238517517,0.7740801937917612,-0.11938748462007057,-0.09885504759822906,9.34011311781678e-28,politiker afd,1.932717523133934
-5.196823480952476,0.7615966889214225,-0.12659752054414747,-0.11632086133452454,9.844984097158227e-28,sachsen-anhalt sei,1.9534226986552008
-5.146072706360016,0.7222303827005101,-0.14781928662953056,-0.16828992096352363,1.135959703518257e-27,Gegner,2.0174149260404084
-5.146072706360016,0.7222303827005101,-0.14781928662953056,-0.16828992096352363,1.135959703518257e-27,sei gegner,2.0174149260404084
-5.102256018706322,0.6870401818378988,-0.16515865757767798,-0.2113770761980128,1.2621774483536189e-27,offenen,2.073274798402243
-5.102256018706322,0.6870401818378988,-0.16515865757767798,-0.2113770761980128,1.2621774483536189e-27,gegner offen+en,2.073274798402243
-5.190328891645642,0.7566515410989205,-0.12938483804886108,-0.1230987638595232,1.0097419586828951e-27,offen+en gesellschaft,1.961564732585163
-4.53266124002917,0.3712731376129974,-0.10679456368474735,0.0005361543682282626,7.825500179792437e-28,sagt,2.723612636137225
-5.249842725614961,0.8008194744285269,-0.10301173275069014,-0.059541884123058775,8.077935669463161e-28,gesellschaft sag+t,1.887538344949552
-5.213393238517517,0.7740801937917612,-0.11938748462007057,-0.09885504759822906,9.34011311781678e-28,sag+t josef,1.932717523133934
-5.119181715283911,0.7007535505176259,-0.15856406949284835,-0.1949234457421672,1.2116903504194741e-27,Parteien,2.0516361240905434
-5.119181715283911,0.7007535505176259,-0.15856406949284835,-0.1949234457421672,1.2116903504194741e-27,warn+t partei+en,2.0516361240905434
-5.2440997016480395,0.7966758535029793,-0.10564014100072411,-0.06581873701525348,8.330371159133885e-28,Annäherung,1.894621462292231
-5.2440997016480395,0.7966758535029793,-0.10564014100072411,-0.06581873701525348,8.330371159133885e-28,partei+en annäherung,1.894621462292231
-5.277068789538932,0.8200836049849556,-0.0902974213782359,-0.029356787095771174,7.32062920045099e-28,Rechtsextreme,1.8541526822204462
-5.277068789538932,0.8200836049849556,-0.0902974213782359,-0.029356787095771174,7.32062920045099e-28,annäherung rechtsextrem+e,1.8541526822204462
-3.798693516821239,-0.11290655918379278,0.3204735379100573,0.10031974094135579,-2.2466758580694416e-27,Mit,3.595648214839961
-5.290952480160153,0.8296530001094927,-0.08364859201343788,-0.013688383347014846,6.815758221109542e-28,Blick,1.837257504329734
-5.290952480160153,0.8296530001094927,-0.08364859201343788,-0.013688383347014846,6.815758221109542e-28,mit blick,1.837257504329734
-4.443788319605345,0.10042085850148319,-0.35131911147802297,-0.7088005677539138,2.54959844567431e-27,Landtagswahl,2.941816793191374
-5.27011825210198,0.8152270006417046,-0.0935836334347187,-0.03713045795974221,7.573064690121713e-28,blick land+tag+s+wahl,1.862644448492629
-4.554007042386539,0.2014406559920352,-0.32717032531944945,-0.6408788266023415,2.398137151871876e-27,land+tag+s+wahl sachsen-anhalt,2.7950440252613316
-5.102256018706322,0.6870401818378988,-0.16515865757767798,-0.2113770761980128,1.2621774483536189e-27,sachsen-anhalt präsident,2.073274798402243
-4.982811023597327,0.5867520816167044,-0.2083209034689135,-0.3210894498693252,1.5651000359584874e-27,Zentralrats,2.227758912873742
-4.982811023597327,0.5867520816167044,-0.2083209034689135,-0.3210894498693252,1.5651000359584874e-27,präsident zentralrat+s,2.227758912873742
-4.982811023597327,0.5867520816167044,-0.2083209034689135,-0.3210894498693252,1.5651000359584874e-27,zentralrat+s jude+n,2.227758912873742
-5.230605407006873,0.7868354331258529,-0.11174443671113654,-0.08044511257874672,8.835242138475332e-28,deutschland josef,1.9113176322086478
-5.102256018706322,0.6870401818378988,-0.16515865757767798,-0.2113770761980128,1.2621774483536189e-27,schuster afd,2.073274798402243
-5.1570132352669384,0.7308515395493858,-0.1433509016133343,-0.15727764274681477,1.1107161545511846e-27,gewarnt,2.003551360618197
-5.1570132352669384,0.7308515395493858,-0.1433509016133343,-0.15727764274681477,1.1107161545511846e-27,afd ge+warn+t,2.003551360618197
-5.218137715063993,0.7776182567872871,-0.11729649650466581,-0.09380775116376401,9.087677628146056e-28,Diese,1.9268074528644268
-5.275421858613516,0.8189367408589289,-0.0910786252614724,-0.03120298565947315,7.32062920045099e-28,demokratische,1.8561628151991978
-5.275421858613516,0.8189367408589289,-0.0910786252614724,-0.03120298565947315,7.32062920045099e-28,diese demokratisch+e,1.8561628151991978
-5.294392961893919,0.8319965150145006,-0.08198331172552739,-0.009776508107300689,6.563322731438818e-28,demokratisch+e zentrum,1.8330849535430531
-5.309037285735426,0.8418435553479114,-0.07481540782225049,0.007004711285457396,6.058451752097371e-28,La…,1.815389905244009
-5.309037285735426,0.8418435553479114,-0.07481540782225049,0.007004711285457396,6.058451752097371e-28,zentrum la…,1.815389905244009
-5.312670826052868,0.844253931163381,-0.07301671756507394,0.011201325183605289,6.058451752097371e-28,+2676,1.8110161830808085
-5.312670826052868,0.844253931163381,-0.07301671756507394,0.011201325183605289,6.058451752097371e-28,la… +2676,1.8110161830808085
-5.316600375527814,0.846845615469287,-0.07106236117082845,0.01575460026255209,5.806016262426647e-28,+2676 char+s,1.806293831515181
-5.0907788379342325,0.6828117193178045,0.2795589374564734,0.0893512993446861,-1.868022623563356e-27,Konrad,2.079057351854507
-5.0907788379342325,0.6828117193178045,0.2795589374564734,0.0893512993446861,-1.868022623563356e-27,mit konrad,2.079057351854507
-5.052033550110885,0.6509495527535538,0.3186633723554074,0.08996107546994336,-2.1204581132340797e-27,Adenauer,2.128079809708463
-5.052033550110885,0.6509495527535538,0.3186633723554074,0.08996107546994336,-2.1204581132340797e-27,konrad adenauer,2.128079809708463
-4.928208272177626,0.5440532016265038,0.436624722857345,0.09185488732872293,-2.9534952291474682e-27,David,2.287480833283082
-4.928208272177626,0.5440532016265038,0.436624722857345,0.09185488732872293,-2.9534952291474682e-27,adenauer david,2.287480833283082
-4.710606817887497,0.34483179983045775,0.6168721428603955,0.09232024578819727,-4.215672677501087e-27,Ben,2.5738973919142136
-4.710606817887497,0.34483179983045775,0.6168721428603955,0.09232024578819727,-4.215672677501087e-27,david ben,2.5738973919142136
-4.709813402083263,0.3446197834982052,0.6164920952478018,0.09157784670358979,-4.215672677501087e-27,Gurion,2.574690112612408
-4.709813402083263,0.3446197834982052,0.6164920952478018,0.09157784670358979,-4.215672677501087e-27,ben gurion,2.574690112612408
-4.984596763723111,0.5957575322362378,0.37781115134230137,0.0864216235616632,-2.54959844567431e-27,Cadenabbia,2.21339566373016
-4.984596763723111,0.5957575322362378,0.37781115134230137,0.0864216235616632,-2.54959844567431e-27,gurion cadenabbia,2.21339566373016
-5.067539016188586,0.6672012395771543,0.29029170021269435,0.08061114498486477,-1.943753270464573e-27,cadenabbia für,2.106827889954263
-4.930551338979931,0.5935811798905701,0.26526764592883445,-0.029217017973625598,-1.741804878727994e-27,Arbeiterkind,2.2622474023903
-4.930551338979931,0.5935811798905701,0.26526764592883445,-0.029217017973625598,-1.741804878727994e-27,für arbeiter+kind,2.2622474023903
-4.979092409680936,0.6293690493367798,0.22339806234627713,-0.026909200956719257,-1.464125840090198e-27,psychologisch,2.2028626569835597
-4.979092409680936,0.6293690493367798,0.22339806234627713,-0.026909200956719257,-1.464125840090198e-27,arbeiter+kind psychologisch,2.2028626569835597
-5.0079751282940475,0.65111600336348,0.18997746279476851,-0.031032208339085255,-1.2116903504194741e-27,bedeutet,2.1674134434925048
-5.0079751282940475,0.65111600336348,0.18997746279476851,-0.031032208339085255,-1.2116903504194741e-27,psychologisch bedeut+et,2.1674134434925048
-5.008706613829541,0.654523487890702,0.1588428768270745,-0.052339184579882805,-1.0097419586828951e-27,Konrad-Adenauer-Stiftung,2.1654604705475013
-5.008706613829541,0.654523487890702,0.1588428768270745,-0.052339184579882805,-1.0097419586828951e-27,bedeut+et konrad+-+adenauer+-+stiftung,2.1654604705475013
-4.993740718606251,0.6468968337025247,0.12730566215415262,-0.08440752122500175,-7.825500179792437e-28,KAS,2.1826264862625173
-4.993740718606251,0.6468968337025247,0.12730566215415262,-0.08440752122500175,-7.825500179792437e-28,konrad+-+adenauer+-+stiftung ka+s,2.1826264862625173
-4.98847615109001,0.6437387432258859,0.12098731994964805,-0.09232297882882841,-7.32062920045099e-28,damals,2.1888442626706976
-4.98847615109001,0.6437387432258859,0.12098731994964805,-0.09232297882882841,-7.32062920045099e-28,ka+s damals,2.1888442626706976
-4.970453054706971,0.6323725838407133,0.10574285500298629,-0.11487247559713008,-6.310887241768094e-28,Wehrdienst,2.2103285957052656
-4.970453054706971,0.6323725838407133,0.10574285500298629,-0.11487247559713008,-6.310887241768094e-28,damals wehr+dienst,2.2103285957052656
-4.9341101545035695,0.6082023353636372,0.08299568511428806,-0.15433742434124714,-4.796274303743752e-28,Bankausbildung,2.254187428182686
-4.9341101545035695,0.6082023353636372,0.08299568511428806,-0.15433742434124714,-4.796274303743752e-28,wehr+dienst bank+ausbildung,2.254187428182686
-4.7703627613708015,0.4888579455748219,0.012887240516384957,-0.30291491212163046,2.524354896707238e-29,Stipendium,2.4567641164793192
-4.7703627613708015,0.4888579455748219,0.012887240516384957,-0.30291491212163046,2.524354896707238e-29,bank+ausbildung stipendium,2.4567641164793192
-4.619860534733649,0.369388856921381,-0.038898419544220936,-0.4218147779539253,3.7865323450608567e-28,Begabtenförderung,2.6478572491167705
-4.619860534733649,0.369388856921381,-0.038898419544220936,-0.4218147779539253,3.7865323450608567e-28,stipendium begabtenförderung,2.6478572491167705
-5.068933352208903,0.6920306395144324,-0.002785205952844816,-0.1232464162427421,1.262177448353619e-28,Studium,2.096882493233368
-5.068933352208903,0.6920306395144324,-0.002785205952844816,-0.1232464162427421,1.262177448353619e-28,begabtenförderung studium,2.096882493233368
-5.119309719806658,0.7263575557152973,0.015840698192815694,-0.07474180736030338,0.0,unterstützte,2.035848987526809
-5.119309719806658,0.7263575557152973,0.015840698192815694,-0.07474180736030338,0.0,studium unter+stütz+te,2.035848987526809
-5.165063299337627,0.7560250541330529,0.03166940445240246,-0.030397933885685274,-1.262177448353619e-28,Zumal,1.9812146151954433
-5.198514634009242,0.7768349760143838,0.04145690667605198,0.0014184481223920836,-2.0194839173657902e-28,Andreas,1.9417522458574767
-5.198514634009242,0.7768349760143838,0.04145690667605198,0.0014184481223920836,-2.0194839173657902e-28,zumal andreas,1.9417522458574767
-5.208298155041695,0.7827978861951153,0.04383183018031437,0.010486802599485307,-2.0194839173657902e-28,Püttmann,1.930281537079767
-5.208298155041695,0.7827978861951153,0.04383183018031437,0.010486802599485307,-2.0194839173657902e-28,andreas püttmann,1.930281537079767
-5.220290237789742,0.7900430024206594,0.0463390619634076,0.02138462619109391,-2.271919407036514e-28,püttmann für,1.9162602225751024
-5.064668377084967,0.6842335797016128,-0.04597917900319576,-0.15595455104416528,4.291403324402304e-28,im…,2.1051606052249885
-5.064668377084967,0.6842335797016128,-0.04597917900319576,-0.15595455104416528,4.291403324402304e-28,begabtenförderung im…,2.1051606052249885
-5.109939869120986,0.7169648787014755,-0.027301484513793176,-0.11128736049752866,3.0292258760486853e-28,+7203,2.049310411769744
-5.109939869120986,0.7169648787014755,-0.027301484513793176,-0.11128736049752866,3.0292258760486853e-28,im… +7203,2.049310411769744
-5.142944879431403,0.7399409328697506,-0.013066718865866148,-0.07766285192761506,2.0194839173657902e-28,+7203 chars,2.009044490708418
-4.4691255302826995,0.3178036089156939,-0.24481188644222182,0.19841955148012802,1.6913177807938493e-27,Unter,2.8082886890330983
-4.392354169801944,0.2700908700270297,-0.254505316445623,0.2023578211040261,1.741804878727994e-27,Zwang,2.89882196201297
-4.392354169801944,0.2700908700270297,-0.254505316445623,0.2023578211040261,1.741804878727994e-27,unter zwang,2.89882196201297
-4.202802605041509,0.15253999589947598,-0.27588979079388964,0.21077089164784532,1.868022623563356e-27,Kriegsverbrechen,3.1221777878210806
-4.202802605041509,0.15253999589947598,-0.27588979079388964,0.21077089164784532,1.868022623563356e-27,zwang krieg+s+verbrechen,3.1221777878210806
-2.7933320679588114,-0.7132386306965537,-0.37438593781384033,0.24080589463026533,2.4486242498060206e-27,Israelischer,4.777684843499854
-2.7933320679588114,-0.7132386306965537,-0.37438593781384033,0.24080589463026533,2.4486242498060206e-27,krieg+s+verbrechen israelisch+er,4.777684843499854
-4.049842336148631,0.057974041638330975,-0.2914897916696738,0.21464510875628912,1.9689968194316455e-27,israelisch+er minister,3.302232119691974
-4.371963816794456,0.2575444229506354,-0.2581095896913146,0.1990694805099026,1.7670484276950664e-27,minister palästinenser,2.922807707673165
-3.771236887475671,-0.11353517777674349,-0.32634478294898994,0.18613308461116845,2.196188760135297e-27,palästinenser gazastreifen,3.629819838920942
-4.650694375810848,0.43118762093057583,-0.22153278528599,0.17653968029550013,1.539856486991415e-27,herausholen,2.593855883342254
-4.650694375810848,0.43118762093057583,-0.22153278528599,0.17653968029550013,1.539856486991415e-27,gazastreifen heraus+hol+en,2.593855883342254
-4.709167324788477,0.46774931335703407,-0.21275378552479243,0.16950865708075097,1.4893693890572703e-27,heraus+hol+en der,2.5247548712510426
-4.229304471841205,0.1699747210373186,-0.284422670700027,0.15417166504420868,1.943753270464573e-27,Regierung,3.0904760356003007
-4.229304471841205,0.1699747210373186,-0.284422670700027,0.15417166504420868,1.943753270464573e-27,israelisch+e regierung,3.0904760356003007
-4.273282031581578,0.19717513530994224,-0.2802309841665589,0.1505897409194337,1.9185097214975007e-27,regierung sei,3.038701061532369
-4.324535103175528,0.22955410030088896,-0.2707982340150612,0.14582954987050606,1.868022623563356e-27,erdenklichen,2.9779369141536005
-4.324535103175528,0.22955410030088896,-0.2707982340150612,0.14582954987050606,1.868022623563356e-27,sei erdenklich+en,2.9779369141536005
-4.348289078160595,0.24664410644292611,-0.25160812919694464,0.14317224387303504,1.741804878727994e-27,Weg,2.9484639828770955
-4.348289078160595,0.24664410644292611,-0.25160812919694464,0.14317224387303504,1.741804878727994e-27,erdenklich+en weg,2.9484639828770955
-4.36186813907209,0.25685731361739106,-0.2365510279772632,0.14107624977507455,1.6155871338926322e-27,bereit,2.9313207334978424
-4.36186813907209,0.25685731361739106,-0.2365510279772632,0.14107624977507455,1.6155871338926322e-27,weg bereit,2.9313207334978424
-3.937432610310369,-0.010740234567084173,-0.3102303628145223,0.1825200976693564,2.0952145642670074e-27,bereit palästinenser,3.4341762559701716
-4.760626760271457,0.5101055558999597,-0.07700525134936945,0.13240551494721936,5.553580772755923e-28,umzusiedeln,2.4565941736895565
-4.760626760271457,0.5101055558999597,-0.07700525134936945,0.13240551494721936,5.553580772755923e-28,gazastreifen um+zu+siedel+n,2.4565941736895565
-4.696620919649408,0.4720625251536159,-0.04864096124183767,0.13166845647706252,3.534096855390133e-28,um+zu+siedel+n sag+t,2.530594549791563
-4.663398648122878,0.45207676052221335,-0.031569365786548204,0.131610741745096,2.524354896707238e-28,sag+t verteidigung+s+minister,2.5690923409045925
-4.2103363906591875,0.14676341890338995,0.26099706300744574,0.14135021691353145,-1.8175355256292112e-27,verteidigung+s+minister katz,3.110131115017907
-4.425805749881799,0.3047633466866946,0.07475025671647102,0.124852627855244,-5.048709793414476e-28,Ohne,2.8469119012464783
-4.486344212235848,0.34552814804006804,-0.0005485349039548032,0.1134997137948154,2.524354896707238e-29,Beweise,2.7751767805932372
-4.486344212235848,0.34552814804006804,-0.0005485349039548032,0.1134997137948154,2.524354896707238e-29,ohne beweis+e,2.7751767805932372
-4.521721308263086,0.3669463383626448,-0.0792607373874496,0.09497927061903107,5.806016262426647e-28,behauptet,2.735014372247843
-4.521721308263086,0.3669463383626448,-0.0792607373874496,0.09497927061903107,5.806016262426647e-28,beweis+e behaupt+et,2.735014372247843
-4.467524996529333,0.3240580387359975,-0.2022566957514341,0.026090281677590987,1.4136387421560532e-27,Prozent,2.80532985687483
-4.467524996529333,0.3240580387359975,-0.2022566957514341,0.026090281677590987,1.4136387421560532e-27,behaupt+et prozent,2.80532985687483
-3.3598353938731234,-0.3339507509122246,-0.050555248466424646,0.0791781680043982,2.7767903863779616e-28,Bevölkerung,4.091275358589768
-4.408459431936182,0.27715879512541863,-0.26821638696002437,-0.01010730234408595,1.868022623563356e-27,prozent bevölkerung,2.8810734505117077
-4.486328833649376,0.3270586453905997,-0.271660574801332,0.0744772432119029,1.8932661725304283e-27,wollten,2.788894620746787
-4.486328833649376,0.3270586453905997,-0.271660574801332,0.0744772432119029,1.8932661725304283e-27,bevölkerung woll+ten,2.788894620746787
-4.441685226782704,0.30074863251202344,-0.2695174481346535,0.11418134095848241,1.868022623563356e-27,Küstengebiet,2.8407692444084236
-4.441685226782704,0.30074863251202344,-0.2695174481346535,0.11418134095848241,1.868022623563356e-27,woll+ten küste+n+gebiet,2.8407692444084236
-4.326468831843564,0.229626223279914,-0.2783083183900946,0.1443623604910712,1.9185097214975007e-27,verlassen,2.9763589343239767
-4.326468831843564,0.229626223279914,-0.2783083183900946,0.1443623604910712,1.9185097214975007e-27,küste+n+gebiet verlass+en,2.9763589343239767
-4.138005487002339,0.11291406643763824,-0.29519899935259897,0.1677551831781157,2.0194839173657902e-27,Zwangsumsiedlung…,3.1983164391200654
-2.748531541152361,-0.7404721808125463,-0.38345503889570265,0.22129591515983157,2.4991113477401654e-27,zwangsumsiedlung… israel,4.830200449602501
-4.065135720467644,0.07663017853173293,-0.23093304406043982,0.19309713710971782,1.5651000359584874e-27,spricht,3.2784940817240646
-4.267408025446629,0.19842768866048366,-0.23560509890858553,0.18298017305033748,1.6155871338926322e-27,sprech+t offen,3.042460627928593
-4.496207859887667,0.337800894241572,-0.22682802011073197,0.1714660820229667,1.5651000359584874e-27,Wünsche,2.7744227361295195
-4.496207859887667,0.337800894241572,-0.22682802011073197,0.1714660820229667,1.5651000359584874e-27,offen wunsch+e,2.7744227361295195
-4.6172624592609015,0.4122101641471476,-0.21609987995873528,0.16555910464836454,1.4893693890572703e-27,wunsch+e gazastreifen,2.6321669807145973
-4.02949415695632,0.04645993345010213,-0.30441966821356936,0.15966249726798903,2.069971015299935e-27,Anadolu,3.3256660102750906
-4.02949415695632,0.04645993345010213,-0.30441966821356936,0.15966249726798903,2.069971015299935e-27,alliance anadolu,3.3256660102750906
-4.811544558098358,0.5324346761511518,-0.18962017089333796,0.15703804286357584,1.337908095254836e-27,anadolu der,2.4033002121290323
-4.96375805234785,0.6270773365960498,-0.16022879888649214,0.1519460408348877,1.135959703518257e-27,+2499,2.223626066790513
-4.96375805234785,0.6270773365960498,-0.16022879888649214,0.1519460408348877,1.135959703518257e-27,palästinenser +2499,2.223626066790513
-4.969950987964287,0.6309313746418803,-0.15885932262979077,0.15177892548648428,1.135959703518257e-27,+2499 chars,2.2163114792429623
-2.6931176061342423,-0.7435952541689521,-0.15005989257266983,-0.04083049339500058,9.34011311781678e-28,Christoph,4.87492774077688
-2.7531609742577086,-0.7049726724164556,-0.13698270789983788,-0.01590915825618948,8.582806648804608e-28,Heusgen,4.803428807533463
-2.7531609742577086,-0.7049726724164556,-0.13698270789983788,-0.01590915825618948,8.582806648804608e-28,christoph heu+s+gen,4.803428807533463
-3.949783254752059,0.02107899510799016,-0.0783229703824411,0.1172305438484467,5.048709793414476e-28,heu+s+gen der,3.4033547413571723
-3.8804418856427856,-0.021168403932045665,-0.08630844060934742,0.12243361363530765,5.553580772755923e-28,Schritt,3.4846797584780984
-3.8804418856427856,-0.021168403932045665,-0.08630844060934742,0.12243361363530765,5.553580772755923e-28,der schritt,3.4846797584780984
-3.6903839045639506,-0.1371208641826187,-0.1085998574135941,0.13578705088164417,7.068193710780266e-28,wäre,3.707668743455282
-3.6903839045639506,-0.1371208641826187,-0.1085998574135941,0.13578705088164417,7.068193710780266e-28,schritt sei,3.707668743455282
-3.2862304091190353,-0.3842350030506916,-0.1545130294947434,0.15926010181580177,9.844984097158227e-28,sei viel+en,4.182095079360884
-2.326384962604587,-0.9718134848043625,-0.24312890659752537,0.19401441384013268,1.5146129380243427e-27,viel+en israeli+s,5.308822004340162
-3.5210676029520913,-0.23882549933100794,-0.09121882110020843,0.13658007535203057,5.806016262426647e-28,Warnschuss,3.9048868429952113
-3.5210676029520913,-0.23882549933100794,-0.09121882110020843,0.13658007535203057,5.806016262426647e-28,israeli+s warn+schuss,3.9048868429952113
-3.6258636001358555,-0.1744010001824028,-0.04859457602397846,0.12171045837604923,2.7767903863779616e-28,angesehen,3.781185830430706
-3.6258636001358555,-0.1744010001824028,-0.04859457602397846,0.12171045837604923,2.7767903863779616e-28,warn+schuss an+ge+seh+en,3.781185830430706
-3.2040950767898977,-0.4306153681961815,-0.08676684443717186,0.14685701984983446,5.048709793414476e-28,an+ge+seh+en werd+en,4.275275150588982
-2.1518306802284775,-1.0717237324364812,-0.18313785454171475,0.18830799781149063,1.0854726055841122e-27,werd+en israel+s,5.508910450791501
-3.8500643490449256,-0.04076740622676711,0.07565991530209171,-0.022017451942901074,-5.301145283085199e-28,ge+forder+t nacht,3.517914397791921
-3.8325542513353827,-0.048524343234998435,-0.0695613336312293,0.06523818877120514,4.543838814073028e-28,Müsste,3.5394024166275795
-3.4956098136871727,-0.2556447570638207,-0.14867663910580478,0.08783869317773502,9.592548607487504e-28,müss+te deutschland+s,3.9361502714130903
-2.256579146198578,-1.0169124761209596,-0.2861156426400706,0.14660336492937415,1.8175355256292112e-27,Israel-Politik,5.392437519716214
-2.256579146198578,-1.0169124761209596,-0.2861156426400706,0.14660336492937415,1.8175355256292112e-27,deutschland+s israel+-+politik,5.392437519716214
-3.512096909668632,-0.24906450973388283,-0.18217995313709637,0.03498292304157167,1.2116903504194741e-27,grundsätzlich,3.919032788804971
-3.512096909668632,-0.24906450973388283,-0.18217995313709637,0.03498292304157167,1.2116903504194741e-27,israel+-+politik grundsätzlich,3.919032788804971
-3.6417559720361385,-0.17977865148914374,-0.18910992416439212,-0.0897160243043171,1.2874209973206913e-27,ändern,3.772046102876161
-3.6417559720361385,-0.17977865148914374,-0.18910992416439212,-0.0897160243043171,1.2874209973206913e-27,grundsätzlich änder+n,3.772046102876161
-4.126150824213755,0.12244316522852694,-0.11711969827202498,-0.053117271819251036,8.330371159133885e-28,klare,3.200194401199379
-4.126150824213755,0.12244316522852694,-0.11711969827202498,-0.053117271819251036,8.330371159133885e-28,heu+s+gen klar+e,3.200194401199379
-4.143974077867268,0.1333542957671865,-0.10959220102382805,-0.05888940154881385,7.825500179792437e-28,Haltung,3.179167215101901
-4.143974077867268,0.1333542957671865,-0.10959220102382805,-0.05888940154881385,7.825500179792437e-28,klar+e haltung,3.179167215101901
-4.133473751111461,0.1244059263159174,-0.10492677878856943,-0.09570087780088275,7.573064690121713e-28,Gespräch,3.192616241092201
-4.133473751111461,0.1244059263159174,-0.10492677878856943,-0.09570087780088275,7.573064690121713e-28,ein gespräch,3.192616241092201
-3.9945858289393543,0.03250358355827232,-0.12395185430153854,-0.15603509873959992,8.835242138475332e-28,gespräch podcast,3.3591454721195486
-3.6992744920044847,-0.1709156784286705,-0.17778767852957209,-0.2741487181444298,1.2369338993865465e-27,der…,3.7176075053770403
-3.6992744920044847,-0.1709156784286705,-0.17778767852957209,-0.2741487181444298,1.2369338993865465e-27,podcast der…,3.7176075053770403
-3.9945858289393543,0.03250358355827232,-0.12395185430153854,-0.15603509873959992,8.835242138475332e-28,der… podcast,3.3591454721195486
-3.3112870053042323,-0.4166938507696303,-0.21323779995335926,-0.3062481054361632,1.464125840090198e-27,früheren,4.177207442975134
-3.3112870053042323,-0.4166938507696303,-0.21323779995335926,-0.3062481054361632,1.464125840090198e-27,podcast früh+er+en,4.177207442975134
-2.791029580587427,-0.7797304112059344,-0.28382995160691005,-0.4475717924388017,1.943753270464573e-27,Hamas-Geisel,4.81091827732631
-2.791029580587427,-0.7797304112059344,-0.28382995160691005,-0.4475717924388017,1.943753270464573e-27,früh+er+en hamas+-+geisel,4.81091827732631
-3.18286374883177,-0.4622924599045999,-0.1891702696899447,-0.14277883106348452,1.2621774483536189e-27,Rom,4.310713684172879
-3.18286374883177,-0.4622924599045999,-0.1891702696899447,-0.14277883106348452,1.2621774483536189e-27,hamas+-+geisel rom,4.310713684172879
-3.1360365163311683,-0.48446155196883334,-0.18427650519813718,-0.09525392259945405,1.2116903504194741e-27,Braslavski,4.362291611315737
-3.1360365163311683,-0.48446155196883334,-0.18427650519813718,-0.09525392259945405,1.2116903504194741e-27,rom braslavski,4.362291611315737
-1.9546315036686108,-1.1951252466161955,-0.26234314367899125,0.08524657592208601,1.6408306828597046e-27,braslavski israel+s,5.742466567979921
-3.518864465313991,-0.2529442106838191,0.19544808836522815,-0.050530046525385536,-1.3631516442219084e-27,kürzlich,3.9091171930285693
-3.518864465313991,-0.2529442106838191,0.19544808836522815,-0.050530046525385536,-1.3631516442219084e-27,ben-gvir kürzlich,3.9091171930285693
-3.636481625965795,-0.1744838694270776,0.10071893185445063,-0.10589015223584747,-7.068193710780266e-28,kürzlich ge+forder+t,3.769238350670681
-3.864621742968994,-0.03356470035397341,0.05502305014817435,-0.08926440831916167,-3.7865323450608567e-28,ge+forder+t gazastreifen,3.5018889961137187
-4.29160425332743,0.22832909604070117,0.0202516129020182,-0.019844585655188485,-1.0097419586828951e-28,tö…,3.0017782178752426
-4.29160425332743,0.22832909604070117,0.0202516129020182,-0.019844585655188485,-1.0097419586828951e-28,mensch+en tö…,3.0017782178752426
-4.315579269256288,0.24292647342721474,0.01799384685478296,-0.017234480939062605,-1.0097419586828951e-28,+13511,2.973754471804425
-4.315579269256288,0.24292647342721474,0.01799384685478296,-0.017234480939062605,-1.0097419586828951e-28,tö… +13511,2.973754471804425
-4.346412427198239,0.2616882114665302,0.015157463775207727,-0.013953330400412911,-7.573064690121713e-29,+13511 chars,2.937719018704917
-2.51999252355676,-0.880292301719078,-0.403001085099405,0.19783241626089204,2.6253290925755273e-27,Bei,5.098328440897517
-4.015379706179453,0.03662753445651412,-0.29397704140236613,0.21814235020295733,1.9689968194316455e-27,Angriff,3.342810439299689
-4.015379706179453,0.03662753445651412,-0.29397704140236613,0.21814235020295733,1.9689968194316455e-27,bei angriff,3.342810439299689
-2.794242670261001,-0.7126883144909661,-0.37419933717761256,0.24120634570547292,2.4486242498060206e-27,angriff israel,4.7766190687491585
-3.9204319292052814,-0.008964539167362728,-0.18926901826134343,0.22789714723266757,1.2621774483536189e-27,katz droh+t,3.4460224304959755
-4.179249333689185,0.145734968907977,-0.2144396529102839,0.21395656270843727,1.4388822911231255e-27,Würden,3.144897225083354
-4.179249333689185,0.145734968907977,-0.2144396529102839,0.21395656270843727,1.4388822911231255e-27,droh+t werd+en,3.144897225083354
-2.3595591285270707,-0.9695156168768428,-0.36427843860306575,0.20385087566813065,2.347650053937731e-27,Iran,5.281168587343945
-4.330011349296769,0.2366883385357732,-0.2191542289617804,0.2046977312655724,1.4893693890572703e-27,werd+en iran,2.9688974145654314
-4.41997041433506,0.2913298004044982,-0.2186342494774456,0.19847829202401118,1.4893693890572703e-27,tief,2.863633762161353
-4.41997041433506,0.2913298004044982,-0.2186342494774456,0.19847829202401118,1.4893693890572703e-27,iran tief,2.863633762161353
-4.508555617298613,0.3454210286014341,-0.21576092292854684,0.1915980326242296,1.4893693890572703e-27,Steinzeit,2.7597918131484835
-4.508555617298613,0.3454210286014341,-0.21576092292854684,0.1915980326242296,1.4893693890572703e-27,tief stein+zeit,2.7597918131484835
-4.589197338074045,0.3949093219872839,-0.21115687006006226,0.18440422527292627,1.464125840090198e-27,zurückversetzen,2.66509997986591
-4.589197338074045,0.3949093219872839,-0.21115687006006226,0.18440422527292627,1.464125840090198e-27,stein+zeit zurück+versetz+en,2.66509997986591
-4.29216390228266,0.20789505387104823,-0.2660428460568933,0.20767706475676487,1.8175355256292112e-27,zurück+versetz+en bei,3.0169181652865458
-3.697230256714356,-0.15915271529472608,-0.33395606548068324,0.18186199298148362,2.2466758580694416e-27,bei angriff+en,3.7168506891985627
-3.302083594223117,-0.39668008997805826,-0.3277649860184638,0.20325371655767807,2.1709452111682245e-27,angriff+en iran,4.1777897234961285
-2.91787143229033,-0.6370579778082797,-0.3793797728953887,0.20624981146534316,2.4991113477401654e-27,Frühjahr,4.631706412630779
-2.91787143229033,-0.6370579778082797,-0.3793797728953887,0.20624981146534316,2.4991113477401654e-27,iran frühjahr,4.631706412630779
-2.1063750179436456,-1.1321251499240894,-0.4139349016507584,0.22015328463520298,2.675816190509672e-27,nimmt,5.582742714873063
-2.1063750179436456,-1.1321251499240894,-0.4139349016507584,0.22015328463520298,2.675816190509672e-27,frühjahr nehm+t,5.582742714873063
-0.474728874803346,-2.1235441519397744,-0.4645416806193695,0.23874678593734344,2.877764582246251e-27,nehm+t israel,7.492571806843236
-2.2413481034867866,-1.0499114805733263,-0.4088659104649067,0.21801949665894885,2.6505726415425997e-27,israel bereits,5.4246382628677825
-2.916295659068508,-0.6380285190471047,-0.37970447410340946,0.20554424356566736,2.4991113477401654e-27,zivile,4.633560134450226
-2.916295659068508,-0.6380285190471047,-0.37970447410340946,0.20554424356566736,2.4991113477401654e-27,bereits zivil+e,4.633560134450226
-3.2348039244759677,-0.4430956370205923,-0.3632658614210047,0.19705520292647105,2.398137151871876e-27,Infrastruktur,4.259909153359414
-3.2348039244759677,-0.4430956370205923,-0.3632658614210047,0.19705520292647105,2.398137151871876e-27,zivil+e infrastruktur,4.259909153359414
-3.6759519390139803,-0.17227486315982032,-0.3362790886196353,0.180032209810091,2.2466758580694416e-27,Visier,3.7418775631673213
-3.6759519390139803,-0.17227486315982032,-0.3362790886196353,0.180032209810091,2.2466758580694416e-27,infrastruktur visier,3.7418775631673213
-4.741719839182563,0.4884171038065084,-0.21642547540867738,0.12420587271928715,1.5146129380243427e-27,Falle,2.4861551052799964
-4.741719839182563,0.4884171038065084,-0.21642547540867738,0.12420587271928715,1.5146129380243427e-27,droh+t fall+e,2.4861551052799964
-4.761176151216855,0.5004670053299942,-0.21527110383206646,0.11110925823786613,1.5146129380243427e-27,iranischen,2.463223266351712
-4.761176151216855,0.5004670053299942,-0.21527110383206646,0.11110925823786613,1.5146129380243427e-27,fall+e iranisch+en,2.463223266351712
-4.7255966534371,0.4780358896987398,-0.22390696085634162,0.10296252875717728,1.5651000359584874e-27,Angriffs,2.5053857898277747
-4.7255966534371,0.4780358896987398,-0.22390696085634162,0.10296252875717728,1.5651000359584874e-27,iranisch+en angriff+s,2.5053857898277747
-4.535111927092872,0.3560641332030443,-0.26943640947807623,0.0475133308912537,1.8932661725304283e-27,angriff+s neu+en,2.732046774892691
-4.451092111669043,0.30032862687211903,-0.2904913434924321,0.011119768535244084,2.0194839173657902e-27,Stufe,2.8330101274149264
-4.451092111669043,0.30032862687211903,-0.2904913434924321,0.011119768535244084,2.0194839173657902e-27,neu+en stufe,2.8330101274149264
-4.364189956144511,0.2444303742430871,-0.3063538218971392,-0.0013309314793797638,2.1204581132340797e-27,Eskalation,2.9365020851449004
-4.364189956144511,0.2444303742430871,-0.3063538218971392,-0.0013309314793797638,2.1204581132340797e-27,stufe eskalation,2.9365020851449004
-4.379395139998694,0.2610164536157433,-0.2838420712027703,0.091548637889052,1.9689968194316455e-27,Jegliche,2.9147898464156925
-4.310896307020174,0.21948924065810105,-0.2856818843309068,0.12309798071138663,1.9689968194316455e-27,Beschränkungen,2.9949903458788207
-4.310896307020174,0.21948924065810105,-0.2856818843309068,0.12309798071138663,1.9689968194316455e-27,jeglich+e beschränkung+en,2.9949903458788207
-4.011498168244227,0.034620970414684704,-0.3090617403318475,0.16702596333878766,2.0952145642670074e-27,könnten,3.3472795739339327
-4.011498168244227,0.034620970414684704,-0.3090617403318475,0.16702596333878766,2.0952145642670074e-27,beschränkung+en könn+ten,3.3472795739339327
-3.6182364459321468,-0.2077016463274668,-0.3375571447676353,0.19124147326395413,2.2466758580694416e-27,dann…,3.809636230159459
-3.6182364459321468,-0.2077016463274668,-0.3375571447676353,0.19124147326395413,2.2466758580694416e-27,könn+ten dann…,3.809636230159459
-2.73811734579553,-0.7468461794189523,-0.38553248132213347,0.21681374728815428,2.5243548967072378e-27,dann… israel,4.842430148231528
-4.0571617831572055,0.07185987024418394,-0.23326373463541158,0.18796009011636103,1.5651000359584874e-27,klingt,3.2878085315891403
-4.314622421502496,0.22705854327903596,-0.23700107613600432,0.1755274623706443,1.6155871338926322e-27,US-Präsident,2.987253991575284
-4.314622421502496,0.22705854327903596,-0.23700107613600432,0.1755274623706443,1.6155871338926322e-27,kling+t us+-+präsident,2.987253991575284
-4.480972214710322,0.3284923650722533,-0.22938109480182242,0.16773411875205546,1.5903435849255598e-27,Trump,2.7923052854091805
-4.480972214710322,0.3284923650722533,-0.22938109480182242,0.16773411875205546,1.5903435849255598e-27,us+-+präsident trump,2.7923052854091805
-4.5349451192105175,0.3615937489276704,-0.2252104594457027,0.1653056344556737,1.5651000359584874e-27,Anfang,2.7289283217264813
-4.5349451192105175,0.3615937489276704,-0.2252104594457027,0.1653056344556737,1.5651000359584874e-27,trump anfang,2.7289283217264813
-4.587005239632765,0.3936052277325708,-0.22038683378692128,0.16303490315294802,1.539856486991415e-27,April,2.667742017266367
-4.587005239632765,0.3936052277325708,-0.22038683378692128,0.16303490315294802,1.539856486991415e-27,anfang april,2.667742017266367
-4.551431149120564,0.36944600749071244,-0.2379556399721919,0.1762409522654353,1.6408306828597046e-27,anadolu bei,2.7109865431003026
-4.615854581058989,0.409313950327304,-0.22551464259849616,0.184625791683646,1.5651000359584874e-27,israe…,2.635064382365586
-4.615854581058989,0.409313950327304,-0.22551464259849616,0.184625791683646,1.5651000359584874e-27,der israe…,2.635064382365586
-4.662849572747286,0.4386188058956453,-0.218216992225613,0.18171066842035777,1.5146129380243427e-27,+2046,2.579571898653629
-4.662849572747286,0.4386188058956453,-0.218216992225613,0.18171066842035777,1.5146129380243427e-27,israe… +2046,2.579571898653629
-4.6928659754983935,0.4573461985745344,-0.2133609038166843,0.1797987236359563,1.4893693890572703e-27,+2046 char+s,2.5441196983034455
-4.729012766590641,0.4892354966221164,0.028067882685163477,0.15240878408434697,-1.7670484276950664e-28,Zeit,2.492843371065529
-4.710522632829158,0.4781309643616254,0.02758485644276701,0.15151907191766503,-1.5146129380243427e-28,Koffer,2.514414334584965
-4.710522632829158,0.4781309643616254,0.02758485644276701,0.15151907191766503,-1.5146129380243427e-28,zeit koffer,2.514414334584965
-4.6903922906851205,0.46605141839672415,0.026959250267973897,0.1504541979610234,-1.5146129380243427e-28,packen,2.5378949315718824
-4.6903922906851205,0.46605141839672415,0.026959250267973897,0.1504541979610234,-1.5146129380243427e-28,koffer pack+en,2.5378949315718824
-0.7701161471321711,-1.9085878299786896,-0.02611197810230767,0.21471415351639125,-1.0097419586828951e-28,rechtsextremer,7.1216978894902905
-4.668350839815179,0.45283721572704194,0.02615396529204784,0.14916635982383708,-1.5146129380243427e-28,pack+en rechtsextrem+er,2.5636000067506695
-1.3083922136397526,-1.6101707676419275,0.19268961241509963,0.2040635017792508,-1.5651000359584874e-27,rechtsextrem+er minister,6.503287638869944
-4.589994578071676,0.4059652691874749,0.022251570450842008,0.1434228135566414,-1.262177448353619e-28,minister gaza,2.654939952743382
-4.573605202965046,0.39618177842501345,0.021225068873125773,0.14196165448546624,-1.262177448353619e-28,entvölkern,2.6740371224285746
-4.573605202965046,0.39618177842501345,0.021225068873125773,0.14196165448546624,-1.262177448353619e-28,gaza entvölkern,2.6740371224285746
-4.533412965109948,0.3722186155574332,0.018389250185574663,0.13793832475002288,-1.0097419586828951e-28,entvölkern der,2.7208585629145023
-3.680483283484466,-0.14337566370266885,0.025402835932262537,0.12515744669423934,-2.271919407036514e-28,Name,3.7172491391705607
-3.680483283484466,-0.14337566370266885,0.025402835932262537,0.12515744669423934,-2.271919407036514e-28,der name,3.7172491391705607
-3.603833964163948,-0.1891230020376442,0.019879936414058025,0.11794180947320057,-1.7670484276950664e-28,Plans,3.8065685340467175
-3.603833964163948,-0.1891230020376442,0.019879936414058025,0.11794180947320057,-1.7670484276950664e-28,name plan+s,3.8065685340467175
-3.442550023457693,-0.2853377713533085,0.00619890494454052,0.09899864774144566,-1.0097419586828951e-28,sogenannte,3.9945118507769375
-3.442550023457693,-0.2853377713533085,0.00619890494454052,0.09899864774144566,-1.0097419586828951e-28,plan+s sogenannt+e,3.9945118507769375
-3.2776054748889023,-0.38388919937738164,-0.010874213857739942,0.07302714783344229,0.0,freiwillige,4.186831889342626
-3.2776054748889023,-0.38388919937738164,-0.010874213857739942,0.07302714783344229,0.0,sogenannt+e freiwillig+e,4.186831889342626
-2.9749733540482546,-0.5668233589910368,-0.050330675998225216,0.003996088455147128,2.7767903863779616e-28,Auswanderung,4.5408604853606125
-2.9749733540482546,-0.5668233589910368,-0.050330675998225216,0.003996088455147128,2.7767903863779616e-28,freiwillig+e auswanderung,4.5408604853606125
-2.6564978801429557,-0.7595048279537395,-0.06766011521894266,0.003992647235735995,3.7865323450608567e-28,auswanderung palästinenser,4.913311970157547
-2.5507122405685907,-0.8246638034893636,-0.035509017124199196,0.1274045301118806,1.262177448353619e-28,palästinenser erinner+t,5.0373365103029615
-0.7297508012710541,-1.9239012811656626,-0.1019365820997907,0.010589877719106269,4.543838814073028e-28,Oktober,7.164842501528192
-1.6022637520435001,-1.4023231830860396,-0.08647673651591167,0.20622515184485327,3.7865323450608567e-28,erinner+t oktober,6.148699834560909
-1.3724245013131924,-1.545354829955624,-0.029214608328038336,0.22860345963878276,-2.524354896707238e-29,israel+s rechtsextrem+er,6.418511026380094
-2.383069812609831,-1.0054831233567656,0.37769546349745176,0.21119238401177923,-2.751546837410889e-27,stellte,5.268039316553535
-2.383069812609831,-1.0054831233567656,0.37769546349745176,0.21119238401177923,-2.751546837410889e-27,ben-gvir stell+te,5.268039316553535
-1.7559093406694561,-1.3340963049519634,0.2422974232262875,0.04969387008992206,-1.8427790745962836e-27,sieben,5.976393960546274
-3.306665816066546,-0.39603047139863135,0.19879811330696723,0.19372773700402265,-1.464125840090198e-27,Jahren,4.165255543436872
-3.306665816066546,-0.39603047139863135,0.19879811330696723,0.19372773700402265,-1.464125840090198e-27,sieben jahr+en,4.165255543436872
-4.362401254075657,0.2558091469857402,0.13567934825047517,0.18053074186947676,-9.34011311781678e-28,sollen,2.925669922857265
-4.362401254075657,0.2558091469857402,0.13567934825047517,0.18053074186947676,-9.34011311781678e-28,jahr+en soll+en,2.925669922857265
-4.401278665397599,0.2813214514747304,0.12404218252727137,0.1750000296180518,-8.582806648804608e-28,laut,2.8793756444678866
-4.401278665397599,0.2813214514747304,0.12404218252727137,0.1750000296180518,-8.582806648804608e-28,soll+en laut,2.8793756444678866
-4.455471004227217,0.3168314868965765,0.10754132367635488,0.1655400276704803,-7.32062920045099e-28,laut gaza,2.814871813224537
-4.494636136523953,0.3425442224548101,0.09487939241217605,0.15658382703742052,-6.310887241768094e-28,gaza palästinenser,2.7682352425725276
-4.515053509064792,0.35731669772896635,0.07529288094129694,0.1466739560892586,-5.048709793414476e-28,palästinenser mehr,2.7434059463684113
-4.507927587083307,0.35390347343625805,0.06518822850485037,0.14435852135418295,-4.291403324402304e-28,mehr leb+en,2.751421715666189
-4.395170499086788,0.27563107910728113,0.1324224128863375,0.18495079802425657,-9.087677628146056e-28,+3010,2.8874388033862686
-4.395170499086788,0.27563107910728113,0.1324224128863375,0.18495079802425657,-9.087677628146056e-28,jahr+en +3010,2.8874388033862686
-4.430102981677285,0.29786799302842626,0.12476274677174898,0.18357032229934486,-8.582806648804608e-28,+3010 chars,2.8461622102695987
-5.146072706360016,0.7222303827005101,-0.14781928662953056,-0.16828992096352363,1.135959703518257e-27,fassungslos,2.0174149260404084
-5.146072706360016,0.7222303827005101,-0.14781928662953056,-0.16828992096352363,1.135959703518257e-27,jude+n fassungslos,2.0174149260404084
-5.240999842515894,0.7944281559409259,-0.10705124724555126,-0.06919378827114589,8.330371159133885e-28,Schaden,1.8984503220380977
-5.240999842515894,0.7944281559409259,-0.10705124724555126,-0.06919378827114589,8.330371159133885e-28,fassungslos schaden,1.8984503220380977
-5.27195027182062,0.816511283067366,-0.09272017220192444,-0.0350860099139321,7.32062920045099e-28,schaden afd,1.8604040615550386
-5.278660904265119,0.821189967601435,-0.08954071557252061,-0.027569536567907806,7.068193710780266e-28,anrichten,1.8522106415579078
-5.278660904265119,0.821189967601435,-0.08954071557252061,-0.027569536567907806,7.068193710780266e-28,afd an+richt+en,1.8522106415579078
-5.234270392871847,0.7895222546491844,-0.11009639891151704,-0.07648954649745686,8.582806648804608e-28,immens,1.9067757958444942
-5.234270392871847,0.7895222546491844,-0.11009639891151704,-0.07648954649745686,8.582806648804608e-28,an+richt+en immens,1.9067757958444942
-5.27195027182062,0.816511283067366,-0.09272017220192444,-0.0350860099139321,7.32062920045099e-28,immens afd,1.8604040615550386
-4.93937419474974,0.5490744627250814,-0.22269271489786188,-0.35839763021512827,1.666074231826777e-27,kurz,2.284547944448095
-4.93937419474974,0.5490744627250814,-0.22269271489786188,-0.35839763021512827,1.666074231826777e-27,afd kurz,2.284547944448095
-4.820927562142459,0.44412763583112813,-0.2588219857559375,-0.4538801035117085,1.9185097214975007e-27,Alleinregierung,2.4405120883036524
-4.820927562142459,0.44412763583112813,-0.2588219857559375,-0.4538801035117085,1.9185097214975007e-27,kurz alleinregierung,2.4405120883036524
-4.820927562142459,0.44412763583112813,-0.2588219857559375,-0.4538801035117085,1.9185097214975007e-27,alleinregierung der,2.4405120883036524
-4.747261968665299,0.37772216970565076,-0.27930915743780627,-0.5090797819200245,2.0447274663328626e-27,zeigt,2.538077667753864
-4.878514293560821,0.49549419023631525,-0.24178378396641334,-0.40855184282809487,1.792291976662139e-27,jude+n zeig+t,2.3645130463723913
-4.612507181427316,0.25499136358531893,-0.3134875343560125,-0.602805925703354,2.2971629560035864e-27,schockiert,2.7171683918983924
-5.034035993281305,0.6304350253831332,-0.19050015978589505,-0.2753664298454142,1.4388822911231255e-27,zeig+t schockier+t,2.1611663018057006
-4.969730985498472,0.5754623848929019,-0.21271747731062826,-0.3324615808976341,1.5903435849255598e-27,Wahlerfolg,2.2448314043017827
-4.969730985498472,0.5754623848929019,-0.21271747731062826,-0.3324615808976341,1.5903435849255598e-27,schockier+t wahl+erfolg,2.2448314043017827
-4.740529353531825,0.3716225670960507,-0.2811136573608559,-0.5139775830361445,2.069971015299935e-27,gesichert,2.5470096902126467
-4.8364510744216025,0.4580286150077184,-0.2543217496232303,-0.44185619496411893,1.8932661725304283e-27,wahl+erfolg ge+sicher+t,2.41999814170498
-5.010814716166299,0.6107433604431198,-0.19870040345381199,-0.2963317580979203,1.4893693890572703e-27,rechtsextremistischen,2.191298116139678
-5.010814716166299,0.6107433604431198,-0.19870040345381199,-0.2963317580979203,1.4893693890572703e-27,ge+sicher+t rechtsextremistisch+en,2.191298116139678
-5.136820441662589,0.7148858057424572,-0.1515539729270126,-0.17752268779542357,1.1612032524853294e-27,rechtsextremistisch+en partei,2.02916648244611
-4.242056380132567,0.12343583795844348,0.07444805259491857,-0.5326385376856929,-4.0389678347315804e-28,Und,3.0963061129807747
-5.136879458439732,0.7149328064651097,-0.1515302775773019,-0.17746402654578558,1.1612032524853294e-27,befürchtet,2.0290914462196237
-5.136879458439732,0.7149328064651097,-0.1515302775773019,-0.17746402654578558,1.1612032524853294e-27,und befürcht+et,2.0290914462196237
-5.092603386006668,0.6791562734887548,-0.16886299957997467,-0.22065536325801352,1.2874209973206913e-27,dramatische,2.085647301597487
-5.092603386006668,0.6791562734887548,-0.16886299957997467,-0.22065536325801352,1.2874209973206913e-27,befürcht+et dramatisch+e,2.085647301597487
-5.005749145771681,0.6064226169592051,-0.2004620552406429,-0.3008522360185807,1.5146129380243427e-27,Folgen,2.197883879512853
-5.005749145771681,0.6064226169592051,-0.2004620552406429,-0.3008522360185807,1.5146129380243427e-27,dramatisch+e folge+n,2.197883879512853
-4.783655715854957,0.41061173011478225,-0.2693618406792382,-0.4821842973195353,1.994240368398718e-27,Kinder,2.4898354510051233
-4.783655715854957,0.41061173011478225,-0.2693618406792382,-0.4821842973195353,1.994240368398718e-27,folge+n kind+er,2.4898354510051233
-5.1570132352669384,0.7308515395493858,-0.1433509016133343,-0.15727764274681477,1.1107161545511846e-27,Jugendliche,2.003551360618197
-5.1570132352669384,0.7308515395493858,-0.1433509016133343,-0.15727764274681477,1.1107161545511846e-27,kind+er jugendlich+e,2.003551360618197
-5.1570132352669384,0.7308515395493858,-0.1433509016133343,-0.15727764274681477,1.1107161545511846e-27,Jugen…,2.003551360618197
-5.1570132352669384,0.7308515395493858,-0.1433509016133343,-0.15727764274681477,1.1107161545511846e-27,kind+er jugen…,2.003551360618197
-5.213393238517517,0.7740801937917612,-0.11938748462007057,-0.09885504759822906,9.34011311781678e-28,+1910,1.932717523133934
-5.213393238517517,0.7740801937917612,-0.11938748462007057,-0.09885504759822906,9.34011311781678e-28,jugen… +1910,1.932717523133934
-5.237728915368836,0.7920480682949069,-0.10853448134565227,-0.07274528573784005,8.582806648804608e-28,+1910 char+s,1.9024947324548223
-4.982811023597327,0.5867520816167044,-0.2083209034689135,-0.3210894498693252,1.5651000359584874e-27,sachsen-anhalt zentralrat,2.227758912873742
-4.952230971635672,0.5602807669981451,-0.2185063039820467,-0.34749012596973466,1.6408306828597046e-27,AfD-Wahlerfolg,2.267711776951601
-4.952230971635672,0.5602807669981451,-0.2185063039820467,-0.34749012596973466,1.6408306828597046e-27,entsetz+t afd-wahlerfolg,2.267711776951601
-5.27011825210198,0.8152270006417046,-0.0935836334347187,-0.03713045795974221,7.573064690121713e-28,Hier,1.862644448492629
-5.27011825210198,0.8152270006417046,-0.0935836334347187,-0.03713045795974221,7.573064690121713e-28,afd-wahlerfolg hier,1.862644448492629
-5.278660904265119,0.821189967601435,-0.08954071557252061,-0.027569536567907806,7.068193710780266e-28,finden,1.8522106415579078
-5.278660904265119,0.821189967601435,-0.08954071557252061,-0.027569536567907806,7.068193710780266e-28,hier find+en,1.8522106415579078
-5.2884968650885895,0.8279734868531744,-0.08483285979852032,-0.016473356093848993,6.815758221109542e-28,find+en sie,1.8402391196956502
-5.293276594812326,0.8312373252569542,-0.08252443622741298,-0.011047105874643203,6.563322731438818e-28,Informationen,1.834438233272201
-5.293276594812326,0.8312373252569542,-0.08252443622741298,-0.011047105874643203,6.563322731438818e-28,sie information+en,1.834438233272201
-5.296540801076618,0.8334538077764058,-0.08094011414410612,-0.007328491735726549,6.563322731438818e-28,Thema,1.8304830152791725
-5.296540801076618,0.8334538077764058,-0.08094011414410612,-0.007328491735726549,6.563322731438818e-28,information+en thema,1.8304830152791725
-5.2574880684715595,0.8062932797822245,-0.09948404564519298,-0.051137310565235586,7.825500179792437e-28,thema land+tag+s+wahl,1.8781305888754407
-5.218137715063993,0.7776182567872871,-0.11729649650466581,-0.09380775116376401,9.087677628146056e-28,Lesen,1.9268074528644268
-5.183220058127834,0.7512061725678816,-0.13241120460963365,-0.1304743006265914,1.0097419586828951e-27,les+en sie,1.970493362898819
-4.982811023597327,0.5867520816167044,-0.2083209034689135,-0.3210894498693252,1.5651000359584874e-27,sie zentralrat,2.227758912873742
-5.133596757989217,0.7123155499287723,-0.15284583148870076,-0.1807224630285734,1.1612032524853294e-27,äußert,2.0332666857421624
-5.133596757989217,0.7123155499287723,-0.15284583148870076,-0.1807224630285734,1.1612032524853294e-27,jude+n äußer+t,2.0332666857421624
-5.222566084045856,0.7809055384222316,-0.11533402524595968,-0.0890780096161369,9.087677628146056e-28,äußer+t schockier+t,1.9212988115238376
-5.146072706360016,0.7222303827005101,-0.14781928662953056,-0.16828992096352363,1.135959703518257e-27,Erfolg,2.0174149260404084
-5.146072706360016,0.7222303827005101,-0.14781928662953056,-0.16828992096352363,1.135959703518257e-27,schockier+t erfolg,2.0174149260404084
-5.102256018706322,0.6870401818378988,-0.16515865757767798,-0.2113770761980128,1.2621774483536189e-27,erfolg afd,2.073274798402243
-4.820927562142459,0.44412763583112813,-0.2588219857559375,-0.4538801035117085,1.9185097214975007e-27,afd land+tag+s+wahl,2.4405120883036524
-4.92154456214006,0.5334645945492709,-0.22840769212961923,-0.37334050908897837,1.6913177807938493e-27,Ausgang,2.307930916443235
-4.92154456214006,0.5334645945492709,-0.22840769212961923,-0.37334050908897837,1.6913177807938493e-27,der ausgang,2.307930916443235
-4.820927562142459,0.44412763583112813,-0.2588219857559375,-0.4538801035117085,1.9185097214975007e-27,Wahl,2.4405120883036524
-4.820927562142459,0.44412763583112813,-0.2588219857559375,-0.4538801035117085,1.9185097214975007e-27,ausgang wahl,2.4405120883036524
-5.042203937285891,0.6373142394186468,-0.18756612388338847,-0.2678958226563336,1.4136387421560532e-27,wahl offen,2.150591493771851
-5.111077341021705,0.6942053395041379,-0.16173760846628452,-0.20283128408076714,1.2369338993865465e-27,fest,2.0619880194338296
-5.111077341021705,0.6942053395041379,-0.16173760846628452,-0.20283128408076714,1.2369338993865465e-27,offen fest,2.0619880194338296
-5.1301936578537966,0.709596057457637,-0.15420437370335305,-0.1840907822418123,1.1864468014524018e-27,steht,2.037598230554447
-5.1301936578537966,0.709596057457637,-0.15420437370335305,-0.1840907822418123,1.1864468014524018e-27,fest steh+t,2.037598230554447
-5.148938747492977,0.7244955873359376,-0.1466542320089709,-0.16541505790771047,1.1107161545511846e-27,steh+t bereits,2.0137797162796858
-5.1711683995796776,0.741899253956007,-0.1374839755378356,-0.14287534136950678,1.0602290566170399e-27,Eine,1.9856684503176298
-5.292130227435142,0.8304564987655428,-0.083079327623903,-0.01235057557651158,6.815758221109542e-28,bereits ein+e,1.8358285095554112
-5.301467320695748,0.836779596896307,-0.07853684627731472,-0.0016962974481503218,6.310887241768094e-28,ein+e ge+sicher+t,1.8245234999655242
-5.309792999462353,0.842345965759779,-0.0744419775189547,0.007876454573203464,6.058451752097371e-28,recht…,1.8144796885402998
-5.309792999462353,0.842345965759779,-0.0744419775189547,0.007876454573203464,6.058451752097371e-28,ge+sicher+t recht…,1.8144796885402998
-5.315337954745361,0.846014718809597,-0.07169126253934191,0.014290122374264243,5.806016262426647e-28,+853,1.8078100748585617
-5.315337954745361,0.846014718809597,-0.07169126253934191,0.014290122374264243,5.806016262426647e-28,recht… +853,1.8078100748585617
-5.318412763500353,0.8480356293157196,-0.07015775939665692,0.017859849189994368,5.806016262426647e-28,+853 char+s,1.8041185027965787
-4.982811023597327,0.5867520816167044,-0.2083209034689135,-0.3210894498693252,1.5651000359584874e-27,Zentralratspräsident,2.227758912873742
-4.982811023597327,0.5867520816167044,-0.2083209034689135,-0.3210894498693252,1.5651000359584874e-27,jude+n zentralrat+s+präsident,2.227758912873742
-5.234270392871847,0.7895222546491844,-0.11009639891151704,-0.07648954649745686,8.582806648804608e-28,zentralrat+s+präsident schuster,1.9067757958444942
-5.259815802989401,0.8079500846307837,-0.09840344079496999,-0.0485673517116928,7.825500179792437e-28,schuster zeig+t,1.875271241818367
-5.28020120230276,0.8222581319218092,-0.08880722740314026,-0.02583811119163772,7.068193710780266e-28,zeig+t entsetz+t,1.8503329229359007
-5.310533729436415,0.842837858496441,-0.0740756120993489,0.008731463772402696,6.058451752097371e-28,Vertreter,1.8135878026806014
-5.310533729436415,0.842837858496441,-0.0740756120993489,0.008731463772402696,6.058451752097371e-28,afd-wahlerfolg vertreter,1.8135878026806014
-5.317215020295125,0.8472495695816087,-0.0707558065467575,0.01646819729770222,5.806016262426647e-28,jüdischer,1.8055559076917498
-5.317215020295125,0.8472495695816087,-0.0707558065467575,0.01646819729770222,5.806016262426647e-28,vertreter jüdisch+er,1.8055559076917498
-5.3228239932305215,0.8509178487460366,-0.06794750263108512,0.022997593183010995,5.553580772755923e-28,Organisationen,1.7988311408949837
-5.3228239932305215,0.8509178487460366,-0.06794750263108512,0.022997593183010995,5.553580772755923e-28,jüdisch+er organisation+en,1.7988311408949837
-5.325786816856761,0.8528423012501171,-0.06645616535212251,0.026459315172461164,5.553580772755923e-28,reagieren,1.7952856770745254
-5.325786816856761,0.8528423012501171,-0.06645616535212251,0.026459315172461164,5.553580772755923e-28,organisation+en reagier+en,1.7952856770745254
-5.320690168362714,0.8495261684899232,-0.06901817103531949,0.020509905802926047,5.806016262426647e-28,reagier+en schockier+t,1.8013874861123345
-5.3082660724583235,0.8413302510721585,-0.07519613712653916,0.0061156729393957,6.058451752097371e-28,AfD-Sieg,1.816319091011468
-5.3082660724583235,0.8413302510721585,-0.07519613712653916,0.0061156729393957,6.058451752097371e-28,schockier+t afd-sieg,1.816319091011468
-5.247043041082236,0.7988028574541085,-0.1042953571843789,-0.0626057056575325,8.330371159133885e-28,Zeichen,1.8909895993771293
-5.247043041082236,0.7988028574541085,-0.1042953571843789,-0.0626057056575325,8.330371159133885e-28,seh+t zeichen,1.8909895993771293
-5.146072706360016,0.7222303827005101,-0.14781928662953056,-0.16828992096352363,1.135959703518257e-27,Statik,2.0174149260404084
-5.146072706360016,0.7222303827005101,-0.14781928662953056,-0.16828992096352363,1.135959703518257e-27,zeichen statik,2.0174149260404084
-5.102256018706322,0.6870401818378988,-0.16515865757767798,-0.2113770761980128,1.2621774483536189e-27,Demokratie,2.073274798402243
-5.102256018706322,0.6870401818378988,-0.16515865757767798,-0.2113770761980128,1.2621774483536189e-27,statik demokratie,2.073274798402243
-5.234270392871847,0.7895222546491844,-0.11009639891151704,-0.07648954649745686,8.582806648804608e-28,demokratie mehr,1.9067757958444942
-5.222566084045856,0.7809055384222316,-0.11533402524595968,-0.0890780096161369,9.087677628146056e-28,funktioniere,1.9212988115238376
-5.222566084045856,0.7809055384222316,-0.11533402524595968,-0.0890780096161369,9.087677628146056e-28,mehr funktionier+e,1.9212988115238376
-5.208292641853618,0.7702582583015947,-0.12162217507795203,-0.10425814437535028,9.34011311781678e-28,jude+n schockier+t,1.9390805195288618
-5.230605407006873,0.7868354331258529,-0.11174443671113654,-0.08044511257874672,8.835242138475332e-28,deutlichen,1.9113176322086478
-5.230605407006873,0.7868354331258529,-0.11174443671113654,-0.08044511257874672,8.835242138475332e-28,schockier+t deutlich+en,1.9113176322086478
-5.166712810273334,0.738435079852581,-0.13934122871975105,-0.14742762969447126,1.0602290566170399e-27,Wahlsieg,1.9912906588649169
-5.166712810273334,0.738435079852581,-0.13934122871975105,-0.14742762969447126,1.0602290566170399e-27,deutlich+en wahl+sieg,1.9912906588649169
-5.102256018706322,0.6870401818378988,-0.16515865757767798,-0.2113770761980128,1.2621774483536189e-27,wahl+sieg afd,2.073274798402243
-5.240999842515894,0.7944281559409259,-0.10705124724555126,-0.06919378827114589,8.330371159133885e-28,geäußert,1.8984503220380977
-5.240999842515894,0.7944281559409259,-0.10705124724555126,-0.06919378827114589,8.330371159133885e-28,sachsen-anhalt ge+äußer+t,1.8984503220380977
-5.292130227435142,0.8304564987655428,-0.083079327623903,-0.01235057557651158,6.815758221109542e-28,bereits ein,1.8358285095554112
-5.300528622869004,0.8361477200224571,-0.07899589287484787,-0.002771299597549069,6.310887241768094e-28,+1963,1.8256580973560712
-5.300528622869004,0.8361477200224571,-0.07899589287484787,-0.002771299597549069,6.310887241768094e-28,ein +1963,1.8256580973560712
-5.305853887853875,0.8397209205252851,-0.07638463123674885,0.0033387640144988615,6.310887241768094e-28,+1963 chars,1.8192273312069187
-4.352786713371488,0.23603136543191394,0.19769574575756546,0.22067606065765175,-1.3631516442219084e-27,Rückzug,2.9432532821528876
-4.277372635580132,0.18475754414146728,0.22457604458671895,0.22458634356979612,-1.5651000359584874e-27,710,3.0338934320758044
-4.277372635580132,0.18475754414146728,0.22457604458671895,0.22458634356979612,-1.5651000359584874e-27,rückzug 710,3.0338934320758044
-4.204400107958363,0.1342582783998285,0.25236630960076945,0.2279704359401435,-1.7670484276950664e-27,710 mit,3.1220281174602715
-3.9932340490259106,-0.017054955329368626,0.3401926297733593,0.235573530629585,-2.398137151871876e-27,Plan,3.3796273173038927
-3.9932340490259106,-0.017054955329368626,0.3401926297733593,0.235573530629585,-2.398137151871876e-27,mit plan,3.3796273173038927
-3.4059453035540286,-0.4699101704829878,0.5924181780272282,0.24280757851932128,-4.165185579566942e-27,plan ben-gvir,4.112458808836088
-3.849382120196584,-0.09944877404663277,0.31582340000898657,0.24429734015426835,-2.2214323091023692e-27,Millionen,3.545741717728526
-3.849382120196584,-0.09944877404663277,0.31582340000898657,0.24429734015426835,-2.2214323091023692e-27,ben-gvir million+en,3.545741717728526
-3.9207244877099865,-0.02813487401771053,0.18858522643300948,0.24538659514503072,-1.337908095254836e-27,million+en palästinenser,3.449807159495637
-1.9292805906585961,-1.2141461369182438,-0.02099128811301891,0.2724462144552406,-5.048709793414476e-29,vertreiben,5.770677961031346
-3.576371698849072,-0.21636956105430172,-0.009878486149014126,0.25728178056131157,0.0,gaza vertreib+en,3.844971646267391
-2.364455807560768,-0.9494767876869306,-0.14144383618063905,0.27449972960243224,8.077935669463161e-28,vertreib+en israel+s,5.263297081709008
-3.8448702431021426,-0.10127999772909502,0.3142665645269475,0.2412230379781455,-2.2214323091023692e-27,wirbt,3.550566532786088
-3.8448702431021426,-0.10127999772909502,0.3142665645269475,0.2412230379781455,-2.2214323091023692e-27,ben-gvir werb+t,3.550566532786088
-2.551137983160743,-0.868728265599414,0.24062846719624267,0.23093203813583832,-1.792291976662139e-27,Wahlkampf,5.055689201602432
-4.0622368787301495,0.049971398701736724,0.23921507804829334,0.2324782080603022,-1.6913177807938493e-27,werb+t wahl+kampf,3.2874901961238354
-4.206737695866864,0.14727178203155322,0.1950598769057567,0.22474506200545324,-1.3631516442219084e-27,dafür,3.114187809660078
-4.206737695866864,0.14727178203155322,0.1950598769057567,0.22474506200545324,-1.3631516442219084e-27,wahl+kampf dafür,3.114187809660078
-4.3152949839727714,0.21893333688704542,0.16523058394512552,0.21774744840292332,-1.1612032524853294e-27,dafür bevölkerung,2.984680487467247
-4.425890300849895,0.29092450280023097,0.1376027269503746,0.20934026622670032,-9.592548607487504e-28,Gazastreifens,2.853220689502577
-4.425890300849895,0.29092450280023097,0.1376027269503746,0.20934026622670032,-9.592548607487504e-28,bevölkerung gazastreifen+s,2.853220689502577
-4.517963311894189,0.3502525368118423,0.11638765255470179,0.20107181159403692,-8.077935669463161e-28,gazastreifen+s sieben,2.744059907948919
-4.545136072898782,0.3676793640755027,0.110369353039838,0.19834859902637092,-7.573064690121713e-28,Jahre,2.711882164234969
-4.545136072898782,0.3676793640755027,0.110369353039838,0.19834859902637092,-7.573064690121713e-28,sieben jahr+e,2.711882164234969
-4.566278762821215,0.3812176758968955,0.10574543988066668,0.19612150846324014,-7.32062920045099e-28,komplett,2.6868549633729337
-4.566278762821215,0.3812176758968955,0.10574543988066668,0.19612150846324014,-7.32062920045099e-28,jahr+e komplett,2.6868549633729337
-3.576371698849072,-0.21636956105430172,-0.009878486149014126,0.25728178056131157,0.0,komplett vertreib+en,3.844971646267391
-4.643132959651843,0.4303084426303676,0.08920717856856834,0.18702331385743273,-6.058451752097371e-28,ersten,2.5959365096304836
-4.659332961640952,0.4406394818056467,0.08573530933164575,0.18485012023194622,-5.806016262426647e-28,Jahr,2.5767797240087953
-4.659332961640952,0.4406394818056467,0.08573530933164575,0.18485012023194622,-5.806016262426647e-28,erst+en jahr,2.5767797240087953
-4.655436921713134,0.4393977834755396,0.07241684087745172,0.1847588585256273,-4.796274303743752e-28,250.000,2.5809644032911434
-4.655436921713134,0.4393977834755396,0.07241684087745172,0.1847588585256273,-4.796274303743752e-28,jahr 250.000,2.5809644032911434
-4.648831997206674,0.4361234128505478,0.06248270359712316,0.18502812777760505,-4.0389678347315804e-28,250.000 mensch+en,2.588466254955685
-4.634669824207897,0.4285467761974442,0.04673714716360097,0.18566614571260873,-3.0292258760486853e-28,Ausreise,2.604752118591523
-4.634669824207897,0.4285467761974442,0.04673714716360097,0.18566614571260873,-3.0292258760486853e-28,mensch+en ausreise,2.604752118591523
-4.6186615783948906,0.4193826239669429,0.03651885139142647,0.18648857457485316,-2.271919407036514e-28,ermöglicht,2.6233525692651027
-4.6186615783948906,0.4193826239669429,0.03651885139142647,0.18648857457485316,-2.271919407036514e-28,ausreise ermöglich+t,2.6233525692651027
-4.579185157748679,0.3953426648841718,0.03541916731093496,0.18887178959160303,-2.271919407036514e-28,Stehen,2.669589832126628
-4.49898343076209,0.3465122169121069,0.03284700043742723,0.1937142711391073,-2.271919407036514e-28,Exodus,2.7635272569599496
-4.49898343076209,0.3465122169121069,0.03284700043742723,0.1937142711391073,-2.271919407036514e-28,steh+en exodus,2.7635272569599496
-3.5370319856072245,-0.2378193804306461,0.04240383851180814,0.20871977269865358,-3.534096855390133e-28,dürfe,3.8887894745483225
-3.5370319856072245,-0.2378193804306461,0.04240383851180814,0.20871977269865358,-3.534096855390133e-28,man dürf+e,3.8887894745483225
-4.374267558808884,0.2706957443804401,0.02654032604786083,0.2010969103355962,-2.0194839173657902e-28,kein…,2.9095782087220847
-4.374267558808884,0.2706957443804401,0.02654032604786083,0.2010969103355962,-2.0194839173657902e-28,dürf+e kein…,2.9095782087220847
-4.461217517187993,0.3235390374588054,0.0312227425912507,0.19597605915950395,-2.271919407036514e-28,kein… man,2.8077569931526165
-4.086206887939985,0.09602025259012881,0.0032718217176894437,0.21661023682530198,-5.048709793414476e-29,Friedensillusionen,3.2468220370022443
-4.086206887939985,0.09602025259012881,0.0032718217176894437,0.21661023682530198,-5.048709793414476e-29,dürf+e frieden+s+illusion+en,3.2468220370022443
-3.5490193924694697,-0.2293044649238558,-0.05632629083562449,0.2377171390742405,3.0292258760486853e-28,hingeben,3.8757471041186053
-3.5490193924694697,-0.2293044649238558,-0.05632629083562449,0.2377171390742405,3.0292258760486853e-28,frieden+s+illusion+en hin+ge+geb+en,3.8757471041186053
-3.3696244886829705,-0.33868374426435777,-0.0336601530468264,0.24203095260723245,1.5146129380243427e-28,Sicherheits-,4.085484798822221
-3.3696244886829705,-0.33868374426435777,-0.0336601530468264,0.24203095260723245,1.5146129380243427e-28,israel+s sicherheit+s+-,4.085484798822221
-3.754927994452414,-0.11829514157965804,0.1422779170870157,0.222834200809695,-1.0349855076499675e-27,sicherheit+s+- polizei+minister,3.638983272054247
-3.724191911910883,-0.1601621082675697,0.2762762909916896,0.20745338514783246,-1.9689968194316455e-27,ben-gvir warn+t,3.6847991574835204
-3.766996690156156,-0.1108523280117466,0.15472837916167032,0.2069855811147344,-1.1107161545511846e-27,warn+t wahl+kampf,3.624572053349995
-3.3357920857345196,-0.35632106558991294,-0.04948872265563342,0.2186884958821674,2.524354896707238e-28,wahl+kampf partei,4.123748165981103
-2.350639755793618,-0.9560263908728346,-0.19014223151268586,0.236769605362063,1.135959703518257e-27,partei israelisch+e,5.2791770809217144
-3.568026839789073,-0.213336564980928,-0.06972224553309539,0.18957123534506112,4.0389678347315804e-28,israelisch+e kraft,3.8513143541119037
-3.9308143812600664,0.009775481978176126,-0.04408356767021998,0.12382482746373784,2.7767903863779616e-28,Nachlassen,3.424912577561849
-3.9308143812600664,0.009775481978176126,-0.04408356767021998,0.12382482746373784,2.7767903863779616e-28,kraft nach+lass+en,3.424912577561849
-4.033107980129838,0.0727330574359697,-0.060134608271476986,0.035117450286665075,4.0389678347315804e-28,Gewal…,3.3048484034746646
-4.033107980129838,0.0727330574359697,-0.060134608271476986,0.035117450286665075,4.0389678347315804e-28,nach+lass+en gewal…,3.3048484034746646
-4.18542845708286,0.16483447022262787,-0.030716351379086515,0.08606071031226706,2.0194839173657902e-28,+3943,3.12653533918705
-4.18542845708286,0.16483447022262787,-0.030716351379086515,0.08606071031226706,2.0194839173657902e-28,gewal… +3943,3.12653533918705
-4.257808504139929,0.20801878818587038,-0.018808934951147896,0.10386483142567354,1.262177448353619e-28,+3943 char+s,3.042120984282618
-3.5958139990541182,-0.29734356863548417,0.5392349016675795,-0.4756645435185472,-3.660314600225495e-27,Netanyahu,3.8597891557615553
-4.704149891015779,0.45097463810331373,0.06989614384265894,-0.3023617132259308,-3.7865323450608567e-28,für netanyahu,2.5321247369972184
-4.6601892558253475,0.4187943755610848,0.05926693966252475,-0.3341805167646081,-3.0292258760486853e-28,schlägt,2.5864738747957388
-4.6601892558253475,0.4187943755610848,0.05926693966252475,-0.3341805167646081,-3.0292258760486853e-28,netanyahu schlag+t,2.5864738747957388
-4.563483624761199,0.34580374946878933,0.034417048664397945,-0.40296185635130216,-1.262177448353619e-28,Stunde,2.7071960227422998
-4.563483624761199,0.34580374946878933,0.034417048664397945,-0.40296185635130216,-1.262177448353619e-28,schlag+t stunde,2.7071960227422998
-4.4997395893297565,0.29690498216332806,0.020555716054576248,-0.4450431905764792,-2.524354896707238e-29,Abrechnung,2.7871460707363744
-4.4997395893297565,0.29690498216332806,0.020555716054576248,-0.4450431905764792,-2.524354896707238e-29,stunde abrechnung,2.7871460707363744
-4.5749451600768145,0.3563780299204673,0.046654555418091874,-0.3887436366683799,-2.0194839173657902e-28,premium,2.6917626827654755
-4.5749451600768145,0.3563780299204673,0.046654555418091874,-0.3887436366683799,-2.0194839173657902e-28,abrechnung premium,2.6917626827654755
-4.5787625194430275,0.35999705639428203,0.05156122832223706,-0.3834349294537866,-2.524354896707238e-28,premium der,2.6865606216659956
-4.574369593527112,0.35695595422943893,0.052004455054367314,-0.385461175103751,-2.524354896707238e-28,Vorwürfe,2.6918806054158995
-4.574369593527112,0.35695595422943893,0.052004455054367314,-0.385461175103751,-2.524354896707238e-28,der vorwurf+e,2.6918806054158995
-4.506316258651919,0.3063338071213888,0.041701440202514324,-0.42766205481823905,-1.7670484276950664e-28,Rolle,2.776353484712272
-4.506316258651919,0.3063338071213888,0.041701440202514324,-0.42766205481823905,-1.7670484276950664e-28,vorwurf+e rolle,2.776353484712272
-4.440506393567874,0.2558608814589298,0.028223880677647938,-0.46956812117306596,-7.573064690121713e-29,Zusammenhang,2.858879862903613
-4.440506393567874,0.2558608814589298,0.028223880677647938,-0.46956812117306596,-7.573064690121713e-29,rolle zusammenhang,2.858879862903613
-3.762144725155729,-0.2964727017746722,-0.10402336518405192,-0.8376606335716716,8.330371159133885e-28,Hamas-Terror,3.726189573432263
-3.762144725155729,-0.2964727017746722,-0.10402336518405192,-0.8376606335716716,8.330371159133885e-28,zusammenhang hamas+-+terror,3.726189573432263
-4.418745951320252,0.2443255114991827,0.04619110207541501,-0.46837181423455015,-2.0194839173657902e-28,hamas+-+terror oktober,2.883188136196109
-4.478474853196088,0.29166329187436313,0.06796502302711827,-0.4242687519307259,-3.534096855390133e-28,lassen,2.807362260630939
-4.478474853196088,0.29166329187436313,0.06796502302711827,-0.4242687519307259,-3.534096855390133e-28,oktober lass+en,2.807362260630939
-4.527542227651072,0.3302271755745554,0.09025365125385942,-0.38425056760975,-5.048709793414476e-28,lass+en israelisch+en,2.745179244043883
-3.916026434702712,-0.07709166773823761,0.2433570382712702,-0.5590761706564746,-1.5903435849255598e-27,Premier,3.4762953505641074
-4.558459256330963,0.3546305104557552,0.11031433808758159,-0.35454399697866185,-6.563322731438818e-28,israelisch+en premier,2.7058609153620687
-4.569929278459101,0.36475155378005963,0.13012811366972188,-0.3350134165325699,-7.825500179792437e-28,schlechten,2.690549119905645
-4.569929278459101,0.36475155378005963,0.13012811366972188,-0.3350134165325699,-7.825500179792437e-28,premier schlecht+en,2.690549119905645
-4.560135439934674,0.3588430379264418,0.13918598858586922,-0.33403187501954273,-8.582806648804608e-28,Licht,2.7018462194093242
-4.560135439934674,0.3588430379264418,0.13918598858586922,-0.33403187501954273,-8.582806648804608e-28,schlecht+en licht,2.7018462194093242
-4.546605311789032,0.3497959088607159,0.14220724064582738,-0.33910494665796126,-8.835242138475332e-28,erscheinen,2.7180434139287373
-4.546605311789032,0.3497959088607159,0.14220724064582738,-0.33910494665796126,-8.835242138475332e-28,licht erschein+en,2.7180434139287373
-4.309986355235424,0.17821599296125457,0.10287833972095028,-0.4827287251092258,-6.058451752097371e-28,und sanktion+en,3.009523364012824
-4.503755000413516,0.32295332076895367,0.17566300737741197,-0.33856135819752675,-1.1107161545511846e-27,westlicher,2.768071085377264
-4.503755000413516,0.32295332076895367,0.17566300737741197,-0.33856135819752675,-1.1107161545511846e-27,sanktion+en westlich+er,2.768071085377264
-4.547980825208494,0.3541673118441695,0.21173529131464322,-0.2906414950641261,-1.3631516442219084e-27,Staaten,2.7136358231539384
-4.547980825208494,0.3541673118441695,0.21173529131464322,-0.2906414950641261,-1.3631516442219084e-27,westlich+er staat+en,2.7136358231539384
-4.56026115458359,0.36168161459892767,0.2510536138570555,-0.2568052430469948,-1.6408306828597046e-27,jüdische,2.698708462833074
-4.56026115458359,0.36168161459892767,0.2510536138570555,-0.2568052430469948,-1.6408306828597046e-27,staat+en jüdisch+e,2.698708462833074
-4.554466330698073,0.3563968663007422,0.2776685141152312,-0.24127402957113334,-1.8175355256292112e-27,Siedlungen,2.7060217154128656
-4.554466330698073,0.3563968663007422,0.2776685141152312,-0.24127402957113334,-1.8175355256292112e-27,jüdisch+e siedlung+en,2.7060217154128656
-4.4033873966870365,0.2349573234565352,0.4455371474764246,-0.19961651295026908,-3.003982327081613e-27,zuzuschreiben,2.895582199227738
-4.4033873966870365,0.2349573234565352,0.4455371474764246,-0.19961651295026908,-3.003982327081613e-27,siedlung+en zu+zu+schreib+en,2.895582199227738
-3.74948662914712,-0.316975442502756,0.8411804648178068,-0.18705521861699465,-5.7807727134595745e-27,Benjamin,3.7344211426748006
-3.74948662914712,-0.316975442502756,0.8411804648178068,-0.18705521861699465,-5.7807727134595745e-27,für benjamin,3.7344211426748006
-4.2570366447527705,0.11078210511557307,0.5652383924680072,-0.1826990078619133,-3.8370194429950014e-27,benjamin netanyahu,3.0832051249478654
-4.4255898563537075,0.24671219370780917,0.4534050641785945,-0.18274206004227236,-3.0544694250157577e-27,braut,2.870421971639173
-4.4255898563537075,0.24671219370780917,0.4534050641785945,-0.18274206004227236,-3.0544694250157577e-27,netanyahu brau+t,2.870421971639173
-4.519775657102211,0.32012900169744163,0.38515443430213037,-0.18342452490522457,-2.5748419946413825e-27,gerade,2.7529229435888376
-4.519775657102211,0.32012900169744163,0.38515443430213037,-0.18342452490522457,-2.5748419946413825e-27,brau+t gerade,2.7529229435888376
-4.577503069819018,0.36409648508433223,0.34005379818523984,-0.18484070788980028,-2.271919407036514e-27,perfekter,2.6814882876695965
-4.577503069819018,0.36409648508433223,0.34005379818523984,-0.18484070788980028,-2.271919407036514e-27,gerade perfekt+er,2.6814882876695965
-4.613374451921104,0.3910712430106347,0.3093612129358203,-0.18707314465627156,-2.0447274663328626e-27,Sturm,2.637316886201141
-4.613374451921104,0.3910712430106347,0.3093612129358203,-0.18707314465627156,-2.0447274663328626e-27,perfekt+er sturm,2.637316886201141
-4.629746234368387,0.4033355806618333,0.2938676833417402,-0.18899709193149308,-1.943753270464573e-27,zusammen,2.617202305123707
-4.629746234368387,0.4033355806618333,0.2938676833417402,-0.18899709193149308,-1.943753270464573e-27,sturm zusammen,2.617202305123707
-4.650299686584298,0.4187877453869573,0.27123219718153024,-0.1935182376578207,-1.792291976662139e-27,Vor,2.591966183303946
-4.661334413510922,0.42724165675846115,0.2549996543088373,-0.19874067012386448,-1.666074231826777e-27,dritten,2.578392762057469
-4.661334413510922,0.42724165675846115,0.2549996543088373,-0.19874067012386448,-1.666074231826777e-27,vor dritt+en,2.578392762057469
-4.667524115325877,0.432280921012582,0.23961905952507564,-0.20603641262625855,-1.5651000359584874e-27,Jahrestag,2.5707128652189573
-4.667524115325877,0.432280921012582,0.23961905952507564,-0.20603641262625855,-1.5651000359584874e-27,dritt+en jahr+es+tag,2.5707128652189573
-4.663353445610384,0.4307163972877863,0.2121664096389954,-0.22753256115650936,-1.3631516442219084e-27,knapp,2.575468034508647
-4.663353445610384,0.4307163972877863,0.2121664096389954,-0.22753256115650936,-1.3631516442219084e-27,jahr+es+tag knapp,2.575468034508647
-4.652128298334759,0.4235193320512416,0.1986391379803093,-0.24320242254407845,-1.2621774483536189e-27,knapp sieben,2.5889691148440686
-4.623949992714868,0.40452758160981483,0.17882198841671568,-0.2724808652353025,-1.135959703518257e-27,Wochen,2.6231423547936243
-4.623949992714868,0.40452758160981483,0.17882198841671568,-0.2724808652353025,-1.135959703518257e-27,sieben woche+n,2.6231423547936243
-4.563733061206418,0.3614172332513448,0.1403032293936518,-0.3313652631559465,-8.582806648804608e-28,Knesset-Wahl,2.6974254034072738
-4.563733061206418,0.3614172332513448,0.1403032293936518,-0.3313652631559465,-8.582806648804608e-28,woche+n knesset+-+wahl,2.6974254034072738
-4.588288313512523,0.3770114686505621,0.12591927625282756,-0.3280855820481799,-7.573064690121713e-28,knesset+-+wahl israelisch+e,2.6685813100373337
-4.711242073480527,0.4624087336107954,0.15557082865161134,-0.2396239227004573,-9.592548607487504e-28,israelisch+e premier,2.518954847205796
-4.763348854450447,0.49713020673881614,0.16404579606799835,-0.20349223285033055,-1.0349855076499675e-27,premier neu+en,2.4563649733549227
-4.781425205231665,0.5090163077541232,0.1659519225606625,-0.1914672132109936,-1.0349855076499675e-27,Vorwürfen,2.4347491699313575
-4.781425205231665,0.5090163077541232,0.1659519225606625,-0.1914672132109936,-1.0349855076499675e-27,neu+en vorwurf+en,2.4347491699313575
-4.811748006543766,0.5288209436420725,0.16771812030367347,-0.17204799443328816,-1.0602290566170399e-27,Zusamm…,2.3985789224590444
-4.811748006543766,0.5288209436420725,0.16771812030367347,-0.17204799443328816,-1.0602290566170399e-27,vorwurf+en zusamm…,2.3985789224590444
-4.828344370262872,0.539606682563128,0.16789123351343976,-0.16184214694375362,-1.0602290566170399e-27,+3357,2.3788213285421347
-4.828344370262872,0.539606682563128,0.16789123351343976,-0.16184214694375362,-1.0602290566170399e-27,zusamm… +3357,2.3788213285421347
-4.838074971582897,0.5459171350576872,0.16773319033742418,-0.15599618981958904,-1.0602290566170399e-27,+3357 char+s,2.367247887204321
