,summary,Organisations,Persons,Places,Companies,Topics,word
summaryOfAllWords,4856.786342285403,2044.3380148602057,1897.841617662413,0.0,914.606709762743,0.0,
Luftangriffe,3.1534827016248324,0.10560138653378294,-0.2649751067123073,0.0,0.2103106761544264,0.0,Luftangriffe
Südlibanon,3.6065380617461003,0.09731714898887298,-0.28022392831475396,0.0,0.24580331835187758,0.0,Südlibanon
luft+angriff+e südlibanon,3.6065380617461003,0.09731714898887298,-0.28022392831475396,0.0,0.24580331835187758,0.0,luft+angriff+e südlibanon
Israel,32.86850250591009,0.08888734293835755,-0.3259741788852094,0.0,0.3144062294880995,0.0,Israel
südlibanon israel,5.03752552715763,0.07528591319927949,-0.30152717290575665,0.0,0.31143343413678093,0.0,südlibanon israel
droht,9.733711857868244,0.19956582318673877,-0.42408684070123176,0.0,0.20171900146893937,0.0,droht
israel droh+t,3.928552409122026,0.09635389394690898,-0.29110372072925167,0.0,0.2608140807513092,0.0,israel droh+t
weiteren,3.4534674268805996,0.11433764241384729,-0.2864470344766059,0.0,0.22000532148356644,0.0,weiteren
droh+t weit+er+en,3.4534674268805996,0.11433764241384729,-0.2864470344766059,0.0,0.22000532148356644,0.0,droh+t weit+er+en
Attacken,3.2534292196354326,0.12682383546823647,-0.28611657373812144,0.0,0.19398845161238568,0.0,Attacken
weit+er+en attacke+n,3.2534292196354326,0.12682383546823647,-0.28611657373812144,0.0,0.19398845161238568,0.0,weit+er+en attacke+n
Libanon,5.249742106646021,0.1921856048022138,-0.40411067537199985,0.0,0.1957089417909274,0.0,Libanon
attacke+n libanon,3.1026680234024635,0.14163360681231754,-0.2889100942671812,0.0,0.1659989068502353,0.0,attacke+n libanon
Nach,4.48209464154736,0.11722463555016367,-0.22897052482795277,0.0,0.13684856234765544,0.0,Nach
libanon nach,3.039873148666868,0.15120754608197978,-0.29239332242234434,0.0,0.14945599372177712,0.0,libanon nach
israelischen,9.240825949377667,-0.10331511844245553,0.2931645298573571,0.0,-0.6684283271234956,0.0,israelischen
nach israelisch+en,3.0105376512994155,0.15725804073406985,-0.2951904837562512,0.0,0.13954413233780744,0.0,nach israelisch+en
Angriffen,4.86739864697347,0.1403833710848019,-0.35049619284679245,0.0,0.24422284128353489,0.0,Angriffen
israelisch+en angriff+en,2.989773208879739,0.17195096138667135,-0.3053727502167841,0.0,0.11927459155884515,0.0,israelisch+en angriff+en
angriff+en libanon,3.1026680234024635,0.14163360681231754,-0.2889100942671812,0.0,0.1659989068502353,0.0,angriff+en libanon
Toten,3.307392893884905,0.18853843519975802,-0.33843076178877923,0.0,0.12398440268396882,0.0,Toten
libanon tot+en,3.307392893884905,0.18853843519975802,-0.33843076178877923,0.0,0.12398440268396882,0.0,libanon tot+en
tot+en droh+t,3.928552409122026,0.09635389394690898,-0.29110372072925167,0.0,0.2608140807513092,0.0,tot+en droh+t
Verteidigungsminister,8.703378737668842,0.2320871447613229,-0.44165608775375054,0.0,0.14578328845747252,0.0,Verteidigungsminister
droh+t verteidigung+s+minister,3.5843036029772994,0.19728375447539018,-0.3599304355047583,0.0,0.13081386058177294,0.0,droh+t verteidigung+s+minister
verteidigung+s+minister israel,8.097873848514272,0.12036640908582365,-0.36843690150973923,0.0,0.3027598490192203,0.0,verteidigung+s+minister israel
Katz,19.209287904215934,0.0017195903422517521,-0.024194281028548478,0.0,0.044738720111306696,0.0,Katz
israel katz,14.792825468224471,0.08220102993967779,-0.17597605616645873,0.0,0.13394708497527094,0.0,israel katz
Hisbollah,4.973460833412307,0.3744631090239772,-0.5611371883697431,0.0,-0.1325628115104488,0.0,Hisbollah
katz hisbollah,4.973460833412307,0.3744631090239772,-0.5611371883697431,0.0,-0.1325628115104488,0.0,katz hisbollah
Sollte,4.217035956925772,0.26312596112620634,-0.44799539422520807,0.0,0.07371730267225098,0.0,Sollte
Israelis,11.47710704252002,0.13128273823515213,-0.3404516317685163,0.0,0.2508955613402241,0.0,Israelis
soll+te israeli+s,5.415628659593849,0.15596244128247214,-0.3739011478888452,0.0,0.23905945915369234,0.0,soll+te israeli+s
gefährden,4.082837521857265,0.17951469009007057,-0.3638134635773531,0.0,0.17673838275512846,0.0,gefährden
israeli+s gefährd+en,4.082837521857265,0.17951469009007057,-0.3638134635773531,0.0,0.17673838275512846,0.0,israeli+s gefährd+en
könne,3.5798593294381003,0.18067443664277452,-0.34535621204753736,0.0,0.15130287337189943,0.0,könne
gefährd+en könn+e,3.5798593294381003,0.18067443664277452,-0.34535621204753736,0.0,0.15130287337189943,0.0,gefährd+en könn+e
weitere,4.480374582178456,0.25435343101025065,-0.4474046357487928,0.0,0.0963258824034714,0.0,weitere
könn+e weit+er+e,3.3549784380619263,0.1773955337953919,-0.3316382033312621,0.0,0.1413463517521541,0.0,könn+e weit+er+e
Angriffe,4.447202989203636,0.26719756169683956,-0.45978220900933625,0.0,0.07712107406802049,0.0,Angriffe
weit+er+e angriff+e,3.2141646999657367,0.17364159505693802,-0.3207967415374868,0.0,0.13591951021483617,0.0,weit+er+e angriff+e
geben,3.093733391549212,0.16919141536052063,-0.3099561142193612,0.0,0.13189320192476034,0.0,geben
angriff+e geb+en,3.093733391549212,0.16919141536052063,-0.3099561142193612,0.0,0.13189320192476034,0.0,angriff+e geb+en
Die,10.92545949147275,0.07896584625904364,-0.027100430612540024,0.0,-0.13717469779475366,0.0,Die
israelische,13.828745323915475,0.11607672056014559,-0.11613913039246261,0.0,-0.04875892249321605,0.0,israelische
der israelisch+e,8.926496660626114,0.12253969177886374,-0.1953764744509007,0.0,0.07406445823875611,0.0,der israelisch+e
Armee,4.643970730452137,0.20943373899596934,-0.38150201032115266,0.0,0.1287187560169986,0.0,Armee
israelisch+e armee,2.95900513239251,0.18371043698570988,-0.312677471696257,0.0,0.10111752163593885,0.0,israelisch+e armee
armee weit+er+e,2.9434967148197897,0.19654905807708015,-0.32205619711194416,0.0,0.08238068430775398,0.0,armee weit+er+e
mögliche,2.9634645896098015,0.20761975294078497,-0.3327444400437856,0.0,0.06912308511401995,0.0,mögliche
weit+er+e möglich+e,2.9634645896098015,0.20761975294078497,-0.3327444400437856,0.0,0.06912308511401995,0.0,weit+er+e möglich+e
möglich+e angriff+e,3.0508351122676918,0.21982749468235768,-0.3494035241378473,0.0,0.060490573957861594,0.0,möglich+e angriff+e
libanesische,3.374648708919638,0.2695911602252437,-0.4161487570249032,0.0,0.014632865698967906,0.0,libanesische
angriff+e libanesisch+e,3.374648708919638,0.2695911602252437,-0.4161487570249032,0.0,0.014632865698967906,0.0,angriff+e libanesisch+e
Hisbollah-Miliz,4.204920793363298,0.39443404021895556,-0.6025403547613758,0.0,-0.1528037001766113,0.0,Hisbollah-Miliz
libanesisch+e hisbollah+-+miliz,4.204920793363298,0.39443404021895556,-0.6025403547613758,0.0,-0.1528037001766113,0.0,libanesisch+e hisbollah+-+miliz
angekündigt,3.6395161387139012,0.23080232075762794,-0.3928909578380769,0.0,0.08974095852854824,0.0,angekündigt
hisbollah+-+miliz an+ge+kündig+t,3.6395161387139012,0.23080232075762794,-0.3928909578380769,0.0,0.08974095852854824,0.0,hisbollah+-+miliz an+ge+kündig+t
falls,3.8721538111735287,0.17359060456339745,-0.35128649434226866,0.0,0.17474075232436279,0.0,falls
an+ge+kündig+t falls,3.8721538111735287,0.17359060456339745,-0.35128649434226866,0.0,0.17474075232436279,0.0,an+ge+kündig+t falls
falls israeli+s,5.207317306026497,0.11377523162213934,-0.33467698890136516,0.0,0.27828361814117264,0.0,falls israeli+s
gefährde,3.917593805583747,0.13706493249880725,-0.32249888607417737,0.0,0.21805296025830442,0.0,gefährde
israeli+s gefährd+e,3.917593805583747,0.13706493249880725,-0.32249888607417737,0.0,0.21805296025830442,0.0,israeli+s gefährd+e
Keine,3.4501635837254976,0.14302090316000993,-0.3084543513517746,0.0,0.18820473406766217,0.0,Keine
Rechnung,3.3042269940349773,0.14348376057666987,-0.30160954526085426,0.0,0.17849548008965288,0.0,Rechnung
kein+e rechnung,3.3042269940349773,0.14348376057666987,-0.30160954526085426,0.0,0.17849548008965288,0.0,kein+e rechnung
offen,4.714016350118127,0.20955109228424573,-0.39094699253889487,0.0,0.14008051834412963,0.0,offen
rechnung offen,3.0785004779907448,0.14185319552262948,-0.2876127585749768,0.0,0.16380823503196615,0.0,rechnung offen
bleiben,3.0094339613210015,0.14060875293344832,-0.28232954364642093,0.0,0.1595197724977006,0.0,bleiben
offen bleib+en,3.0094339613210015,0.14060875293344832,-0.28232954364642093,0.0,0.1595197724977006,0.0,offen bleib+en
teilte,2.9159051897223933,0.138233515978473,-0.27430408685275665,0.0,0.15395938889408461,0.0,teilte
bleib+en teil+te,2.9159051897223933,0.138233515978473,-0.27430408685275665,0.0,0.15395938889408461,0.0,bleib+en teil+te
Verteidigungsministe…,2.8620088376372297,0.13646128549305156,-0.269186521067063,0.0,0.15091321551202974,0.0,Verteidigungsministe…
teil+te verteidigungsministe…,2.8620088376372297,0.13646128549305156,-0.269186521067063,0.0,0.15091321551202974,0.0,teil+te verteidigungsministe…
+1416,2.7273278781704597,0.1305497253748282,-0.25466177836727877,0.0,0.14392895465131914,0.0,+1416
verteidigungsministe… +1416,2.7273278781704597,0.1305497253748282,-0.25466177836727877,0.0,0.14392895465131914,0.0,verteidigungsministe… +1416
chars,15.842482500850027,0.04207535593326762,0.03886762695607025,0.0,-0.19637191208164442,0.0,chars
+1416 char+s,2.699630507162216,0.12904332051617062,-0.25134501901184275,0.0,0.14262039625322967,0.0,+1416 char+s
Nacht,11.392276377490763,-0.10883614520819344,0.1709779047241599,0.0,-0.17010033575849653,0.0,Nacht
Ben-Gvir,47.148233086808425,-0.6783556180864948,0.5813827618523194,0.0,-0.7662234815954034,0.0,Ben-Gvir
nacht ben-gvir,4.41173398607004,-0.34847930739023536,0.3511965538874206,0.0,-0.24260498945659947,0.0,nacht ben-gvir
fordert,11.015505990229405,0.020932766147310922,0.10629450443907767,0.0,-0.32849880109982643,0.0,fordert
ben-gvir forder+t,6.037050697854999,-0.14454099383086988,0.20276459130633084,0.0,-0.18106543971858635,0.0,ben-gvir forder+t
gezielte,7.354294969573196,-0.05295816894706396,0.08970052166372812,0.0,-0.08277562209015744,0.0,gezielte
forder+t ge+ziel+t+e,3.849850305976968,-0.1006857221404181,0.11013723433336414,0.0,-0.027889629613991208,0.0,forder+t ge+ziel+t+e
Tötungen,10.192212843327813,-0.10318513458228819,0.1287735757929943,0.0,-0.06831890432318913,0.0,Tötungen
ge+ziel+t+e tötung+en,7.2996375191921805,-0.06489682178137096,0.08066857560634438,0.0,-0.03446277776723147,0.0,ge+ziel+t+e tötung+en
Gazastreifen,15.211889178262982,0.041585321712306555,-0.0833543778654758,0.0,0.06862935452315382,0.0,Gazastreifen
tötung+en gazastreifen,4.846705762263902,-0.07800008252575932,0.04834168700472894,0.0,0.06292368119731245,0.0,tötung+en gazastreifen
Israels,41.536349352655414,-0.006288233646271648,-0.11333751603023193,0.0,0.21216595096478713,0.0,Israels
gazastreifen israel+s,8.514514599850754,0.037646524757022494,-0.1982156633650775,0.0,0.2525890812164384,0.0,gazastreifen israel+s
Sicherheitsminister,8.794246973395154,-0.11894739002852207,0.05820789878726967,0.0,0.11893859809912015,0.0,Sicherheitsminister
israel+s sicherheit+s+minister,8.794246973395154,-0.11894739002852207,0.05820789878726967,0.0,0.11893859809912015,0.0,israel+s sicherheit+s+minister
Itamar,35.066806145428295,-0.492838059912163,0.47574607458026025,0.0,-0.5015346197237305,0.0,Itamar
sicherheit+s+minister itamar,8.797729069982715,-0.34417826103605204,0.33969660353117637,0.0,-0.20888193384965695,0.0,sicherheit+s+minister itamar
itamar ben-gvir,36.702415760752494,-0.6122828785246706,0.5451202468396754,0.0,-0.6549703963763173,0.0,itamar ben-gvir
forder+t nacht,3.4686518037772944,-0.19793869616663104,0.19626194677191214,0.0,-0.04978256516891721,0.0,forder+t nacht
Menschen,12.548614092138816,-0.08082505629435019,0.14928839902426366,0.0,-0.1750013293897241,0.0,Menschen
nacht mensch+en,8.714541302308742,-0.04775272363652615,0.09268203135535082,0.0,-0.1023468938598244,0.0,nacht mensch+en
mensch+en gazastreifen,4.921553857130496,-0.11692802096414566,0.06588422725296568,0.0,0.10015377290784941,0.0,mensch+en gazastreifen
töten,9.160271582826116,-0.09419080766523381,0.14648711657083913,0.0,-0.13517000738134266,0.0,töten
gazastreifen töt+en,2.9477040095804807,-0.13040278299883426,0.1066153795274085,0.0,0.039045839897544,0.0,gazastreifen töt+en
kritisiert,4.098962774456111,-0.15985171352030694,0.2525173530988574,0.0,-0.30907101499463513,0.0,kritisiert
töt+en kritisier+t,2.874455626175496,-0.12965527705555216,0.10292061252254947,0.0,0.04579963596674079,0.0,töt+en kritisier+t
Ministerpräsident,2.8186808821362765,-0.12893976139224722,0.10015001051883049,0.0,0.05052464695504036,0.0,Ministerpräsident
kritisier+t minister+präsident,2.8186808821362765,-0.12893976139224722,0.10015001051883049,0.0,0.05052464695504036,0.0,kritisier+t minister+präsident
Netanjahu,2.7439115451394587,-0.12781797586179525,0.09651942274717254,0.0,0.05631371639419974,0.0,Netanjahu
minister+präsident netanjahu,2.7439115451394587,-0.12781797586179525,0.09651942274717254,0.0,0.05631371639419974,0.0,minister+präsident netanjahu
Der,24.011259863218235,0.052465646889876656,0.07688437255757223,0.0,-0.33719963636479566,0.0,Der
Minister,21.647457163208628,-0.1200403671116342,0.14704907692216881,0.0,-0.07890415921064371,0.0,Minister
israelisch+e minister,2.6813769077892573,-0.11138623181287963,0.0835511149032864,0.0,0.05333806707773967,0.0,israelisch+e minister
nationale,2.663089136949482,-0.10092405882047885,0.07600747020357372,0.0,0.049465657757423266,0.0,nationale
minister national+e,6.6376754504175475,-0.07082263273530805,0.07047054292948098,0.0,0.0013223676297256996,0.0,minister national+e
Sicherheit,6.520795762825855,-0.11555127009105486,0.1396355544186188,0.0,-0.06938894755416179,0.0,Sicherheit
national+e sicherheit,6.520795762825855,-0.11555127009105486,0.1396355544186188,0.0,-0.06938894755416179,0.0,national+e sicherheit
sicherheit ge+ziel+t+e,2.6488018609025707,-0.07450101606463176,0.05760186341200801,0.0,0.03675424331770028,0.0,sicherheit ge+ziel+t+e
gefordert,8.581351531790025,-0.006480476173290884,0.10471838669722829,0.0,-0.24161449724299794,0.0,gefordert
gazastreifen ge+forder+t,2.788061279896351,0.033168719145024436,-0.019946816482876214,0.0,-0.03500770313215567,0.0,gazastreifen ge+forder+t
Ich,4.9064584540874066,0.07049828051478384,-0.042917975483680364,0.0,-0.07914440365375577,0.0,Ich
denke,4.820731860243817,0.045067091359469486,-0.02330352912271405,0.0,-0.05682670477961473,0.0,denke
ich denk+e,4.820731860243817,0.045067091359469486,-0.02330352912271405,0.0,-0.05682670477961473,0.0,ich denk+e
denk+e ge+ziel+t+e,4.691290723419754,-0.013936457628364941,0.01660328258527888,0.0,-0.003812417007045331,0.0,denk+e ge+ziel+t+e
Gaza,15.941440646602842,-0.14144716236357935,0.19076215415637154,0.0,-0.1523259814759975,0.0,Gaza
tötung+en gaza,6.5234221194695055,-0.12915309465671296,0.14162703376928348,0.0,-0.04592960935499018,0.0,tötung+en gaza
ausführen,4.831972702473671,-0.05953609322035718,0.034674349503037806,0.0,0.054468532794737644,0.0,ausführen
gaza aus+führ+en,4.831972702473671,-0.05953609322035718,0.034674349503037806,0.0,0.054468532794737644,0.0,gaza aus+führ+en
aus+führ+en nacht,3.2334009201265355,-0.03283579183023356,0.03625830451623853,0.0,-0.004424696218981468,0.0,aus+führ+en nacht
entfernen,4.221785032613441,-0.04592452009005475,0.0649790418031297,0.0,-0.03976156569805653,0.0,entfernen
nacht entfern+en,2.4452790978256878,-0.08696977435452546,0.06049368304347422,0.0,0.05522766871209615,0.0,nacht entfern+en
sagte,6.265203790221202,0.015933715170119867,-0.07469465303062292,0.0,0.107460144135293,0.0,sagte
entfern+en sag+te,3.3260099351212875,0.032578479955851655,-0.012746461961576508,0.0,-0.04891443909962818,0.0,entfern+en sag+te
+2574,2.4174343001483223,-0.0921422285774377,0.06323814384565218,0.0,0.05948893933830261,0.0,+2574
sag+te +2574,2.4174343001483223,-0.0921422285774377,0.06323814384565218,0.0,0.05948893933830261,0.0,sag+te +2574
+2574 char+s,2.4103003085438037,-0.09331829428702614,0.06383964101398558,0.0,0.060492815927133355,0.0,+2574 char+s
Politiker,7.3598312361039815,-0.015847712495576444,0.10325815909927338,0.0,-0.21142953017509283,0.0,Politiker
ben-gvir politiker,3.8417162651396874,-0.13494703354748433,0.14704907997226266,0.0,-0.0476579098940604,0.0,ben-gvir politiker
fordern,6.28346911779197,0.1121530266130223,-0.059444915655569815,0.0,-0.15727167028199718,0.0,fordern
politiker forder+n,6.28346911779197,0.1121530266130223,-0.059444915655569815,0.0,-0.15727167028199718,0.0,politiker forder+n
EU-Sanktionen,7.4151167494782975,0.136479298665839,-0.11434704811425755,0.0,-0.10830516803446806,0.0,EU-Sanktionen
forder+n eu+-+sanktion+en,5.509193505262755,0.1652667464967961,-0.14134523436014346,0.0,-0.1371644263815188,0.0,forder+n eu+-+sanktion+en
eu+-+sanktion+en israel+s,8.835629887103133,-0.08230631089953279,-0.03131019409306893,0.0,0.21556899065143795,0.0,eu+-+sanktion+en israel+s
israel+s minister,13.391412755713352,-0.10590756052149741,0.07180602663662572,0.0,0.06779058252994606,0.0,israel+s minister
minister ben-gvir,7.261564892533288,-0.6607107709390195,0.571198863365325,0.0,-0.7294452136423947,0.0,minister ben-gvir
ben-gvir der,6.0963709865134135,-0.23241436413055502,0.20100723812079482,0.0,0.0015691971938218009,0.0,ben-gvir der
rechtsextreme,5.3019627301768235,-0.16438303759245723,0.16073556113645152,0.0,-0.023282139612709515,0.0,rechtsextreme
der rechtsextrem+e,5.3019627301768235,-0.16438303759245723,0.16073556113645152,0.0,-0.023282139612709515,0.0,der rechtsextrem+e
rechtsextrem+e israelisch+e,4.6967024532707615,-0.1508748443014103,0.13322649993572597,0.0,0.01717026020483236,0.0,rechtsextrem+e israelisch+e
Polizeiminister,12.34184884405538,-0.13969042161120113,0.12941919523802864,0.0,0.004697305397899395,0.0,Polizeiminister
israelisch+e polizei+minister,5.831322222737352,-0.15526462072289918,0.15676691187977967,0.0,-0.031214588630880672,0.0,israelisch+e polizei+minister
aufgerufen,4.619814440703749,-0.12048838258526966,0.2407684329194807,0.0,-0.3727389651020966,0.0,aufgerufen
polizei+minister auf+ge+ruf+en,2.904671185599243,-0.1243104820636893,0.0768218415519776,0.0,0.09129538006006511,0.0,polizei+minister auf+ge+ruf+en
auf+ge+ruf+en mensch+en,2.826221441254989,-0.11906700354978186,0.07037277550976787,0.0,0.09496398130798538,0.0,auf+ge+ruf+en mensch+en
gezielt,3.536282451682424,-0.10405142703274695,0.0743772158215241,0.0,0.058896927120493006,0.0,gezielt
gazastreifen ge+ziel+t,2.7196358577496293,-0.10110771602444882,0.05447606534553986,0.0,0.09419321299221314,0.0,gazastreifen ge+ziel+t
ge+ziel+t töt+en,3.5179306712303124,-0.0911626197666861,0.06227531177311781,0.0,0.059610898951354,0.0,ge+ziel+t töt+en
Deutsche,2.6690842130409593,-0.08687840378091179,0.04299408452863488,0.0,0.09060378992469394,0.0,Deutsche
deutsch+e politiker,2.656507786360089,-0.0763248924866692,0.0349702013573505,0.0,0.08655006363586543,0.0,deutsch+e politiker
setzen,2.6746786082440126,-0.06644845959473389,0.023171356325092166,0.0,0.09080579575462808,0.0,setzen
politiker setz+en,2.6746786082440126,-0.06644845959473389,0.023171356325092166,0.0,0.09080579575462808,0.0,politiker setz+en
Konsequenzen,5.157918388508463,0.06458556838427129,0.04722719198541831,0.0,-0.2869826280351788,0.0,Konsequenzen
setz+en konsequenz+en,2.7293004496318107,-0.053846719609500916,0.010686813177754488,0.0,0.09064587770635532,0.0,setz+en konsequenz+en
außenpolitische,2.8642394033884524,-0.033907600478807864,-0.0022736758489722915,0.0,0.07625029511547056,0.0,außenpolitische
der außenpolitisch+e,2.8642394033884524,-0.033907600478807864,-0.0022736758489722915,0.0,0.07625029511547056,0.0,der außenpolitisch+e
Sprecher,3.042146304687047,0.006501124823163983,-0.030795985620878194,0.0,0.04721759844544074,0.0,Sprecher
außenpolitisch+e sprecher,3.042146304687047,0.006501124823163983,-0.030795985620878194,0.0,0.04721759844544074,0.0,außenpolitisch+e sprecher
Unionsfraktion,3.2060905587866078,0.03463559816072093,-0.05209624274067414,0.0,0.026213248616616752,0.0,Unionsfraktion
sprecher union+s+fraktion,3.2060905587866078,0.03463559816072093,-0.05209624274067414,0.0,0.026213248616616752,0.0,sprecher union+s+fraktion
Bundestag,3.3360649069189563,0.012932106311155904,-0.03658145095706188,0.0,0.04444023802665732,0.0,Bundestag
union+s+fraktion bundestag,3.2129660174832666,-0.03998237518551819,0.0010159863520193954,0.0,0.08203767533573854,0.0,union+s+fraktion bundestag
Jürgen,3.3369635446460433,-0.05220284179350809,0.007685783023608191,0.0,0.09320002578220442,0.0,Jürgen
bundestag jürgen,3.3369635446460433,-0.05220284179350809,0.007685783023608191,0.0,0.09320002578220442,0.0,bundestag jürgen
Hardt,3.4668014403506735,-0.05019826983111583,0.004569628809480494,0.0,0.09524668085479877,0.0,Hardt
jürgen hardt,3.4668014403506735,-0.05019826983111583,0.004569628809480494,0.0,0.09524668085479877,0.0,jürgen hardt
hardt eu+-+sanktion+en,3.9143751455577305,0.011675811965490094,-0.04443313853306611,0.0,0.061970668076482965,0.0,hardt eu+-+sanktion+en
minister itamar,10.747964029090896,-0.38003292230589736,0.35837691807993927,0.0,-0.20784136558610633,0.0,minister itamar
ben-gvir ge+forder+t,5.943794987191362,-0.07872854227050932,0.13876049295372683,0.0,-0.15040535280624615,0.0,ben-gvir ge+forder+t
zuv…,2.8646621472896188,-0.1001491458566305,0.06254901254958654,0.0,0.07610271223306476,0.0,zuv…
polizei+minister zuv…,2.8646621472896188,-0.1001491458566305,0.06254901254958654,0.0,0.07610271223306476,0.0,polizei+minister zuv…
+3270,2.82698010640235,-0.09959128584857578,0.06050662383751421,0.0,0.07922880056334192,0.0,+3270
zuv… +3270,2.82698010640235,-0.09959128584857578,0.06050662383751421,0.0,0.07922880056334192,0.0,zuv… +3270
+3270 chars,2.792847022559113,-0.0990177621681597,0.058632816074157386,0.0,0.08196523661179075,0.0,+3270 chars
israel israel+s,5.271048129843526,-0.03655420868773131,-0.11458943201587506,0.0,0.2661191999262104,0.0,israel israel+s
israel+s polizei+minister,6.2186390370687805,-0.051863566917751264,-0.04912013128956327,0.0,0.19263016059946786,0.0,israel+s polizei+minister
polizei+minister forder+t,3.8144296775892514,-0.017879459754193923,-0.006159691001025213,0.0,0.05102717451800785,0.0,polizei+minister forder+t
mehr,7.399560105159139,0.013464402427921391,0.0679081289318394,0.0,-0.19371313031699983,0.0,mehr
forder+t mehr,3.70205676200929,-0.05391889925324305,0.04420349950976979,0.0,0.02327426175741596,0.0,forder+t mehr
mehr tötung+en,3.628329234768242,-0.0992735905500976,0.09044039148678824,0.0,0.014714744343781358,0.0,mehr tötung+en
gaza itamar,3.966809383363417,-0.30679437266829873,0.3004667016874417,0.0,-0.14703799144124755,0.0,gaza itamar
verlangt,3.481346832120409,-0.23901666068853522,0.23023703842996807,0.0,-0.06402846960990918,0.0,verlangt
ben-gvir verlang+t,3.481346832120409,-0.23901666068853522,0.23023703842996807,0.0,-0.06402846960990918,0.0,ben-gvir verlang+t
Podcast,6.494471725385856,0.08684357437075084,-0.006062766915285684,0.0,-0.21102894043806772,0.0,Podcast
verlang+t podcast,3.090043054360302,-0.16843042509526876,0.14810292315920393,0.0,0.01512224785012708,0.0,verlang+t podcast
podcast nacht,2.938942520316483,-0.1471463470133951,0.12003154911989664,0.0,0.040388012569978114,0.0,podcast nacht
mensch+en gaza,6.355363995485182,-0.1265709073591188,0.16268582849294508,0.0,-0.10630526424240157,0.0,mensch+en gaza
gaza entfern+en,2.757487443143262,-0.10305837199782338,0.07389802346562828,0.0,0.058019293706791306,0.0,gaza entfern+en
meint,2.7236209425303217,-0.07487295087937319,0.05046963707098762,0.0,0.05243202252918252,0.0,meint
entfern+en mein+t,2.7236209425303217,-0.07487295087937319,0.05046963707098762,0.0,0.05243202252918252,0.0,entfern+en mein+t
militante,2.712055901384315,-0.03438488497972679,0.018134360633877928,0.0,0.03688951166612211,0.0,militante
mein+t militant+e,2.712055901384315,-0.03438488497972679,0.018134360633877928,0.0,0.03688951166612211,0.0,mein+t militant+e
Palästinenser,13.541385464917093,-0.050846726012451125,0.07761822631225264,0.0,-0.05833285723669621,0.0,Palästinenser
militant+e palästinenser,2.722353381973706,-0.011722547961662961,0.0002939551987196032,0.0,0.02512112346837192,0.0,militant+e palästinenser
Mehrere,2.7716931971458156,0.03434935628147435,-0.03645982837067279,0.0,-0.003826335474552496,0.0,Mehrere
mehrere politiker,2.8333598533739,0.07176867811598145,-0.06754645515029657,0.0,-0.03126609280567783,0.0,mehrere politiker
mensch+en entfern+en,2.539027153905651,0.03845520334254718,-0.05212538749876083,0.0,0.01760593817430936,0.0,mensch+en entfern+en
Vorsitzende,4.249749698990599,0.13325550038021208,-0.25242627002901574,0.0,0.13479436150041688,0.0,Vorsitzende
sag+te vor+sitz+end+e,2.656752059420238,0.1046370678953034,-0.1079075666312862,0.0,-0.03490863589550268,0.0,sag+te vor+sitz+end+e
Partei,5.250964197577715,0.07270472282814967,-0.1056542600394373,0.0,0.038728578809989145,0.0,Partei
vor+sitz+end+e partei,2.640534800720243,0.10517357344646217,-0.10914861499728523,0.0,-0.03389585952691526,0.0,vor+sitz+end+e partei
Ozma,2.5339536975810613,0.059523764268039736,-0.07102194966870765,0.0,0.005160487901920293,0.0,Ozma
partei ozma,2.5339536975810613,0.059523764268039736,-0.07102194966870765,0.0,0.005160487901920293,0.0,partei ozma
Jehudit,2.492701489606723,0.0412825180361078,-0.056752355034920265,0.0,0.020074721896425275,0.0,Jehudit
ozma jehudit,2.492701489606723,0.0412825180361078,-0.056752355034920265,0.0,0.020074721896425275,0.0,ozma jehudit
Jüdische,2.4442842942261978,0.02010537247062349,-0.04089388784518795,0.0,0.037055006522593754,0.0,Jüdische
jehudit jüdisch+e,2.4442842942261978,0.02010537247062349,-0.04089388784518795,0.0,0.037055006522593754,0.0,jehudit jüdisch+e
Kraft,4.484429202685788,-0.03166944204658645,-0.031138751535867155,0.0,0.12513114481516077,0.0,Kraft
jüdisch+e kraft,2.4114804675925883,0.006324537551852971,-0.03101245113574892,0.0,0.048011629956936815,0.0,jüdisch+e kraft
beziehe,2.3817567569719413,-0.0054385223491187325,-0.02288573375611782,0.0,0.0573936889272381,0.0,beziehe
dabei,2.354724023955403,-0.015322410136936531,-0.016311130568162156,0.0,0.06537509965876244,0.0,dabei
bezieh+e dabei,2.354724023955403,-0.015322410136936531,-0.016311130568162156,0.0,0.06537509965876244,0.0,bezieh+e dabei
nur…,2.334447196268803,-0.022132451703175123,-0.011940272672660644,0.0,0.07097687507015386,0.0,nur…
dabei nur…,2.334447196268803,-0.022132451703175123,-0.011940272672660644,0.0,0.07097687507015386,0.0,dabei nur…
+3206,2.325479683147006,-0.02496587408187488,-0.01016584835251072,0.0,0.07334411264173928,0.0,+3206
nur… +3206,2.325479683147006,-0.02496587408187488,-0.01016584835251072,0.0,0.07334411264173928,0.0,nur… +3206
+3206 chars,2.3171278199014873,-0.027503305164424778,-0.008601292622087928,0.0,0.07548719450647358,0.0,+3206 chars
Panzerschlacht,2.9344096700209645,0.01684427862676692,-0.1929739435328163,0.0,0.2823118393339174,0.0,Panzerschlacht
nach panzer+schlacht,2.9344096700209645,0.01684427862676692,-0.1929739435328163,0.0,0.2823118393339174,0.0,nach panzer+schlacht
verschollen,3.339073666562741,0.018236849083566098,-0.21455631601778674,0.0,0.3071563808796722,0.0,verschollen
panzer+schlacht verschollen,3.339073666562741,0.018236849083566098,-0.21455631601778674,0.0,0.3071563808796722,0.0,panzer+schlacht verschollen
verschollen israel,4.820440411624434,0.019566210704969333,-0.2574774738146455,0.0,0.35548313322789243,0.0,verschollen israel
birgt,3.6985351006476312,0.02164492563665057,-0.23076952894792838,0.0,0.3211482725326325,0.0,birgt
israel berg+t,3.6985351006476312,0.02164492563665057,-0.23076952894792838,0.0,0.3211482725326325,0.0,israel berg+t
Leiche,3.3549630241128945,0.02452921673352607,-0.2193036420711236,0.0,0.30240905482633534,0.0,Leiche
berg+t leiche,3.3549630241128945,0.02452921673352607,-0.2193036420711236,0.0,0.30240905482633534,0.0,berg+t leiche
jahrzehntelang,3.0417032295881477,0.03071393810846623,-0.20784290798378133,0.0,0.2774007019301236,0.0,jahrzehntelang
leiche jahrzehntelang,3.0417032295881477,0.03071393810846623,-0.20784290798378133,0.0,0.2774007019301236,0.0,leiche jahrzehntelang
vermisstem,2.835449253618659,0.041415139624601784,-0.20215986055080237,0.0,0.2509846709585011,0.0,vermisstem
jahrzehntelang vermiss+t+em,2.835449253618659,0.041415139624601784,-0.20215986055080237,0.0,0.2509846709585011,0.0,jahrzehntelang vermiss+t+em
Soldaten,2.7527878828366608,0.052142543446644304,-0.2033123334475382,0.0,0.23279009832731937,0.0,Soldaten
vermiss+t+em soldat+en,2.7527878828366608,0.052142543446644304,-0.2033123334475382,0.0,0.23279009832731937,0.0,vermiss+t+em soldat+en
Juni,3.549691126704337,0.10824707730832701,-0.2613468613991235,0.0,0.20023811853820525,0.0,Juni
soldat+en juni,2.710011878968843,0.06767027012153468,-0.20712823382927273,0.0,0.20840729697365132,0.0,soldat+en juni
1982,4.7221218285804305,0.11260567997498039,-0.2962351519246602,0.0,0.2355441707672311,0.0,1982
juni 1982,3.5787818273965857,0.11460970489616298,-0.2536000553012979,0.0,0.1767807818322152,0.0,juni 1982
verschwindet,3.62950058575311,0.12545571464394914,-0.2499214919367271,0.0,0.1485063378790757,0.0,verschwindet
1982 verschwind+et,3.62950058575311,0.12545571464394914,-0.2499214919367271,0.0,0.1485063378790757,0.0,1982 verschwind+et
verschwind+et israelisch+e,3.864030194995167,0.15845472065525107,-0.23153328852959007,0.0,0.04410594657947233,0.0,verschwind+et israelisch+e
Obergefreite,3.684253053113638,0.04821359765426016,-0.09053641201240514,0.0,0.0669155358601866,0.0,Obergefreite
israelisch+e ober+gefreite,3.684253053113638,0.04821359765426016,-0.09053641201240514,0.0,0.0669155358601866,0.0,israelisch+e ober+gefreite
Jehuda,3.8417712808992555,-0.07132223846565407,0.07090086134358871,0.0,0.0014040390064011929,0.0,Jehuda
ober+gefreite jehuda,3.8417712808992555,-0.07132223846565407,0.07090086134358871,0.0,0.0014040390064011929,0.0,ober+gefreite jehuda
jehuda katz,4.367891565297194,-0.22874808204661629,0.24888422453508235,0.0,-0.13852197344319242,0.0,jehuda katz
Libanon-Krieg,3.7063822690393677,-0.09074895981957373,0.08260906212440872,0.0,0.015100598992566702,0.0,Libanon-Krieg
katz libanon+-+krieg,3.7063822690393677,-0.09074895981957373,0.08260906212440872,0.0,0.015100598992566702,0.0,katz libanon+-+krieg
Leichen,3.3409306161843313,-0.013278353309665257,-0.052645262999969016,0.0,0.12742425574732882,0.0,Leichen
der leiche+n,3.3409306161843313,-0.013278353309665257,-0.052645262999969016,0.0,0.12742425574732882,0.0,der leiche+n
zweier,2.569459990986841,-0.00752358106601087,-0.08974323430881884,0.0,0.1780311532105977,0.0,zweier
leiche+n zwei,2.569459990986841,-0.00752358106601087,-0.08974323430881884,0.0,0.1780311532105977,0.0,leiche+n zwei
Kameraden,2.555959256957049,0.006551307812118981,-0.12669223254362183,0.0,0.2088236890758837,0.0,Kameraden
zwei kamerad+en,2.555959256957049,0.006551307812118981,-0.12669223254362183,0.0,0.2088236890758837,0.0,zwei kamerad+en
bereits,6.44198344588293,0.0944778378877074,-0.3239171830272749,0.0,0.30207746320705303,0.0,bereits
kamerad+en bereits,2.601320961750031,0.005719538974336873,-0.13659691350612077,0.0,0.2248348223766453,0.0,kamerad+en bereits
seit,2.650159137875358,-0.00026474870952047816,-0.1312673904383046,0.0,0.2278172943415646,0.0,seit
bereits seit,2.650159137875358,-0.00026474870952047816,-0.1312673904383046,0.0,0.2278172943415646,0.0,bereits seit
Längerem,2.68713933841258,-0.004641601939592737,-0.12683661326115273,0.0,0.22915280687974313,0.0,Längerem
seit lang+er+em,2.68713933841258,-0.004641601939592737,-0.12683661326115273,0.0,0.22915280687974313,0.0,seit lang+er+em
geborgen,2.7719395925104906,-0.014798898192564044,-0.11497256563564405,0.0,0.2296848897777861,0.0,geborgen
lang+er+em ge+borg+en,2.7719395925104906,-0.014798898192564044,-0.11497256563564405,0.0,0.2296848897777861,0.0,lang+er+em ge+borg+en
ge+borg+en katz,3.473835677263427,-0.14247006409338114,0.07012845580999838,0.0,0.1363323364465733,0.0,ge+borg+en katz
Leichnam,3.291521415687942,-0.042134940138198754,-0.09401892839303073,0.0,0.2456297106814253,0.0,Leichnam
katz leichnam,3.291521415687942,-0.042134940138198754,-0.09401892839303073,0.0,0.2456297106814253,0.0,katz leichnam
gefunden,3.4725661732232287,0.01273587822371127,-0.2166123931181992,0.0,0.3188030124058507,0.0,gefunden
leichnam ge+find+en,3.4725661732232287,0.01273587822371127,-0.2166123931181992,0.0,0.3188030124058507,0.0,leichnam ge+find+en
Israelische,7.98186336227595,-0.008230595247637713,-0.18759910774972408,0.0,0.31718950015541064,0.0,Israelische
Panzer,3.378133333054907,0.01597574131610032,-0.2147988903684618,0.0,0.31122835629816986,0.0,Panzer
israelisch+e panzer,3.378133333054907,0.01597574131610032,-0.2147988903684618,0.0,0.31122835629816986,0.0,israelisch+e panzer
rollen,3.1322531557424678,0.017932905520754785,-0.20456423750630504,0.0,0.2952270013040626,0.0,rollen
panzer rolle+n,3.1322531557424678,0.017932905520754785,-0.20456423750630504,0.0,0.2952270013040626,0.0,panzer rolle+n
rolle+n 1982,2.9777798806433453,0.020179700355759906,-0.19758500553350192,0.0,0.28252001981700525,0.0,rolle+n 1982
südlichen,2.7798191870480364,0.025822499648683116,-0.18867078276983812,0.0,0.2610658718149264,0.0,südlichen
1982 südlich+en,2.7798191870480364,0.025822499648683116,-0.18867078276983812,0.0,0.2610658718149264,0.0,1982 südlich+en
südlich+en libanon,2.6982883728640625,0.030339003034905776,-0.18568943526390222,0.0,0.24904518083015653,0.0,südlich+en libanon
Foto,4.743569178099156,0.005759440588327943,-0.10325594337121226,0.0,0.1745064122163071,0.0,Foto
picture,4.63820712401674,0.010451880091256546,-0.10782876805874175,0.0,0.17279530030225398,0.0,picture
foto picture,4.63820712401674,0.010451880091256546,-0.10782876805874175,0.0,0.17279530030225398,0.0,foto picture
alliance/AP,2.5834054027839697,0.045322802524084625,-0.18601721953812075,0.0,0.2220078907055817,0.0,alliance/AP
picture alliance/ap,2.5834054027839697,0.045322802524084625,-0.18601721953812075,0.0,0.2220078907055817,0.0,picture alliance/ap
Images,2.573852365922875,0.04986149701652734,-0.17636599814007436,0.0,0.1998618245925271,0.0,Images
alliance/ap image+s,2.573852365922875,0.04986149701652734,-0.17636599814007436,0.0,0.1998618245925271,0.0,alliance/ap image+s
image+s juni,2.5962398045410304,0.05643323079050623,-0.16423938477010067,0.0,0.16933761563444097,0.0,image+s juni
zweier…,2.4419115489479193,-0.025990516409920075,-0.03882863200910196,0.0,0.1278411118006958,0.0,zweier…
leiche+n zweier…,2.4419115489479193,-0.025990516409920075,-0.03882863200910196,0.0,0.1278411118006958,0.0,leiche+n zweier…
+1574,2.401173999742833,-0.020346924077951186,-0.05105804398750549,0.0,0.13828961666844639,0.0,+1574
zweier… +1574,2.401173999742833,-0.020346924077951186,-0.05105804398750549,0.0,0.13828961666844639,0.0,zweier… +1574
+1574 char+s,2.378579555966566,-0.017677574011586008,-0.0572016440036976,0.0,0.14369365770481374,0.0,+1574 char+s
Zentralrat,14.41292417190526,0.40840085613613253,-0.1778608693847065,0.0,-1.557575322043296,0.0,Zentralrat
ben-gvir zentralrat,3.092765341705612,-0.06459506510899268,0.22168406130455856,0.0,-0.4702548190444342,0.0,ben-gvir zentralrat
Juden,17.511504454807646,0.42015495916983364,-0.2689371488913294,0.0,-1.1329222309045177,0.0,Juden
zentralrat jude+n,14.318970012941662,0.4164922101629213,-0.19769375571491643,0.0,-1.5258499217754846,0.0,zentralrat jude+n
distanziert,4.672112166678541,0.007821881282393282,0.24226184903190634,0.0,-0.8828004492739092,0.0,distanziert
jude+n distanzier+t,4.672112166678541,0.007821881282393282,0.24226184903190634,0.0,-0.8828004492739092,0.0,jude+n distanzier+t
israelischem,2.8006247793992,-0.07947004416549441,0.20837556779223776,0.0,-0.37103172354722963,0.0,israelischem
distanzier+t israelisch+em,2.3367509809125844,-0.11110337803932693,0.17951996385347055,0.0,-0.18995069061428263,0.0,distanzier+t israelisch+em
israelisch+em minister,2.9129074716319923,0.003646233559066046,0.14692546300121584,0.0,-0.41034090928648964,0.0,israelisch+em minister
minister der,2.473262273498895,0.023586659595459164,0.07664664520599432,0.0,-0.2467272334645516,0.0,minister der
der zentralrat,8.623231056693491,0.374640361205981,-0.12287901406715163,0.0,-1.4956490427638562,0.0,der zentralrat
menschenverachtenden,2.484538670370594,-0.10816558252818864,0.19681074504616755,0.0,-0.25127619234555215,0.0,menschenverachtenden
jude+n menschenverachtend+en,2.484538670370594,-0.10816558252818864,0.19681074504616755,0.0,-0.25127619234555215,0.0,jude+n menschenverachtend+en
Worte,4.511532758624682,-0.46734894607526695,0.517393183372633,0.0,-0.8478261493215683,0.0,Worte
menschenverachtend+en wort+e,2.6530955402955936,-0.26675983002868436,0.32433462806635194,0.0,-0.31691628243779546,0.0,menschenverachtend+en wort+e
wort+e itamar,3.187381836181365,-0.3778927764962214,0.4244320560140787,0.0,-0.5003890345528532,0.0,wort+e itamar
verurteilt,3.5416435473336905,-0.3313792503566401,0.3530472892859106,0.0,-0.2851354604621,0.0,verurteilt
ben-gvir verurteil+t,2.7178210017065942,-0.33914359000582994,0.370925134067194,0.0,-0.3410196526975994,0.0,ben-gvir verurteil+t
Dieser,3.4045878587742355,-0.4165246364874917,0.45446929690399074,0.0,-0.5663130880253564,0.0,Dieser
zuvor,3.0848577213788495,-0.06546891377992327,0.08858190059355657,0.0,-0.05187051437199891,0.0,zuvor
dieser zuvor,2.3659929830946616,-0.19643860855738687,0.2471826658879315,0.0,-0.2023869955841823,0.0,dieser zuvor
Massentötung,2.3222249574516196,-0.161921623241849,0.2166510757485484,0.0,-0.18371495524121215,0.0,Massentötung
zuvor masse+n+tötung,2.3222249574516196,-0.161921623241849,0.2166510757485484,0.0,-0.18371495524121215,0.0,zuvor masse+n+tötung
Palästinensern,4.845728243025303,-0.22395218824020832,0.309722755734155,0.0,-0.36362541599385156,0.0,Palästinensern
masse+n+tötung palästinenser+n,2.290845875014773,-0.10845749437115312,0.170672895989845,0.0,-0.17011032285607602,0.0,masse+n+tötung palästinenser+n
palästinenser+n auf+ge+ruf+en,2.311393741941131,-0.050136266137723054,0.12369853988754377,0.0,-0.17903988983741942,0.0,palästinenser+n auf+ge+ruf+en
Deutschland,4.839442314751318,0.057692301760262424,0.06949424484951369,0.0,-0.33139521780544284,0.0,Deutschland
jude+n deutschland,4.839442314751318,0.057692301760262424,0.06949424484951369,0.0,-0.33139521780544284,0.0,jude+n deutschland
Äußerungen,2.311572358123807,-0.11101600071515158,0.17581495074891176,0.0,-0.17911716324972615,0.0,Äußerungen
deutschland äußerung+en,2.311572358123807,-0.11101600071515158,0.17581495074891176,0.0,-0.17911716324972615,0.0,deutschland äußerung+en
rechtsextremen,3.507240322379868,-0.10668664635765941,0.19742752299616734,0.0,-0.25711433211470464,0.0,rechtsextremen
äußerung+en rechtsextrem+en,2.3420813930585496,-0.1628565206272153,0.22007233956444927,0.0,-0.19222921398338777,0.0,äußerung+en rechtsextrem+en
rechtsextrem+en israelisch+en,3.5862686941138686,-0.19939678924303839,0.274045390983338,0.0,-0.28786244750321616,0.0,rechtsextrem+en israelisch+en
Ministers,2.602307709168349,-0.30864963136934076,0.3436630829365697,0.0,-0.2975878275675777,0.0,Ministers
israelisch+en minister+s,2.602307709168349,-0.30864963136934076,0.3436630829365697,0.0,-0.2975878275675777,0.0,israelisch+en minister+s
minister+s itamar,3.0646928861135168,-0.48186365015793375,0.4636845307309893,0.0,-0.4611365598359427,0.0,minister+s itamar
Massentötungen,4.926213492715096,-0.24852649957968473,0.2992432673764853,0.0,-0.263953785156761,0.0,Massentötungen
ben-gvir masse+n+tötung+en,2.605160897666542,-0.3340185826197328,0.3578933835429109,0.0,-0.29868363399450676,0.0,ben-gvir masse+n+tötung+en
Palästinenserinnen,2.3456006170054158,-0.24034311003570827,0.2738435165896892,0.0,-0.19373069151555236,0.0,Palästinenserinnen
masse+n+tötung+en palästinenser+in+nen,2.3456006170054158,-0.24034311003570827,0.2738435165896892,0.0,-0.19373069151555236,0.0,masse+n+tötung+en palästinenser+in+nen
palästinenser+in+nen palästinenser+n,2.2667011420674217,-0.2168727384797847,0.24769784183987192,0.0,-0.15951472889129173,0.0,palästinenser+in+nen palästinenser+n
stark,2.313117763646534,-0.24293831434797214,0.27126972956279244,0.0,-0.17978549152234938,0.0,stark
palästinenser+n stark,2.313117763646534,-0.24293831434797214,0.27126972956279244,0.0,-0.17978549152234938,0.0,palästinenser+n stark
stark kritisier+t,2.357976228027421,-0.2642531357316708,0.29050744211540186,0.0,-0.19899291640843386,0.0,stark kritisier+t
Ben…,2.736877552798821,-0.416480059049328,0.41116179561881866,0.0,-0.3480068870726754,0.0,Ben…
+910,2.452503142484654,-0.30677156152990137,0.3269674408270648,0.0,-0.23829838955324864,0.0,+910
ben… +910,2.452503142484654,-0.30677156152990137,0.3269674408270648,0.0,-0.23829838955324864,0.0,ben… +910
+910 chars,2.3581806872792823,-0.26755279425839035,0.29256851315047366,0.0,-0.19907962228173776,0.0,+910 chars
Zutiefst,3.108515035078118,-0.06422884063421506,-0.025313525374616116,0.0,0.17472512016628106,0.0,Zutiefst
beschämend,4.09019097019183,-0.1598285949862976,0.1647974138429435,0.0,-0.04247777267435822,0.0,beschämend
zutiefst beschämend,3.2547764389652243,-0.06037792185007144,-0.03603698724258277,0.0,0.18599029731251907,0.0,zutiefst beschämend
Aussagen,4.732060801026574,-0.17475400871671515,0.17589127720521677,0.0,-0.04151099087985553,0.0,Aussagen
beschämend aussage+n,3.658899735307409,-0.05066950303122067,-0.06484141473040324,0.0,0.2156873206105253,0.0,beschämend aussage+n
Israel-Minister,5.1497068616871875,-0.02690017185936362,-0.14290065898477838,0.0,0.2894086358276789,0.0,Israel-Minister
aussage+n israel+-+minister,5.1497068616871875,-0.02690017185936362,-0.14290065898477838,0.0,0.2894086358276789,0.0,aussage+n israel+-+minister
sorgen,3.6434450583970346,-0.041577686357018986,-0.05169379011921391,0.0,0.17862345234663304,0.0,sorgen
israel+-+minister sorg+en,3.6434450583970346,-0.041577686357018986,-0.05169379011921391,0.0,0.17862345234663304,0.0,israel+-+minister sorg+en
Entsetzen,5.962357396627553,-0.239141269428099,0.2733349554617834,0.0,-0.19461271654888615,0.0,Entsetzen
sorg+en entsetzen,3.4537098697058886,-0.030258584965268866,-0.033526463995239876,0.0,0.12666491042036468,0.0,sorg+en entsetzen
entsetzen jude+n,3.5709225853177795,0.062038603616951855,-0.07698142722371593,0.0,0.010627767107178542,0.0,entsetzen jude+n
Zentralrat-Präsident,5.12958734894627,0.0693011973590134,-0.025498232495158347,0.0,-0.1144634648325404,0.0,Zentralrat-Präsident
deutschland zentralrat+-+präsident,3.493195455639003,0.04268131472007808,-0.025887418774372825,0.0,-0.045456605401252854,0.0,deutschland zentralrat+-+präsident
Josef,5.30078501784167,0.025044118731926412,0.06461764889196607,0.0,-0.21715723640251405,0.0,Josef
zentralrat+-+präsident josef,4.675069565622492,-0.16886103985189352,0.1902285320787694,0.0,-0.09154635321571081,0.0,zentralrat+-+präsident josef
Schuster,6.432260460632899,-0.01758604422613681,0.170803387116103,0.0,-0.42698410629183814,0.0,Schuster
josef schuster,5.5004450575304995,0.012527136409643726,0.09588471455700634,0.0,-0.2704870892492844,0.0,josef schuster
nennt,6.399306575441716,-0.3246475607244111,0.3862508032107062,0.0,-0.44416886180700815,0.0,nennt
schuster nenn+t,5.244266042355249,-0.2981076994157617,0.3238492577029515,0.0,-0.2451145222278089,0.0,schuster nenn+t
Ben-Gvirs,14.66391965827451,-0.7172406313037457,0.5960307018120881,0.0,-0.7912843796549153,0.0,Ben-Gvirs
nenn+t ben-gvir+s,7.789183507317079,-0.5272116178795773,0.5145009930961273,0.0,-0.6543319917673777,0.0,nenn+t ben-gvir+s
Forderung,6.633321905282795,-0.1194500952060946,0.23046553674910394,0.0,-0.33708838783906175,0.0,Forderung
ben-gvir+s forderung,5.226342054257635,-0.12817734949560192,0.21982664557464612,0.0,-0.2761068449503643,0.0,ben-gvir+s forderung
nächtlichen,4.455654847460149,-0.12227883573539718,0.17282288522490752,0.0,-0.1440989417796233,0.0,nächtlichen
forderung nächtlich+en,4.455654847460149,-0.12227883573539718,0.17282288522490752,0.0,-0.1440989417796233,0.0,forderung nächtlich+en
nächtlich+en masse+n+tötung+en,4.120813648013109,-0.13209165180596408,0.15935429128959802,0.0,-0.08543377766811211,0.0,nächtlich+en masse+n+tötung+en
masse+n+tötung+en gaza,3.8286971556582445,-0.13203940772256578,0.14069620210360922,0.0,-0.03770684249461416,0.0,masse+n+tötung+en gaza
verantwortungslos,3.768882865365455,-0.13131508228182306,0.13637058791144777,0.0,-0.028517334460968043,0.0,verantwortungslos
gaza verantwortungslos,3.768882865365455,-0.13131508228182306,0.13637058791144777,0.0,-0.028517334460968043,0.0,gaza verantwortungslos
erklärt,4.405698663374886,-0.12228182259426104,0.12469074678811082,0.0,-0.01845499412488895,0.0,erklärt
polizei+minister erklär+t,3.296290811752787,-0.11674464331559486,0.11867604049656226,0.0,-0.015288869046797018,0.0,polizei+minister erklär+t
erklär+t palästinenser,3.2984275367488114,-0.11459100523522485,0.11957372272455628,0.0,-0.02179477888341979,0.0,erklär+t palästinenser
seien,3.5664490872854575,-0.00028823970783381324,0.04868025971622633,0.0,-0.10855244741484105,0.0,seien
palästinenser sei,3.3189144901819283,-0.1086051527822998,0.12061293841387023,0.0,-0.03661976871719726,0.0,palästinenser sei
sei mensch+en,2.814092328230428,-0.04990248679793243,0.07580714485449988,0.0,-0.05616122041361062,0.0,sei mensch+en
einma…,2.359805003972656,-0.10104797690624612,0.07465935140186253,0.0,0.052569829880372974,0.0,einma…
sei einma…,2.359805003972656,-0.10104797690624612,0.07465935140186253,0.0,0.052569829880372974,0.0,sei einma…
+1880,2.348334559683577,-0.10011922902900039,0.07236285240899776,0.0,0.05565008547651997,0.0,+1880
einma… +1880,2.348334559683577,-0.10011922902900039,0.07236285240899776,0.0,0.05565008547651997,0.0,einma… +1880
+1880 chars,2.3401932327541464,-0.09945619665511381,0.07073785734458644,0.0,0.057805062108296654,0.0,+1880 chars
Tötungsaufruf,2.1135487028843896,-0.05390060405677233,0.09331505345872666,0.0,-0.08955758022814898,0.0,Tötungsaufruf
tötung+s+aufruf israelisch+em,2.1763319154990532,-0.02766132035303452,0.08008861983490372,0.0,-0.11883004781509848,0.0,tötung+s+aufruf israelisch+em
minister zentralrat,2.5285897800181774,0.13680881004562034,-0.04532875538629557,0.0,-0.2688509438898212,0.0,minister zentralrat
jude+n kritisier+t,2.3610329409605777,0.03176843004386623,0.05135915354577563,0.0,-0.20028840588565291,0.0,jude+n kritisier+t
beschämendes,2.2681985776873836,-0.0436882288977029,0.11098135580779071,0.0,-0.16017513408960854,0.0,beschämendes
kritisier+t beschämend+es,2.2681985776873836,-0.0436882288977029,0.11098135580779071,0.0,-0.16017513408960854,0.0,kritisier+t beschämend+es
Verhalten,2.320170327679969,-0.03971918602676635,0.11553210708428978,0.0,-0.1828297958441299,0.0,Verhalten
beschämend+es verhalt+en,2.320170327679969,-0.03971918602676635,0.11553210708428978,0.0,-0.1828297958441299,0.0,beschämend+es verhalt+en
verhalt+en der,2.4715845373447407,0.024265239249273346,0.07571604462288453,0.0,-0.24604865381073726,0.0,verhalt+en der
distanzier+t israelisch+en,3.7519007349730455,-0.21477301819579472,0.3659558712571194,0.0,-0.6634517699876901,0.0,distanzier+t israelisch+en
israelisch+en minister,3.7932020840093945,-0.12361490588947409,0.30870116026538197,0.0,-0.6743997351913381,0.0,israelisch+en minister
dieser auf+ge+ruf+en,2.4167023461765167,-0.21176569497053363,0.26400483685892817,0.0,-0.22359313978197834,0.0,dieser auf+ge+ruf+en
auf+ge+ruf+en palästinenser,2.769552930948568,-0.11654965484759094,0.23440775262315725,0.0,-0.359875106161297,0.0,auf+ge+ruf+en palästinenser
palästinenser töt+en,2.322209744650699,-0.10094761866440635,0.16915859118598114,0.0,-0.18370840426056687,0.0,palästinenser töt+en
Selbst,2.940419648200605,-0.07940132394443133,0.22107487772058823,0.0,-0.419741504405144,0.0,Selbst
CDU,3.0704780175930733,0.02636930261192001,0.13961157929504517,0.0,-0.46302245129193176,0.0,CDU
selbst cdu,3.0704780175930733,0.02636930261192001,0.13961157929504517,0.0,-0.46302245129193176,0.0,selbst cdu
cdu forder+t,3.209067063368446,0.09302760507506996,0.08313738888353915,0.0,-0.5071694561922652,0.0,cdu forder+t
forder+t konsequenz+en,3.088170142155886,0.0685085751466499,0.09890728717372668,0.0,-0.46876792425048774,0.0,forder+t konsequenz+en
minister auf+ge+ruf+en,2.2452655791261837,0.04026666572551838,0.022615248143126848,0.0,-0.15001300800668732,0.0,minister auf+ge+ruf+en
palästinenser gaza,4.442692868922594,-0.1311890910654587,0.1326436758687664,0.0,-0.019707563592172857,0.0,palästinenser gaza
gaza töt+en,4.97963098136326,-0.029621241181326488,0.06704172679377325,0.0,-0.0819093058439854,0.0,gaza töt+en
...,2.1071601686687553,0.004638382368507397,0.03434284490598829,0.0,-0.08653034509355685,0.0,...
mehr ...,2.1071601686687553,0.004638382368507397,0.03434284490598829,0.0,-0.08653034509355685,0.0,mehr ...
Gezieltes,2.272690040258368,-0.11461985204252302,0.17293806819473923,0.0,-0.16215336540670108,0.0,Gezieltes
Töten,2.3329685441037227,-0.10948339310626956,0.177672288651991,0.0,-0.18833070568122534,0.0,Töten
ge+ziel+t+es töt+en,2.3329685441037227,-0.10948339310626956,0.177672288651991,0.0,-0.18833070568122534,0.0,ge+ziel+t+es töt+en
töt+en palästinenser+n,2.4210903977094262,-0.0965035883125677,0.179275289536497,0.0,-0.22540721201226424,0.0,töt+en palästinenser+n
palästinenser+n zentralrat,2.8228580890965844,0.026720679707429307,0.11585425430864588,0.0,-0.3789390742280124,0.0,palästinenser+n zentralrat
jude+n nenn+t,3.0452482310772746,-0.2227147785463113,0.3301418255275919,0.0,-0.4547716144758305,0.0,jude+n nenn+t
ben-gvir+s wort+e,3.670858828743015,-0.4152427862800807,0.46641473660952737,0.0,-0.6416148437284976,0.0,ben-gvir+s wort+e
wort+e beschämend,2.593320850142796,-0.2260272691637949,0.2932082830384028,0.0,-0.29412843169836944,0.0,wort+e beschämend
beschämend der,2.428068068656275,-0.1926281272569559,0.252389420901582,0.0,-0.22828510342833241,0.0,beschämend der
jüngsten,2.889324511413888,-0.274423620990493,0.3493235536447398,0.0,-0.4022119374871095,0.0,jüngsten
der jung+st+en,2.889324511413888,-0.274423620990493,0.3493235536447398,0.0,-0.4022119374871095,0.0,der jung+st+en
jung+st+en aussage+n,2.860078687110626,-0.2807108812532985,0.35061678114342404,0.0,-0.39203833318640974,0.0,jung+st+en aussage+n
aussage+n israelisch+en,2.9911675241063254,-0.34416455975084204,0.39489765469782945,0.0,-0.4368529832336894,0.0,aussage+n israelisch+en
Polizeiministers,3.253071206115067,-0.44001478939358646,0.4568457884993371,0.0,-0.5207887323773218,0.0,Polizeiministers
israelisch+en polizei+minister+s,3.253071206115067,-0.44001478939358646,0.4568457884993371,0.0,-0.5207887323773218,0.0,israelisch+en polizei+minister+s
polizei+minister+s ben-gvir,4.952955991872852,-0.6999690738007851,0.6076690115527382,0.0,-0.9411737641782074,0.0,polizei+minister+s ben-gvir
lösten,3.5742136838791994,-0.5515961193680923,0.517634805940803,0.0,-0.6149343991458592,0.0,lösten
ben-gvir lös+ten,3.5742136838791994,-0.5515961193680923,0.517634805940803,0.0,-0.6149343991458592,0.0,ben-gvir lös+ten
lös+ten entsetzen,3.265631620259987,-0.4650195455224921,0.468326094533781,0.0,-0.5246423916171111,0.0,lös+ten entsetzen
ultrarechtsreligiöse,2.3162602296113692,-0.22931252137646882,0.2628136510352285,0.0,-0.1811431108189701,0.0,ultrarechtsreligiöse
der ultra+recht+s+religiös+e,2.3162602296113692,-0.22931252137646882,0.2628136510352285,0.0,-0.1811431108189701,0.0,der ultra+recht+s+religiös+e
ultra+recht+s+religiös+e politiker,2.226685390660196,-0.17770229433681034,0.21434297071856726,0.0,-0.14170330358159944,0.0,ultra+recht+s+religiös+e politiker
erklärte,4.287578022439968,0.04568081653724939,-0.12335579410374858,0.0,0.12780859050661006,0.0,erklärte
politiker erklär+te,2.201337263565036,-0.15918019756367274,0.19669468928211942,0.0,-0.13025421853246133,0.0,politiker erklär+te
erklär+te podcast,2.171919318895805,-0.12993381270328966,0.16921722378489717,0.0,-0.11680045114273298,0.0,erklär+te podcast
podcast palästinenser,2.1608548964393766,-0.10981706184790763,0.1509683742522348,0.0,-0.11169312453967699,0.0,podcast palästinenser
hätten,2.2961191516484347,0.011042286220075826,0.06237263840497124,0.0,-0.1724095681854473,0.0,hätten
gaza hab+en,2.1656763084419235,-0.07374378855981593,0.12086031550772844,0.0,-0.11392189108268998,0.0,gaza hab+en
verdient,2.2322328148195996,-0.05302281508958349,0.11363141987806212,0.0,-0.14419154255164754,0.0,verdient
hab+en verdien+t,2.2322328148195996,-0.05302281508958349,0.11363141987806212,0.0,-0.14419154255164754,0.0,hab+en verdien+t
leben,3.346462716343532,-0.056829515434990305,0.10481567539313981,0.0,-0.11184794388340315,0.0,leben
verdien+t leb+en,2.3245704321480902,-0.015808592814641663,0.09365310453429397,0.0,-0.18472445735998777,0.0,verdien+t leb+en
weite…,2.412162603601313,-0.13895210118231313,0.21153743648835646,0.0,-0.22171288677847367,0.0,weite…
deutschland weite…,2.412162603601313,-0.13895210118231313,0.21153743648835646,0.0,-0.22171288677847367,0.0,deutschland weite…
Für,5.2579358130228435,-0.11025469409452468,0.34871685344871994,0.0,-1.0009277145015587,0.0,Für
weite… für,2.439527410986542,-0.174378442799494,0.24101175803554098,0.0,-0.23299353228140923,0.0,weite… für
Präsident,2.8443173342865893,0.029055466794501588,0.11576781402944572,0.0,-0.3865122817433056,0.0,Präsident
für präsident,2.464810800099257,-0.19577073241844825,0.2589758499901249,0.0,-0.2433042457826263,0.0,für präsident
präsident schuster,2.5735889540303933,-0.2610128074797576,0.31299223762354544,0.0,-0.28649060066038307,0.0,präsident schuster
stehen,2.797291685439476,-0.35953518375062155,0.3881826987701519,0.0,-0.3698408896451719,0.0,stehen
schuster steh+en,2.797291685439476,-0.35953518375062155,0.3881826987701519,0.0,-0.3698408896451719,0.0,schuster steh+en
steh+en ben-gvir+s,3.3669511537134826,-0.5546202309334934,0.5091570051628459,0.0,-0.5551968284694818,0.0,steh+en ben-gvir+s
Gegensatz,2.490031520210994,-0.27331789259375266,0.3115316736328643,0.0,-0.25348456487315,0.0,Gegensatz
wort+e gegensatz,2.490031520210994,-0.27331789259375266,0.3115316736328643,0.0,-0.25348456487315,0.0,wort+e gegensatz
jüdischen,2.3508142945437798,-0.22637280822381287,0.2654156657774645,0.0,-0.1959509722098075,0.0,jüdischen
gegensatz jüdisch+en,2.3508142945437798,-0.22637280822381287,0.2654156657774645,0.0,-0.1959509722098075,0.0,gegensatz jüdisch+en
Werten,2.2844241137499246,-0.2046039711078842,0.2418127195716926,0.0,-0.16730315934543571,0.0,Werten
jüdisch+en wert+en,2.2844241137499246,-0.2046039711078842,0.2418127195716926,0.0,-0.16730315934543571,0.0,jüdisch+en wert+en
alliance,3.7705567106269924,-0.030415617416270923,-0.044457745389165575,0.0,0.1459969051240544,0.0,alliance
picture alliance,3.7705567106269924,-0.030415617416270923,-0.044457745389165575,0.0,0.1459969051240544,0.0,picture alliance
epd-bild,2.178082477590995,-0.1748692593588291,0.20469932842283528,0.0,-0.11963408805023476,0.0,epd-bild
alliance epd+-+bild,2.178082477590995,-0.1748692593588291,0.20469932842283528,0.0,-0.11963408805023476,0.0,alliance epd+-+bild
epd+-+bild der,2.208250451164839,-0.19316297286561568,0.22265652759093404,0.0,-0.1333897467092326,0.0,epd+-+bild der
+2166,2.344706028034391,-0.2618224005945418,0.28732529571202514,0.0,-0.19334922861788922,0.0,+2166
entsetzen +2166,2.344706028034391,-0.2618224005945418,0.28732529571202514,0.0,-0.19334922861788922,0.0,entsetzen +2166
+2166 chars,2.3006798889517674,-0.24286705087898725,0.26956288295186404,0.0,-0.1743938789023347,0.0,+2166 chars
Grünenpolitiker,4.491790749752691,-0.039280531107700294,0.01317293424353018,0.0,0.05693125302510093,0.0,Grünenpolitiker
polizei+minister grün+en+politiker,3.5150643408513176,-0.0733012558090793,0.012148544933876343,0.0,0.12453387266964382,0.0,polizei+minister grün+en+politiker
Lucks,4.586359287125454,0.008609451142291778,0.014571924961725689,0.0,-0.051067694272413366,0.0,Lucks
grün+en+politiker lucks,3.556588311839766,-0.022989161129150504,0.01722002615638559,0.0,0.014650010779719207,0.0,grün+en+politiker lucks
lucks forder+t,3.709731583979624,0.026388470271331704,-0.003569121328889099,0.0,-0.053797537327844716,0.0,lucks forder+t
Sanktionen,6.45253419405993,0.20556996974539474,-0.08063352390021425,0.0,-0.42983128213353217,0.0,Sanktionen
forder+t sanktion+en,3.950549596357438,0.05991983779764451,-0.011791052380874098,0.0,-0.12070456565005627,0.0,forder+t sanktion+en
sanktion+en itamar,4.258608731706236,-0.2519677853444535,0.25489225464768567,0.0,-0.11046344353563232,0.0,sanktion+en itamar
Aufruf,4.968092020685497,-0.17264223680157054,0.1312229244964762,0.0,0.061520686182584106,0.0,Aufruf
der aufruf,4.22192172551986,-0.15649819640887894,0.09768413122429247,0.0,0.10515193238810347,0.0,der aufruf
aufruf israel+s,5.184499546964105,-0.0394998271766031,-0.1229714535746555,0.0,0.2826751111891386,0.0,aufruf israel+s
gezielten,3.6100233723799833,-0.22011551583318184,0.1827780352451411,0.0,0.025156004977629425,0.0,gezielten
ben-gvir ge+ziel+t+en,3.6100233723799833,-0.22011551583318184,0.1827780352451411,0.0,0.025156004977629425,0.0,ben-gvir ge+ziel+t+en
ge+ziel+t+en tötung+en,3.3493523553262112,-0.18009514750440447,0.1411105460398465,0.0,0.052504780478428915,0.0,ge+ziel+t+en tötung+en
tötung+en palästinenser+n,3.1539855540179618,-0.14718537369784435,0.10854167307000184,0.0,0.06580521789124286,0.0,tötung+en palästinenser+n
löst,3.0143422052664026,-0.1194342312577023,0.08274754140654798,0.0,0.07011023463367583,0.0,löst
palästinenser+n lös+t,3.0143422052664026,-0.1194342312577023,0.08274754140654798,0.0,0.07011023463367583,0.0,palästinenser+n lös+t
international,2.980160397929794,-0.11104603847749661,0.07535919767879,0.0,0.07000179383627556,0.0,international
lös+t international,2.980160397929794,-0.11104603847749661,0.07535919767879,0.0,0.07000179383627556,0.0,lös+t international
international entsetzen,2.908699304653047,-0.08727352168760331,0.055475103312634326,0.0,0.06619861413330341,0.0,international entsetzen
Zahlreiche,2.8743209977389945,-0.05403976512278775,0.029877858151333075,0.0,0.053210278688966314,0.0,Zahlreiche
zahlreich+e politiker,2.894558485819669,-0.013840869083100048,-0.0001224947941232726,0.0,0.030508156235520122,0.0,zahlreich+e politiker
forder+n konsequenz+en,2.944384442866718,0.04704981438399577,-0.04889809518269608,0.0,-0.008692661501508873,0.0,forder+n konsequenz+en
der grün+en+politiker,2.7810515290662896,-0.006655682950724861,-0.007369418910481261,0.0,0.029620014502717965,0.0,der grün+en+politiker
Max,2.8115718786552026,0.0026065718218339635,-0.004855863361607655,0.0,0.0042089603236229785,0.0,Max
grün+en+politiker max,2.8115718786552026,0.0026065718218339635,-0.004855863361607655,0.0,0.0042089603236229785,0.0,grün+en+politiker max
max lucks,2.8397583032631624,0.013875473177896886,-0.010731798231760546,0.0,-0.009122449930050314,0.0,max lucks
Forderungen,3.071984777950649,0.10055945709512736,-0.07076221576375806,0.0,-0.09949123325738739,0.0,Forderungen
lucks forderung+en,3.071984777950649,0.10055945709512736,-0.07076221576375806,0.0,-0.09949123325738739,0.0,lucks forderung+en
forderung+en sanktion+en,3.2344630559027157,0.13978006595341863,-0.09333934835680874,0.0,-0.16300128143463113,0.0,forderung+en sanktion+en
sanktion+en rechtsextrem+en,2.903783526958296,-0.037658773160661484,0.06917832921205758,0.0,-0.06829938794599859,0.0,sanktion+en rechtsextrem+en
israelisch+en polizei+minister,2.990412180152451,-0.16728658297974688,0.19672694521607992,0.0,-0.11296564705177686,0.0,israelisch+en polizei+minister
polizei+minister itamar,5.618031171459382,-0.44207137757977577,0.40892513616148723,0.0,-0.2872474178298762,0.0,polizei+minister itamar
angeschlossen,3.127167030470744,-0.26993251000600477,0.28612036974535443,0.0,-0.17266412965849098,0.0,angeschlossen
ben-gvir an+ge+schließ+en,3.127167030470744,-0.26993251000600477,0.28612036974535443,0.0,-0.17266412965849098,0.0,ben-gvir an+ge+schließ+en
sei,4.071887624977825,-0.06298126156919023,0.012142062021963633,0.0,0.10533794500995133,0.0,sei
richtig,2.7630704851309673,-0.17290814213787092,0.18080592995851014,0.0,-0.05796599204612038,0.0,richtig
sei richtig,2.7630704851309673,-0.17290814213787092,0.18080592995851014,0.0,-0.05796599204612038,0.0,sei richtig
sanktionieren,2.620889441439426,-0.1411112132902174,0.13818323975462146,0.0,-0.013410733429801258,0.0,sanktionieren
richtig sanktionier+en,2.620889441439426,-0.1411112132902174,0.13818323975462146,0.0,-0.013410733429801258,0.0,richtig sanktionier+en
sag…,2.558537644531591,-0.12911084181272056,0.12031192684217827,0.0,0.005431156988663177,0.0,sag…
sanktionier+en sag…,2.558537644531591,-0.12911084181272056,0.12031192684217827,0.0,0.005431156988663177,0.0,sanktionier+en sag…
+4572,2.5378843166422853,-0.12543213290545152,0.11457580099144375,0.0,0.011525203000106725,0.0,+4572
sag… +4572,2.5378843166422853,-0.12543213290545152,0.11457580099144375,0.0,0.011525203000106725,0.0,sag… +4572
+4572 char+s,2.519059357017249,-0.12221123068452353,0.109440565773176,0.0,0.017004298941833577,0.0,+4572 char+s
Charlotte,3.4877032120789946,0.11921602860678389,-0.29167912580420663,0.0,0.2166906130090856,0.0,Charlotte
Knobloch,3.782578355096031,0.15549823370939467,-0.33265809158047327,0.0,0.19157190653056777,0.0,Knobloch
charlotte knobloch,3.683194375226985,0.12721236774687303,-0.30603262235505735,0.0,0.2181973757559837,0.0,charlotte knobloch
AfD,5.924568766825364,0.48166871673228995,-0.7969657921110966,0.0,-0.27873520068620866,0.0,AfD
knobloch afd,2.228569957498256,0.020400922381906397,-0.13714445168798473,0.0,0.1987353083063504,0.0,knobloch afd
vielen,4.734209204999659,0.03790679916305028,-0.1531761698349035,0.0,0.1892504240833892,0.0,vielen
afd viel+en,2.2408556039552954,0.022303823514689458,-0.1395931896797696,0.0,0.19880042145746166,0.0,afd viel+en
Bereichen,2.345541750989116,0.07570950599019229,-0.18275567123237058,0.0,0.15768074290070422,0.0,Bereichen
viel+en bereich+en,2.345541750989116,0.07570950599019229,-0.18275567123237058,0.0,0.15768074290070422,0.0,viel+en bereich+en
Unterschied,2.375329012736586,0.08165580961779006,-0.18961352575075902,0.0,0.15548630652063414,0.0,Unterschied
bereich+en unterschied,2.375329012736586,0.08165580961779006,-0.18961352575075902,0.0,0.15548630652063414,0.0,bereich+en unterschied
unterschied mehr,2.402698811046162,0.08726863031495533,-0.19599760169112437,0.0,0.15314898740584804,0.0,unterschied mehr
NSDAP,3.448004422374387,0.20502467215453343,-0.3601159366500524,0.0,0.11231592161400879,0.0,NSDAP
mehr nsdap,2.3156421413107147,0.035012246256154164,-0.15497441286191146,0.0,0.19741728469392575,0.0,mehr nsdap
nsdap die,2.331449810161194,0.03799013247094121,-0.15836555481403566,0.0,0.19668865429524346,0.0,nsdap die
die afd,2.228569957498256,0.020400922381906397,-0.13714445168798473,0.0,0.1987353083063504,0.0,die afd
bekommt,2.3513968561676335,0.04191732753477204,-0.16273463634684066,0.0,0.19552593063884013,0.0,bekommt
afd bekomm+t,2.3513968561676335,0.04191732753477204,-0.16273463634684066,0.0,0.19552593063884013,0.0,afd bekomm+t
Zulauf,2.373838153833252,0.04657797015299714,-0.16778450843234166,0.0,0.19387456004884077,0.0,Zulauf
bekomm+t zulauf,2.373838153833252,0.04657797015299714,-0.16778450843234166,0.0,0.19387456004884077,0.0,bekomm+t zulauf
nie,2.4102074386240826,0.054719685281659054,-0.17631320638893072,0.0,0.19037251861985635,0.0,nie
zulauf nie,2.4102074386240826,0.054719685281659054,-0.17631320638893072,0.0,0.19037251861985635,0.0,zulauf nie
nie zuvor,2.4255649327098503,0.05838805619564287,-0.1800559671857815,0.0,0.18857056323336527,0.0,nie zuvor
ehemalige,2.667307717505588,0.15463057575493583,-0.2673096613835546,0.0,0.10700689594420425,0.0,ehemalige
der ehemalig+e,2.667307717505588,0.15463057575493583,-0.2673096613835546,0.0,0.10700689594420425,0.0,der ehemalig+e
Präsidentin,2.7747363523993296,0.18402821868458116,-0.2988942644490995,0.0,0.08110721032989794,0.0,Präsidentin
ehemalig+e präsident+in,2.7747363523993296,0.18402821868458116,-0.2988942644490995,0.0,0.08110721032989794,0.0,ehemalig+e präsident+in
Zentralrates,3.3637657161975536,0.32851829334956356,-0.47659637719919185,0.0,-0.08624666364014538,0.0,Zentralrates
präsident+in zentralrat+es,3.3637657161975536,0.32851829334956356,-0.47659637719919185,0.0,-0.08624666364014538,0.0,präsident+in zentralrat+es
zentralrat+es jude+n,3.4225631106604593,0.32284017004086407,-0.47417811755843536,0.0,-0.07060883191403443,0.0,zentralrat+es jude+n
fühlt,2.7713726297483103,0.12597135008030105,-0.25480396771848784,0.0,0.15414913530052785,0.0,fühlt
jude+n fühl+t,2.7713726297483103,0.12597135008030105,-0.25480396771848784,0.0,0.15414913530052785,0.0,jude+n fühl+t
dunkle,2.729265293567731,0.0745207711612037,-0.21613879380924078,0.0,0.2073434890462136,0.0,dunkle
fühl+t dunkel+e,2.729265293567731,0.0745207711612037,-0.21613879380924078,0.0,0.2073434890462136,0.0,fühl+t dunkel+e
Zeiten,2.750399708397725,0.06184770998111243,-0.2093954597090385,0.0,0.22267960216218272,0.0,Zeiten
dunkel+e zeit+en,2.750399708397725,0.06184770998111243,-0.2093954597090385,0.0,0.22267960216218272,0.0,dunkel+e zeit+en
erinnert,5.961084755797572,0.0003361488595261276,-0.0736297929354011,0.0,0.13675199480754316,0.0,erinnert
zeit+en erinner+t,2.7882565227997143,0.05242287201904101,-0.20599403356521678,0.0,0.23585528257890465,0.0,zeit+en erinner+t
knobloch vor+sitz+end+e,3.3782066111940385,0.07699350821347194,-0.25579574631137536,0.0,0.25420815073458397,0.0,knobloch vor+sitz+end+e
Israelitischen,5.054268161189171,0.07926445155739231,-0.304845244976866,0.0,0.3081153620656718,0.0,Israelitischen
vor+sitz+end+e israeli+tisch+en,5.054268161189171,0.07926445155739231,-0.304845244976866,0.0,0.3081153620656718,0.0,vor+sitz+end+e israeli+tisch+en
Kultusgemeinde,3.3712648074291165,0.061289148534215444,-0.2445474860225597,0.0,0.2691728800154944,0.0,Kultusgemeinde
israeli+tisch+en kultus+gemeinde,3.3712648074291165,0.061289148534215444,-0.2445474860225597,0.0,0.2691728800154944,0.0,israeli+tisch+en kultus+gemeinde
München,2.9088870775831186,0.04634815150020756,-0.21004108857311843,0.0,0.25237407589962974,0.0,München
kultus+gemeinde münchen,2.9088870775831186,0.04634815150020756,-0.21004108857311843,0.0,0.25237407589962974,0.0,kultus+gemeinde münchen
Oberbayern,2.7800171654985872,0.0486982046271663,-0.2030346376103034,0.0,0.2388146785338181,0.0,Oberbayern
münchen oberbayern,2.7800171654985872,0.0486982046271663,-0.2030346376103034,0.0,0.2388146785338181,0.0,münchen oberbayern
zieht,2.7193634229596144,0.06413637860151467,-0.20859996655134094,0.0,0.217232174426838,0.0,zieht
oberbayern zieh+t,2.7193634229596144,0.06413637860151467,-0.20859996655134094,0.0,0.217232174426838,0.0,oberbayern zieh+t
Vergleiche,2.705854622675203,0.07526017921177085,-0.21485822520093678,0.0,0.20414972643722543,0.0,Vergleiche
zieh+t vergleich+e,2.705854622675203,0.07526017921177085,-0.21485822520093678,0.0,0.20414972643722543,0.0,zieh+t vergleich+e
vergleich+e afd,2.753389295643078,0.14397441785035806,-0.26653734486653974,0.0,0.13047464816033036,0.0,vergleich+e afd
afd nsdap,2.7143498151958325,0.14629673434728208,-0.2651004359965227,0.0,0.12317446384374144,0.0,afd nsdap
Dem,2.595734837693031,0.10673835094196125,-0.22700363138083932,0.0,0.1566803429737962,0.0,Dem
Magazin,2.5550299258373057,0.09379115370261674,-0.21470939911523365,0.0,0.16649535795750467,0.0,Magazin
der magazin,2.5550299258373057,0.09379115370261674,-0.21470939911523365,0.0,0.16649535795750467,0.0,der magazin
Stern,2.4964248910018623,0.07638108148633724,-0.19804608908305324,0.0,0.1784810816270812,0.0,Stern
magazin stern,2.4964248910018623,0.07638108148633724,-0.19804608908305324,0.0,0.1784810816270812,0.0,magazin stern
stern sag+te,2.4633723803442824,0.0673679488822581,-0.1892485952219722,0.0,0.18399230361442953,0.0,stern sag+te
93-Jährige,2.4196716851662865,0.05643763417175362,-0.1782853682853259,0.0,0.189849927243554,0.0,93-Jährige
sag+te 93-jährig+e,2.4196716851662865,0.05643763417175362,-0.1782853682853259,0.0,0.189849927243554,0.0,sag+te 93-jährig+e
Natürlich,2.37858711725802,0.04717920812591298,-0.16861989344184666,0.0,0.19392126012634808,0.0,Natürlich
93-jährig+e natürlich,2.37858711725802,0.04717920812591298,-0.16861989344184666,0.0,0.19392126012634808,0.0,93-jährig+e natürlich
sahen,2.350359639962612,0.041353097409996126,-0.16229343262959126,0.0,0.19596713435608945,0.0,sahen
natürlich seh+en,2.350359639962612,0.041353097409996126,-0.16229343262959126,0.0,0.19596713435608945,0.0,natürlich seh+en
+1990,2.3282500456109867,0.03706802928920515,-0.15749162904482275,0.0,0.19717434789837435,0.0,+1990
seh+en +1990,2.3282500456109867,0.03706802928920515,-0.15749162904482275,0.0,0.19717434789837435,0.0,seh+en +1990
+1990 char+s,2.3148811149012127,0.03458675284634921,-0.15464571289681234,0.0,0.1977459846590249,0.0,+1990 char+s
mehr knobloch,1.7976127765667693,0.04342527577827599,-0.08770359341644471,0.0,0.07235125480948731,0.0,mehr knobloch
sieht,1.974099893901912,0.1513517599423306,-0.18135658852775352,0.0,-0.02130174030182162,0.0,sieht
knobloch seh+t,1.974099893901912,0.1513517599423306,-0.18135658852775352,0.0,-0.02130174030182162,0.0,knobloch seh+t
Parallelen,1.8078100748585617,0.05059011435354808,-0.09336025334396128,0.0,0.06669459488197084,0.0,Parallelen
seh+t parallele+n,1.8078100748585617,0.05059011435354808,-0.09336025334396128,0.0,0.06669459488197084,0.0,seh+t parallele+n
parallele+n afd,1.8268201827074149,0.06360147967971594,-0.10382089437197363,0.0,0.05623395385395836,0.0,parallele+n afd
Hitlerpartei,1.837257504329734,0.07056094228790874,-0.10951801694650512,0.0,0.05053683127942674,0.0,Hitlerpartei
afd hitlerpartei,1.837257504329734,0.07056094228790874,-0.10951801694650512,0.0,0.05053683127942674,0.0,afd hitlerpartei
hitlerpartei nsdap,1.8604040615550386,0.08555061607913216,-0.12203774551097776,0.0,0.038017102714954044,0.0,hitlerpartei nsdap
nsdap der,1.875271241818367,0.09486950806249897,-0.12999735524623335,0.0,0.030057492979698636,0.0,nsdap der
jude+n forder+t,2.099292954146054,0.2116404572457066,-0.24284464351851123,0.0,-0.08278979529257922,0.0,jude+n forder+t
Kampf,3.1635283104628984,0.08172325853771746,-0.06995176406650316,0.0,-0.05144953733215476,0.0,Kampf
forder+t kampf,2.003551360618197,0.16655328933687405,-0.1961653301958579,0.0,-0.036110481969925966,0.0,forder+t kampf
kampf afd,1.8268201827074149,0.06360147967971594,-0.10382089437197363,0.0,0.05623395385395836,0.0,kampf afd
radikale,1.8781305888754407,0.09663505226624157,-0.131520958494265,0.0,0.02853388973166706,0.0,radikale
afd radikal+e,1.8781305888754407,0.09663505226624157,-0.131520958494265,0.0,0.02853388973166706,0.0,afd radikal+e
Mittel,1.8561628151991978,0.08284859369057197,-0.11975539820628595,0.0,0.04029945001964613,0.0,Mittel
radikal+e mittel,1.8561628151991978,0.08284859369057197,-0.11975539820628595,0.0,0.04029945001964613,0.0,radikal+e mittel
Denn,1.8402391196956502,0.07252576207475261,-0.11113956351694233,0.0,0.04891528470898967,0.0,Denn
Nazis,1.8223325485948727,0.06056956631262715,-0.10136134460507426,0.0,0.0586935036208579,0.0,Nazis
denn nazi+s,1.8223325485948727,0.06056956631262715,-0.10136134460507426,0.0,0.0586935036208579,0.0,denn nazi+s
nazi+s hab+en,1.816319091011468,0.056468696534830734,-0.09805601963645857,0.0,0.06199882858947336,0.0,nazi+s hab+en
ausprobiert,1.8101918068367617,0.052244632390774065,-0.09467685427460128,0.0,0.06537799395133065,0.0,ausprobiert
hab+en ausprobier+t,1.8101918068367617,0.052244632390774065,-0.09467685427460128,0.0,0.06537799395133065,0.0,hab+en ausprobier+t
möglich,1.7982171923071022,0.04385365799894301,-0.08803976934870904,0.0,0.07201507887722283,0.0,möglich
ausprobier+t möglich,1.7982171923071022,0.04385365799894301,-0.08803976934870904,0.0,0.07201507887722283,0.0,ausprobier+t möglich
Sie,3.536510379861911,0.07328941087918299,-0.028734629059877507,0.0,-0.11787489633065283,0.0,Sie
plädiert,1.7890625795179196,0.03731433983045679,-0.08293582806463101,0.0,0.077119020161301,0.0,plädiert
sie plädier+t,1.7890625795179196,0.03731433983045679,-0.08293582806463101,0.0,0.077119020161301,0.0,sie plädier+t
neues,1.7817692970790835,0.032025322947231184,-0.07885090173229886,0.0,0.0812039464936332,0.0,neues
plädier+t neu+es,1.7817692970790835,0.032025322947231184,-0.07885090173229886,0.0,0.0812039464936332,0.0,plädier+t neu+es
Verbotsverfahren,1.7817692970790835,0.032025322947231184,-0.07885090173229886,0.0,0.0812039464936332,0.0,Verbotsverfahren
neu+es verbot+s+verfahren,1.7817692970790835,0.032025322947231184,-0.07885090173229886,0.0,0.0812039464936332,0.0,neu+es verbot+s+verfahren
der afd,1.79152915213584,0.03908706099969932,-0.08431357408704543,0.0,0.07574127413888662,0.0,der afd
stärkste,1.7958543229273782,0.042176277471428415,-0.08672489861776465,0.0,0.07332994960816738,0.0,stärkste
afd stark+st+e,1.7958543229273782,0.042176277471428415,-0.08672489861776465,0.0,0.07332994960816738,0.0,afd stark+st+e
Oppositionspartei,1.8013874861123345,0.04609291958475268,-0.08980123756990759,0.0,0.07025361065602449,0.0,Oppositionspartei
stark+st+e opposition+s+partei,1.8013874861123345,0.04609291958475268,-0.08980123756990759,0.0,0.07025361065602449,0.0,stark+st+e opposition+s+partei
opposition+s+partei bundestag,1.8182370826248286,0.057781444210110895,-0.09911143972065618,0.0,0.060943408505275874,0.0,opposition+s+partei bundestag
bundesweiten,1.834438233272201,0.0686936545653232,-0.10798233871330089,0.0,0.052072509512631024,0.0,bundesweiten
bundestag bundesweit+en,1.834438233272201,0.0686936545653232,-0.10798233871330089,0.0,0.052072509512631024,0.0,bundestag bundesweit+en
Umfragen,1.8561628151991978,0.08284859369057197,-0.11975539820628595,0.0,0.04029945001964613,0.0,Umfragen
bundesweit+en umfrage+n,1.8561628151991978,0.08284859369057197,-0.11975539820628595,0.0,0.04029945001964613,0.0,bundesweit+en umfrage+n
liegt,1.8781305888754407,0.09663505226624157,-0.131520958494265,0.0,0.02853388973166706,0.0,liegt
umfrage+n lieg+t,1.8781305888754407,0.09663505226624157,-0.131520958494265,0.0,0.02853388973166706,0.0,umfrage+n lieg+t
teils,1.916147958732011,0.11932890802652844,-0.1515609432707164,0.0,0.008493904955215684,0.0,teils
lieg+t teils,1.916147958732011,0.11932890802652844,-0.1515609432707164,0.0,0.008493904955215684,0.0,lieg+t teils
deutlich,1.9534226986552008,0.14026032761074955,-0.17082710802239542,0.0,-0.010772259796463407,0.0,deutlich
teils deutlich,1.9534226986552008,0.14026032761074955,-0.17082710802239542,0.0,-0.010772259796463407,0.0,teils deutlich
Union,2.073274798402243,0.199995311900067,-0.23037342938587588,0.0,-0.07031858115994376,0.0,Union
deutlich union,2.073274798402243,0.199995311900067,-0.23037342938587588,0.0,-0.07031858115994376,0.0,deutlich union
Politik,1.945957717225567,0.13616715857664313,-0.16699829946665246,0.0,-0.00694345124072035,0.0,Politik
Gesellschaft,2.157098792141759,0.2360627623419289,-0.2700082110562807,0.0,-0.10995336283034866,0.0,Gesellschaft
politik gesellschaft,1.887538344949552,0.10238459967782315,-0.13651756112306454,0.0,0.02353728710286741,0.0,politik gesellschaft
möglichen,1.9268074528644268,0.12544259853175185,-0.15710850775081203,0.0,0.0029463404751201446,0.0,möglichen
gesellschaft möglich+en,1.9268074528644268,0.12544259853175185,-0.15710850775081203,0.0,0.0029463404751201446,0.0,gesellschaft möglich+en
neuen,3.6320178185416143,0.18417079529102587,-0.18807819275423576,0.0,-0.10119326964692492,0.0,neuen
möglich+en neu+en,1.8842531613197402,0.10038713289117598,-0.13477558548359114,0.0,0.025279262742340863,0.0,möglich+en neu+en
Anlauf,1.867391162164514,0.08995950214346975,-0.12578640034434993,0.0,0.03426844788158208,0.0,Anlauf
neu+en anlauf,1.867391162164514,0.08995950214346975,-0.12578640034434993,0.0,0.03426844788158208,0.0,neu+en anlauf
+3582,1.8467567752312104,0.07678538307366231,-0.1146750501355034,0.0,0.04537979809042869,0.0,+3582
anlauf +3582,1.8467567752312104,0.07678538307366231,-0.1146750501355034,0.0,0.04537979809042869,0.0,anlauf +3582
+3582 chars,1.837257504329734,0.07056094228790874,-0.10951801694650512,0.0,0.05053683127942674,0.0,+3582 chars
Kanzler,2.8868342438816255,-0.29060457432831666,0.28075880777623113,0.0,-0.11529346471447725,0.0,Kanzler
Merz,3.1316567728278937,-0.37013591764127307,0.34938742797794115,0.0,-0.1939408474153613,0.0,Merz
kanzler merz,3.1316567728278937,-0.37013591764127307,0.34938742797794115,0.0,-0.1939408474153613,0.0,kanzler merz
merz ben-gvir+s,3.664807308773129,-0.5259060615333981,0.4590295595453136,0.0,-0.3490314979903427,0.0,merz ben-gvir+s
Tötungsappell,2.9943154519169157,-0.3213583146225041,0.30777748479459166,0.0,-0.14331817846971895,0.0,Tötungsappell
ben-gvir+s tötung+s+appell,2.9943154519169157,-0.3213583146225041,0.30777748479459166,0.0,-0.14331817846971895,0.0,ben-gvir+s tötung+s+appell
hinnehmbar,2.706520568121125,-0.21471782181292332,0.20236572260329724,0.0,-0.034084155339169496,0.0,hinnehmbar
tötung+s+appell hin+nehm+bar,2.706520568121125,-0.21471782181292332,0.20236572260329724,0.0,-0.034084155339169496,0.0,tötung+s+appell hin+nehm+bar
Deutschlands,4.777856735977411,-0.047114556989405205,0.017621885842322875,0.0,0.06389312755638266,0.0,Deutschlands
hin+nehm+bar deutschland+s,2.641520659496689,-0.18696800781510697,0.170568629644257,0.0,-0.004754704070778483,0.0,hin+nehm+bar deutschland+s
Regierungschef,2.5990809988513095,-0.16480949187166977,0.1443717540292903,0.0,0.017198561020400033,0.0,Regierungschef
deutschland+s regierung+s+chef,2.5990809988513095,-0.16480949187166977,0.1443717540292903,0.0,0.017198561020400033,0.0,deutschland+s regierung+s+chef
regierung+s+chef verurteil+t,2.570441812145937,-0.14460065136817918,0.12015378154485623,0.0,0.0353776423744021,0.0,regierung+s+chef verurteil+t
verurteil+t aufruf,2.5545231086167646,-0.12827790450454682,0.10017110250646999,0.0,0.04924106879688498,0.0,verurteil+t aufruf
aufruf israelisch+en,2.548656425546059,-0.11781687513634391,0.08725400094677759,0.0,0.05754694168090967,0.0,aufruf israelisch+en
Sicherheitsministers,2.546836257743443,-0.10647068231632181,0.07324457498739242,0.0,0.0658471883714459,0.0,Sicherheitsministers
israelisch+en sicherheit+s+minister+s,2.546836257743443,-0.10647068231632181,0.07324457498739242,0.0,0.0658471883714459,0.0,israelisch+en sicherheit+s+minister+s
sicherheit+s+minister+s palästinenser,2.554843197629511,-0.08846030350656012,0.05131034044693757,0.0,0.07694666322515926,0.0,sicherheit+s+minister+s palästinenser
palästinenser ge+ziel+t,2.5671159355680073,-0.07695373569108159,0.03772169232715755,0.0,0.08230514043414512,0.0,palästinenser ge+ziel+t
Empörung,3.739386815585683,-0.1352096865261308,0.10954385717507803,0.0,0.041579553699309726,0.0,Empörung
der empörung,2.599893067761303,-0.05689347664445878,0.015279490822033432,0.0,0.08770864808735775,0.0,der empörung
geht,2.619691144975653,-0.04711561919064317,0.005004671462616907,0.0,0.08843199479377739,0.0,geht
empörung geh+t,2.619691144975653,-0.04711561919064317,0.005004671462616907,0.0,0.08843199479377739,0.0,empörung geh+t
quer,2.6329478706932727,-0.04097888185865025,-0.0012226382443738407,0.0,0.08826770177405467,0.0,quer
geh+t quer,2.6329478706932727,-0.04097888185865025,-0.0012226382443738407,0.0,0.08826770177405467,0.0,geh+t quer
politischen,2.7025746949415934,-0.018791620224819262,-0.019903897194352926,0.0,0.07927688157125139,0.0,politischen
quer politisch+en,2.7025746949415934,-0.018791620224819262,-0.019903897194352926,0.0,0.07927688157125139,0.0,quer politisch+en
Lager,2.799680449211071,0.01056283888552553,-0.04135143091091927,0.0,0.05857122874389053,0.0,Lager
politisch+en lager,2.799680449211071,0.01056283888552553,-0.04135143091091927,0.0,0.05857122874389053,0.0,politisch+en lager
Auch,2.9074619002057545,0.04820203207410245,-0.07036667350828289,0.0,0.030154700041990598,0.0,Auch
auch zentralrat,3.107228195536904,0.11251639657229577,-0.12470238209831631,0.0,-0.02318107937897215,0.0,auch zentralrat
entsetzt,3.7469235603769206,0.25399266638976886,-0.27180224991898067,0.0,-0.1654529809363764,0.0,entsetzt
jude+n entsetz+t,3.6036611567716568,0.2199114295147047,-0.23281744720742878,0.0,-0.12646817822482453,0.0,jude+n entsetz+t
aus+führ+en sag+te,4.189527235122927,-0.08336089534850845,-0.03484073276892159,0.0,0.22300357917751326,0.0,aus+führ+en sag+te
sag+te israel+s,5.236194196564417,-0.06497851070243796,-0.08702942656251673,0.0,0.2727534927376309,0.0,sag+te israel+s
Nationale,5.837309611690961,-0.05719497857190315,0.045490725947531827,0.0,0.027304476095552293,0.0,Nationale
sicherheit itamar,6.392687618838297,-0.2791322449892414,0.3124545447416717,0.0,-0.24419467672986028,0.0,sicherheit itamar
Montag,3.343686233255047,-0.24726995379971783,0.21366665420010744,0.0,-0.004636876486857978,0.0,Montag
ben-gvir montag,3.343686233255047,-0.24726995379971783,0.21366665420010744,0.0,-0.004636876486857978,0.0,ben-gvir montag
löste,3.1240329969641203,-0.2037972596506504,0.16699988713087077,0.0,0.03436707263826502,0.0,löste
montag lös+te,3.1240329969641203,-0.2037972596506504,0.16699988713087077,0.0,0.03436707263826502,0.0,montag lös+te
weltweit,2.9787159398516563,-0.17756556857100017,0.13768832285890972,0.0,0.05575897031731525,0.0,weltweit
lös+te weltweit,2.9787159398516563,-0.17756556857100017,0.13768832285890972,0.0,0.05575897031731525,0.0,lös+te weltweit
weltweit empörung,2.90060272438587,-0.1635977557290018,0.12221518274860742,0.0,0.06539550716680291,0.0,weltweit empörung
Hardliner,2.7849779565872113,-0.14403161897469088,0.10047859256889508,0.0,0.07742298657190265,0.0,Hardliner
der hardliner,2.7849779565872113,-0.14403161897469088,0.10047859256889508,0.0,0.07742298657190265,0.0,der hardliner
+5456,2.7051592445113397,-0.13120181192451172,0.08628515642487226,0.0,0.08419723675782602,0.0,+5456
hardliner +5456,2.7051592445113397,-0.13120181192451172,0.08628515642487226,0.0,0.08419723675782602,0.0,hardliner +5456
+5456 char+s,2.681467223262858,-0.12748425411846898,0.08219325274073186,0.0,0.08597509604970204,0.0,+5456 char+s
News,2.0208539102787837,-0.07937123013014431,0.09827368920230195,0.0,-0.04470934570702762,0.0,News
kompakt,2.0260738820320983,-0.07844274000146204,0.0985120911984153,0.0,-0.04728906786472309,0.0,kompakt
new+s kompakt,2.0260738820320983,-0.07844274000146204,0.0985120911984153,0.0,-0.04728906786472309,0.0,new+s kompakt
Verletzte,2.0362432616670234,-0.07645645856982886,0.09879793501703156,0.0,-0.05229576749855714,0.0,Verletzte
kompakt verletz+t+e,2.0362432616670234,-0.07645645856982886,0.09879793501703156,0.0,-0.05229576749855714,0.0,kompakt verletz+t+e
Schäden,2.0545234476395935,-0.07229492165578469,0.09871454603115427,0.0,-0.06123311785402159,0.0,Schäden
verletz+t+e schaden,2.0545234476395935,-0.07229492165578469,0.09871454603115427,0.0,-0.06123311785402159,0.0,verletz+t+e schaden
Erdbeben,2.975115551714541,-0.16469206336824005,0.2870222364026552,0.0,-0.43147207491313533,0.0,Erdbeben
schaden erdbeben,2.07519775433751,-0.06668477744395243,0.09769791693169698,0.0,-0.07124564819415677,0.0,schaden erdbeben
Peru,2.4981784271984897,-0.06349586695068,0.16160545638750856,0.0,-0.2567510329317197,0.0,Peru
erdbeben peru,2.0990649680964704,-0.05907071067892073,0.09533786977425278,0.0,-0.08268118804468373,0.0,erdbeben peru
peru nach,2.1109844409365968,-0.054844300642373715,0.09370438522248312,0.0,-0.08834359412581744,0.0,peru nach
Venezuela,2.1245164396891294,-0.04973400400613421,0.09150361099185327,0.0,-0.09473341444520626,0.0,Venezuela
nach venezuela,2.1245164396891294,-0.04973400400613421,0.09150361099185327,0.0,-0.09473341444520626,0.0,nach venezuela
Kolumbien,2.1763319154990532,-0.02766132035303452,0.08008861983490372,0.0,-0.11883004781509848,0.0,Kolumbien
venezuela kolumbien,2.1763319154990532,-0.02766132035303452,0.08008861983490372,0.0,-0.11883004781509848,0.0,venezuela kolumbien
Andenstaat,2.378718139156945,0.06256295170758884,0.020643973792083586,0.0,-0.20775094135242192,0.0,Andenstaat
kolumbien andenstaat,2.378718139156945,0.06256295170758884,0.020643973792083586,0.0,-0.20775094135242192,0.0,kolumbien andenstaat
andenstaat peru,2.0990649680964704,-0.05907071067892073,0.09533786977425278,0.0,-0.08268118804468373,0.0,andenstaat peru
peru erdbeben,2.07519775433751,-0.06668477744395243,0.09769791693169698,0.0,-0.07124564819415677,0.0,peru erdbeben
getroffen,2.2603346551270156,-0.061004833044896255,0.12544055383185468,0.0,-0.15670207556901525,0.0,getroffen
erdbeben ge+treff+en,2.2603346551270156,-0.061004833044896255,0.12544055383185468,0.0,-0.15670207556901525,0.0,erdbeben ge+treff+en
worden,4.847048304259017,-0.02795449186421808,0.01644810124119617,0.0,0.026842738316080344,0.0,worden
ge+treff+en werd+en,2.34024095139236,-0.03184098285249533,0.11129533921859375,0.0,-0.1914430905063693,0.0,ge+treff+en werd+en
DW-Nachrichtenüberblick,2.58916668572197,-0.2932208762893139,0.3336011921120512,0.0,-0.2925252767339637,0.0,DW-Nachrichtenüberblick
der dw-nachrichtenüberblick,2.58916668572197,-0.2932208762893139,0.3336011921120512,0.0,-0.2925252767339637,0.0,der dw-nachrichtenüberblick
Ein,3.7619867103236047,0.011271630940862075,0.06260631869209497,0.0,-0.17363953690095776,0.0,Ein
starkes,2.285985651142261,-0.19691246330085518,0.2366960172791169,0.0,-0.16798648426964383,0.0,starkes
ein stark+es,2.285985651142261,-0.19691246330085518,0.2366960172791169,0.0,-0.16798648426964383,0.0,ein stark+es
stark+es erdbeben,2.2461882080020232,-0.1850857299592741,0.2225938017484736,0.0,-0.1504238455361575,0.0,stark+es erdbeben
Zentrum,2.335973531630442,-0.05538321773308764,0.13214676841210682,0.0,-0.18961793002151528,0.0,Zentrum
erdbeben zentrum,2.1873723184604175,-0.16369484493052852,0.1978745338339377,0.0,-0.12389016459968427,0.0,erdbeben zentrum
Perus,2.1717692262759916,-0.15139322719479012,0.18600708695328966,0.0,-0.11673134277167353,0.0,Perus
zentrum peru+s,2.1717692262759916,-0.15139322719479012,0.18600708695328966,0.0,-0.11673134277167353,0.0,zentrum peru+s
erschüttert,2.1621785061031713,-0.14272731284518958,0.1777029231161928,0.0,-0.11230547683118428,0.0,erschüttert
peru+s erschütter+t,2.1621785061031713,-0.14272731284518958,0.1777029231161928,0.0,-0.11230547683118428,0.0,peru+s erschütter+t
Mindestens,2.146629624445402,-0.12492151908411826,0.1609042409288552,0.0,-0.10508819136351571,0.0,Mindestens
zwei,2.1384672403546925,-0.1101907216265518,0.1473922484243085,0.0,-0.10127852534179388,0.0,zwei
mindestens zwei,2.1384672403546925,-0.1101907216265518,0.1473922484243085,0.0,-0.10127852534179388,0.0,mindestens zwei
zwei mensch+en,2.13622523388714,-0.10339152216777019,0.14129913027523744,0.0,-0.10022955787260553,0.0,zwei mensch+en
wurden,2.1346413864301117,-0.09066833107149769,0.13015736554549784,0.0,-0.09948785944442136,0.0,wurden
mensch+en werd+en,2.1346413864301117,-0.09066833107149769,0.13015736554549784,0.0,-0.09948785944442136,0.0,mensch+en werd+en
verletzt,2.1358602262092603,-0.08003456653779253,0.12110111293004779,0.0,-0.10005867754627444,0.0,verletzt
werd+en verletz+t,2.1358602262092603,-0.08003456653779253,0.12110111293004779,0.0,-0.10005867754627444,0.0,werd+en verletz+t
verletz+t mehr,2.145653189629302,-0.057099705726894844,0.10225022085953506,0.0,-0.10463321909107286,0.0,verletz+t mehr
Gebäude,2.169029778605751,-0.02860657286448288,0.07967256134427608,0.0,-0.11546915669448035,0.0,Gebäude
mehr gebäude,2.169029778605751,-0.02860657286448288,0.07967256134427608,0.0,-0.11546915669448035,0.0,mehr gebäude
beschädigt,2.2005575882749957,-0.0009963495250343611,0.05805999154193752,0.0,-0.12989997322473068,0.0,beschädigt
gebäude beschädig+t,2.2005575882749957,-0.0009963495250343611,0.05805999154193752,0.0,-0.12989997322473068,0.0,gebäude beschädig+t
Sender,2.352597181248919,0.09772115538035983,-0.024828469507439343,0.0,-0.19670909715792606,0.0,Sender
beschädig+t sender,2.352597181248919,0.09772115538035983,-0.024828469507439343,0.0,-0.19670909715792606,0.0,beschädig+t sender
Latina,2.3220300947498926,0.08668285340898518,-0.016835956953427905,0.0,-0.18363103965102553,0.0,Latina
sender latina,2.3220300947498926,0.08668285340898518,-0.016835956953427905,0.0,-0.18363103965102553,0.0,sender latina
Noticias,2.2149390439624974,0.03250178532529721,0.025539029495716837,0.0,-0.13641407922004908,0.0,Noticias
latina noticia+s,2.2149390439624974,0.03250178532529721,0.025539029495716837,0.0,-0.13641407922004908,0.0,latina noticia+s
Berufung,2.123463429182206,-0.01539033185203181,0.05807277860574292,0.0,-0.09423764442698751,0.0,Berufung
noticia+s berufung,2.123463429182206,-0.01539033185203181,0.05807277860574292,0.0,-0.09423764442698751,0.0,noticia+s berufung
Zivilschutz,2.074035436173256,-0.03927980634355054,0.07174396269782281,0.0,-0.07068539132678404,0.0,Zivilschutz
berufung zivil+schutz,2.074035436173256,-0.03927980634355054,0.07174396269782281,0.0,-0.07068539132678404,0.0,berufung zivil+schutz
+5445,2.0460556613701426,-0.0511546808607151,0.07739224872881179,0.0,-0.05710306788751058,0.0,+5445
zivil+schutz +5445,2.0460556613701426,-0.0511546808607151,0.07739224872881179,0.0,-0.05710306788751058,0.0,zivil+schutz +5445
+5445 chars,2.03704405891365,-0.05463044600649836,0.07881429260904708,0.0,-0.0526889620826451,0.0,+5445 chars
Eklat,2.9597758996825902,-0.22875395795423217,0.24031342497052668,0.0,-0.11275707431800146,0.0,Eklat
Äußerung,5.458750669754114,-0.2568760317578293,0.2263090247507847,0.0,-0.020842933602899672,0.0,Äußerung
eklat äußerung,3.186710691941198,-0.2822112797254471,0.2962801083092589,0.0,-0.18147796343769518,0.0,eklat äußerung
äußerung ben-gvir+s,3.8873157213486955,-0.45610551911578756,0.43522865918395415,0.0,-0.3752732897695208,0.0,äußerung ben-gvir+s
Wahlkampfgetöse,4.35086609172094,-0.20600347801542895,0.2354364059258757,0.0,-0.14469331475263164,0.0,Wahlkampfgetöse
ben-gvir+s wahl+kampf+getöse,3.2589823800253734,-0.2436315679999045,0.2759699497490976,0.0,-0.19377682080619235,0.0,ben-gvir+s wahl+kampf+getöse
deutsche,3.119233389786471,-0.05632745603482297,0.11368219286265474,0.0,-0.13628097211803855,0.0,deutsche
wahl+kampf+getöse deutsch+e,3.119233389786471,-0.05632745603482297,0.11368219286265474,0.0,-0.13628097211803855,0.0,wahl+kampf+getöse deutsch+e
Theaterdonner,3.030624258398117,-0.12277853439458469,0.15795932325972817,0.0,-0.101833285464977,0.0,Theaterdonner
deutsch+e theater+donner,3.030624258398117,-0.12277853439458469,0.15795932325972817,0.0,-0.101833285464977,0.0,deutsch+e theater+donner
theater+donner der,3.1285802129557863,-0.20993521237772772,0.2313399134946534,0.0,-0.1242482062810483,0.0,theater+donner der
Kritik,3.1964164705860596,-0.24025526514844783,0.25790279818303874,0.0,-0.14285728266961828,0.0,Kritik
der kritik,3.1964164705860596,-0.24025526514844783,0.25790279818303874,0.0,-0.14285728266961828,0.0,der kritik
kritik itamar,3.669840446154529,-0.3737077432159407,0.37240482608823183,0.0,-0.27353034230379447,0.0,kritik itamar
ben-gvir forderung,3.336367947140453,-0.07865698552420655,0.14011741331309752,0.0,-0.15434728523480917,0.0,ben-gvir forderung
forderung mehr,3.1597617376106695,-0.09219926184061138,0.12744938379750584,0.0,-0.08903287869827357,0.0,forderung mehr
mehr mensch+en,3.087909198997319,-0.10671182259547474,0.12875988800075258,0.0,-0.0607139358304011,0.0,mehr mensch+en
trifft,2.9391584281244016,-0.12202853406975064,0.10703025249523147,0.0,0.022115129891613152,0.0,trifft
töt+en treff+t,2.9391584281244016,-0.12202853406975064,0.10703025249523147,0.0,0.022115129891613152,0.0,töt+en treff+t
Falschen,2.9721690598326735,-0.13718962474001206,0.1130289073630493,0.0,0.037522422198733786,0.0,Falschen
treff+t falsch+en,2.9721690598326735,-0.13718962474001206,0.1130289073630493,0.0,0.037522422198733786,0.0,treff+t falsch+en
verfehlt,3.0573954988044307,-0.15894965754916818,0.13166956931315518,0.0,0.03581635292288221,0.0,verfehlt
sie verfehl+t,3.0573954988044307,-0.15894965754916818,0.13166956931315518,0.0,0.03581635292288221,0.0,sie verfehl+t
dennoch,3.13304272820599,-0.17503152676461148,0.14630418430064054,0.0,0.031487216979006416,0.0,dennoch
verfehl+t dennoch,3.13304272820599,-0.17503152676461148,0.14630418430064054,0.0,0.031487216979006416,0.0,verfehl+t dennoch
entscheidenden,3.27597593335239,-0.20293013654592598,0.17288001908120812,0.0,0.018744495626681602,0.0,entscheidenden
dennoch entscheid+end+en,3.27597593335239,-0.20293013654592598,0.17288001908120812,0.0,0.018744495626681602,0.0,dennoch entscheid+end+en
Punkt,3.6203462647369227,-0.27044384386090886,0.23839951670296367,0.0,-0.029407687162921612,0.0,Punkt
entscheid+end+en punkt,3.6203462647369227,-0.27044384386090886,0.23839951670296367,0.0,-0.029407687162921612,0.0,entscheid+end+en punkt
itamar ben-gvir+s,4.420569761255087,-0.4214221142464455,0.3658744736201616,0.0,-0.16021325631554412,0.0,itamar ben-gvir+s
martialische,3.920823356512936,-0.24629422368367102,0.1983896450176753,0.0,0.03210237802354045,0.0,martialische
ben-gvir+s martialisch+e,3.920823356512936,-0.24629422368367102,0.1983896450176753,0.0,0.03210237802354045,0.0,ben-gvir+s martialisch+e
martialisch+e äußerung,4.134984376535193,-0.1642732111239684,0.08472995083832179,0.0,0.14421331411289728,0.0,martialisch+e äußerung
äußerung israel,5.360018739184072,-0.09634458075372958,-0.03827890783073582,0.0,0.24938095762954465,0.0,äußerung israel
solle,4.213822834973859,-0.12354859165240385,0.02365244968511621,0.0,0.19071482255325248,0.0,solle
israel soll+e,4.213822834973859,-0.12354859165240385,0.02365244968511621,0.0,0.19071482255325248,0.0,israel soll+e
soll+e gazastreifen,3.7238630979559675,-0.1315617099195612,0.04972676103298511,0.0,0.15679153437006899,0.0,soll+e gazastreifen
gazastreifen nacht,4.715642412784008,-0.04202685678753481,0.04437496866699872,0.0,-0.002163321828897535,0.0,gazastreifen nacht
mensch+en töt+en,3.0492155732212387,-0.1153899127968005,0.06478474520449876,0.0,0.09958775777895679,0.0,mensch+en töt+en
Wort,2.933694110022063,-0.09901817471826709,0.057866103326617756,0.0,0.08351846872030448,0.0,Wort
töt+en wort,2.933694110022063,-0.09901817471826709,0.057866103326617756,0.0,0.08351846872030448,0.0,töt+en wort
wort erklär+t,2.91449046051191,-0.0942316536984978,0.05539352427565088,0.0,0.07957007359047444,0.0,wort erklär+t
erklär+t wahl+kampf+getöse,2.887065280400373,-0.08427721394929737,0.04989292281435593,0.0,0.07185720333206473,0.0,erklär+t wahl+kampf+getöse
Stimmen,2.8899797805544862,-0.021181381479799723,0.0094284296212224,0.0,0.026827008378565192,0.0,Stimmen
kampf stimme+n,2.8899797805544862,-0.021181381479799723,0.0094284296212224,0.0,0.026827008378565192,0.0,kampf stimme+n
Knessetwahl,2.9538923777272372,0.03321325495523907,-0.030053753513971115,0.0,-0.014150039538690077,0.0,Knessetwahl
stimme+n knesset+wahl,2.9538923777272372,0.03321325495523907,-0.030053753513971115,0.0,-0.014150039538690077,0.0,stimme+n knesset+wahl
Ende,2.789681217053999,-0.02861413391636279,0.015369960977893603,0.0,0.03044445346206588,0.0,Ende
knesset+wahl ende,2.789681217053999,-0.02861413391636279,0.015369960977893603,0.0,0.03044445346206588,0.0,knesset+wahl ende
Okt…,2.7536603554070944,-0.0407376487025509,0.023771213783890438,0.0,0.03855735705880522,0.0,Okt…
ende okt…,2.7536603554070944,-0.0407376487025509,0.023771213783890438,0.0,0.03855735705880522,0.0,ende okt…
+3217,2.7193378535630206,-0.05136698583782022,0.031017518765554537,0.0,0.04549514974169578,0.0,+3217
okt… +3217,2.7193378535630206,-0.05136698583782022,0.031017518765554537,0.0,0.04549514974169578,0.0,okt… +3217
+3217 chars,2.691079219518919,-0.05934694798641241,0.036388375977819666,0.0,0.0505938264979249,0.0,+3217 chars
Drachen,5.319358339158335,0.2598994450439193,-0.47158568134918444,0.0,0.11044859934438962,0.0,Drachen
Grenzgebiet,3.221791318077801,0.14151842244070126,-0.295670544597093,0.0,0.1750797386869124,0.0,Grenzgebiet
drache+n grenz+gebiet,3.221791318077801,0.14151842244070126,-0.295670544597093,0.0,0.1750797386869124,0.0,drache+n grenz+gebiet
grenz+gebiet gazastreifen,3.6549635616266656,0.1406216032024224,-0.3155106210166159,0.0,0.20210670666323732,0.0,grenz+gebiet gazastreifen
israel+s verteidigung+s+minister,4.082639469821681,0.16070625926490914,-0.347566872893273,0.0,0.19846895280945798,0.0,israel+s verteidigung+s+minister
verteidigung+s+minister droh+t,4.516451252942235,0.2705040956055092,-0.4653867342391801,0.0,0.07494504060207824,0.0,verteidigung+s+minister droh+t
Hamas,4.233754989838905,0.3861875655793783,-0.5927873120331374,0.0,-0.13421905209030474,0.0,Hamas
droh+t hamas,4.233754989838905,0.3861875655793783,-0.5927873120331374,0.0,-0.13421905209030474,0.0,droh+t hamas
Vergeltung,3.4792383527413517,0.27486536135697065,-0.42739094096438573,0.0,0.014458375179735649,0.0,Vergeltung
hamas vergeltung,3.4792383527413517,0.27486536135697065,-0.42739094096438573,0.0,0.014458375179735649,0.0,hamas vergeltung
Man,5.202591030337702,0.07956620181795608,-0.13342341691981857,0.0,0.07145469497675969,0.0,Man
vergeltung man,3.2022859474377485,0.2318262931871905,-0.37005047608207925,0.0,0.05698682593091449,0.0,vergeltung man
Start,3.0546420682417788,0.19529309506486175,-0.32876876722229426,0.0,0.09471351563316015,0.0,Start
man start,3.0546420682417788,0.19529309506486175,-0.32876876722229426,0.0,0.09471351563316015,0.0,man start
start drache+n,3.0592656537796374,0.13926967080824604,-0.2844598025516731,0.0,0.16527685203309156,0.0,start drache+n
Kriegshandlung,3.154245528439805,0.15451998951587373,-0.3019785631851774,0.0,0.15473768856714576,0.0,Kriegshandlung
drache+n krieg+s+handlung,3.154245528439805,0.15451998951587373,-0.3019785631851774,0.0,0.15473768856714576,0.0,drache+n krieg+s+handlung
betrachten,3.3809746823258844,0.13005801902750058,-0.2950371058649768,0.0,0.19860913860712853,0.0,betrachten
krieg+s+handlung betracht+en,3.3809746823258844,0.13005801902750058,-0.2950371058649768,0.0,0.19860913860712853,0.0,krieg+s+handlung betracht+en
betracht+en erklär+te,3.8163183158805536,0.1082198929756966,-0.2963074120641177,0.0,0.244244434268364,0.0,betracht+en erklär+te
erklär+te israel,5.2134322139682725,0.11508831048164624,-0.3358505913628585,0.0,0.27711001567967924,0.0,erklär+te israel
Militär,3.363536379031392,0.1276913236004428,-0.2681644350809733,0.0,0.16859878816538926,0.0,Militär
angewiesen,4.472844948152418,0.2043655593642087,-0.3778517968965368,0.0,0.13638332280689786,0.0,angewiesen
militär an+ge+weis+en,3.2422824159280994,0.14523394314260019,-0.28268452032373914,0.0,0.14977780557104753,0.0,militär an+ge+weis+en
Maßnahmen,3.142751155363569,0.16938343384097337,-0.30174628065573744,0.0,0.12038526734827101,0.0,Maßnahmen
an+ge+weis+en maßnahme+n,3.142751155363569,0.16938343384097337,-0.30174628065573744,0.0,0.12038526734827101,0.0,an+ge+weis+en maßnahme+n
ergreifen,3.1057477593259213,0.19810590345142473,-0.32632630990375505,0.0,0.0843754810160179,0.0,ergreifen
maßnahme+n ergreif+en,3.1057477593259213,0.19810590345142473,-0.32632630990375505,0.0,0.0843754810160179,0.0,maßnahme+n ergreif+en
darunter,3.1292202501962665,0.2293601798553097,-0.3566325729257257,0.0,0.045186777381736674,0.0,darunter
ergreif+en darunter,3.1292202501962665,0.2293601798553097,-0.3566325729257257,0.0,0.045186777381736674,0.0,ergreif+en darunter
Tötung,3.3397643370941306,0.2844389870858284,-0.4287917741853481,0.0,-0.01191682262101725,0.0,Tötung
darunter tötung,3.3397643370941306,0.2844389870858284,-0.4287917741853481,0.0,-0.01191682262101725,0.0,darunter tötung
Hamas-Anführern,4.089971818871437,0.40432550356029884,-0.6105531408268408,0.0,-0.18104179659525219,0.0,Hamas-Anführern
tötung hamas+-+anführer+n,4.089971818871437,0.40432550356029884,-0.6105531408268408,0.0,-0.18104179659525219,0.0,tötung hamas+-+anführer+n
israelisch+e verteidigung+s+minister,4.338809092163348,0.1761675560421177,-0.3687050591166963,0.0,0.19003670569017794,0.0,israelisch+e verteidigung+s+minister
katz armee,3.5113113451738514,0.12466294046778181,-0.2648524631563343,0.0,0.17063680924012734,0.0,katz armee
Medienberichten,3.255748169177605,0.13731468838273544,-0.27584737809951965,0.0,0.15805697307210667,0.0,Medienberichten
armee medienbericht+en,3.255748169177605,0.13731468838273544,-0.27584737809951965,0.0,0.15805697307210667,0.0,armee medienbericht+en
medienbericht+en an+ge+weis+en,3.0501545374142816,0.14610781972891548,-0.27836239527886636,0.0,0.14196973000209953,0.0,medienbericht+en an+ge+weis+en
Härte,2.897611256472017,0.15566752317049792,-0.2797354136490984,0.0,0.12208393665836392,0.0,Härte
an+ge+weis+en härte,2.897611256472017,0.15566752317049792,-0.2797354136490984,0.0,0.12208393665836392,0.0,an+ge+weis+en härte
Starten,2.8411610703019017,0.16626080480199387,-0.28531822532905343,0.0,0.10505228277851354,0.0,Starten
härte start+en,2.8411610703019017,0.16626080480199387,-0.28531822532905343,0.0,0.10505228277851354,0.0,härte start+en
Ballons,2.8315145866684595,0.1808486071791222,-0.296812227834643,0.0,0.08600267350538077,0.0,Ballons
start+en ballon+s,2.8315145866684595,0.1808486071791222,-0.296812227834643,0.0,0.08600267350538077,0.0,start+en ballon+s
ballon+s drache+n,2.8628305435016204,0.20265715872309287,-0.3173680328221254,0.0,0.06028002075719772,0.0,ballon+s drache+n
Drohnen,2.8973603328297233,0.227150402079678,-0.34129713490053465,0.0,0.029540653990982015,0.0,Drohnen
drache+n droh+n+en,2.8973603328297233,0.227150402079678,-0.34129713490053465,0.0,0.029540653990982015,0.0,drache+n droh+n+en
droh+n+en gazastreifen,2.702052126067994,0.17599524076485318,-0.28388610678247533,0.0,0.07947025990893679,0.0,droh+n+en gazastreifen
vorzugehen,2.6301532811656325,0.15973795410522934,-0.2655329814660794,0.0,0.09235881809683617,0.0,vorzugehen
gazastreifen vor+zu+geh+en,2.6301532811656325,0.15973795410522934,-0.2655329814660794,0.0,0.09235881809683617,0.0,gazastreifen vor+zu+geh+en
+2575,2.5685658723848626,0.1473094504121695,-0.25107279474383365,0.0,0.10072579457976716,0.0,+2575
+2575 chars,2.549624949535193,0.14372766381023425,-0.2468100961860055,0.0,0.10286110561126463,0.0,+2575 chars
schuster zentralrat,2.227758912873742,0.26347444983428087,-0.30224015232709256,0.0,-0.14218530410116056,0.0,schuster zentralrat
warnt,4.291978343269038,0.011279505783453514,0.054733323534880966,0.0,-0.15326075815744655,0.0,warnt
jude+n warn+t,2.0332666857421624,0.18122393570203196,-0.21088774845341934,0.0,-0.05083290022748729,0.0,jude+n warn+t
warn+t afd,1.932717523133934,0.12878737231405468,-0.16017109961157394,0.0,-0.00011625138564178792,0.0,warn+t afd
Sachsen-Anhalt,3.164695806569965,0.48211429004863543,-0.6533009832921718,0.0,-0.4932461350662397,0.0,Sachsen-Anhalt
afd sachsen-anhalt,2.1066647105761467,0.2148635625611227,-0.24635003494955643,0.0,-0.08629518672362431,0.0,afd sachsen-anhalt
sachsen-anhalt politiker,1.9803447553143958,0.15463237608966937,-0.18451499237848357,0.0,-0.024460144152551568,0.0,sachsen-anhalt politiker
politiker afd,1.932717523133934,0.12878737231405468,-0.16017109961157394,0.0,-0.00011625138564178792,0.0,politiker afd
sachsen-anhalt sei,1.9534226986552008,0.14026032761074955,-0.17082710802239542,0.0,-0.010772259796463407,0.0,sachsen-anhalt sei
Gegner,2.0174149260404084,0.17347841659723134,-0.20306099624647264,0.0,-0.0430061480205405,0.0,Gegner
sei gegner,2.0174149260404084,0.17347841659723134,-0.20306099624647264,0.0,-0.0430061480205405,0.0,sei gegner
offenen,2.073274798402243,0.199995311900067,-0.23037342938587588,0.0,-0.07031858115994376,0.0,offenen
gegner offen+en,2.073274798402243,0.199995311900067,-0.23037342938587588,0.0,-0.07031858115994376,0.0,gegner offen+en
offen+en gesellschaft,1.961564732585163,0.14467042420070458,-0.17498653167910158,0.0,-0.014931683453169543,0.0,offen+en gesellschaft
sagt,2.723612636137225,0.06733062871090652,-0.11350314488154632,0.0,0.06482111731594326,0.0,sagt
gesellschaft sag+t,1.887538344949552,0.10238459967782315,-0.13651756112306454,0.0,0.02353728710286741,0.0,gesellschaft sag+t
sag+t josef,1.932717523133934,0.12878737231405468,-0.16017109961157394,0.0,-0.00011625138564178792,0.0,sag+t josef
Parteien,2.0516361240905434,0.18997741695869508,-0.21988162812620993,0.0,-0.059826779900277884,0.0,Parteien
warn+t partei+en,2.0516361240905434,0.18997741695869508,-0.21988162812620993,0.0,-0.059826779900277884,0.0,warn+t partei+en
Annäherung,1.894621462292231,0.10665432553844001,-0.1402631065174894,0.0,0.019791741708442657,0.0,Annäherung
partei+en annäherung,1.894621462292231,0.10665432553844001,-0.1402631065174894,0.0,0.019791741708442657,0.0,partei+en annäherung
Rechtsextreme,1.8541526822204462,0.08156109014292975,-0.11867186060587628,0.0,0.041382987620055676,0.0,Rechtsextreme
annäherung rechtsextrem+e,1.8541526822204462,0.08156109014292975,-0.11867186060587628,0.0,0.041382987620055676,0.0,annäherung rechtsextrem+e
Mit,3.595648214839961,-0.1944516401469358,0.2142438208023405,0.0,-0.10623241805915733,0.0,Mit
Blick,1.837257504329734,0.07056094228790874,-0.10951801694650512,0.0,0.05053683127942674,0.0,Blick
mit blick,1.837257504329734,0.07056094228790874,-0.10951801694650512,0.0,0.05053683127942674,0.0,mit blick
Landtagswahl,2.941816793191374,0.4460957416853108,-0.580271391344995,0.0,-0.42021654311906287,0.0,Landtagswahl
blick land+tag+s+wahl,1.862644448492629,0.08697003214982986,-0.12324126848521333,0.0,0.03681357974071868,0.0,blick land+tag+s+wahl
land+tag+s+wahl sachsen-anhalt,2.7950440252613316,0.4183690858230457,-0.5290919019015032,0.0,-0.3690370536755713,0.0,land+tag+s+wahl sachsen-anhalt
sachsen-anhalt präsident,2.073274798402243,0.199995311900067,-0.23037342938587588,0.0,-0.07031858115994376,0.0,sachsen-anhalt präsident
Zentralrats,2.227758912873742,0.26347444983428087,-0.30224015232709256,0.0,-0.14218530410116056,0.0,Zentralrats
präsident zentralrat+s,2.227758912873742,0.26347444983428087,-0.30224015232709256,0.0,-0.14218530410116056,0.0,präsident zentralrat+s
zentralrat+s jude+n,2.227758912873742,0.26347444983428087,-0.30224015232709256,0.0,-0.14218530410116056,0.0,zentralrat+s jude+n
deutschland josef,1.9113176322086478,0.11652356435215605,-0.1490369079930654,0.0,0.01101794023286666,0.0,deutschland josef
schuster afd,2.073274798402243,0.199995311900067,-0.23037342938587588,0.0,-0.07031858115994376,0.0,schuster afd
gewarnt,2.003551360618197,0.16655328933687405,-0.1961653301958579,0.0,-0.036110481969925966,0.0,gewarnt
afd ge+warn+t,2.003551360618197,0.16655328933687405,-0.1961653301958579,0.0,-0.036110481969925966,0.0,afd ge+warn+t
Diese,1.9268074528644268,0.12544259853175185,-0.15710850775081203,0.0,0.0029463404751201446,0.0,Diese
demokratische,1.8561628151991978,0.08284859369057197,-0.11975539820628595,0.0,0.04029945001964613,0.0,demokratische
diese demokratisch+e,1.8561628151991978,0.08284859369057197,-0.11975539820628595,0.0,0.04029945001964613,0.0,diese demokratisch+e
demokratisch+e zentrum,1.8330849535430531,0.06779405281130184,-0.10724435848979155,0.0,0.05281048973614046,0.0,demokratisch+e zentrum
La…,1.815389905244009,0.055831106923867384,-0.09754431245469254,0.0,0.06251053577123956,0.0,La…
zentrum la…,1.815389905244009,0.055831106923867384,-0.09754431245469254,0.0,0.06251053577123956,0.0,zentrum la…
+2676,1.8110161830808085,0.052815652407034376,-0.09513215883627432,0.0,0.06492268938965776,0.0,+2676
la… +2676,1.8110161830808085,0.052815652407034376,-0.09513215883627432,0.0,0.06492268938965776,0.0,la… +2676
+2676 char+s,1.806293831515181,0.04953312028947435,-0.09252118315028789,0.0,0.06753366507564426,0.0,+2676 char+s
Konrad,2.079057351854507,-0.15480555694291978,0.17266012866594457,0.0,-0.07310379052236596,0.0,Konrad
mit konrad,2.079057351854507,-0.15480555694291978,0.17266012866594457,0.0,-0.07310379052236596,0.0,mit konrad
Adenauer,2.128079809708463,-0.17653105422101512,0.1977116677721622,0.0,-0.09640927109574715,0.0,Adenauer
konrad adenauer,2.128079809708463,-0.17653105422101512,0.1977116677721622,0.0,-0.09640927109574715,0.0,konrad adenauer
David,2.287480833283082,-0.24612803700611702,0.2698798266330188,0.0,-0.16864033499717454,0.0,David
adenauer david,2.287480833283082,-0.24612803700611702,0.2698798266330188,0.0,-0.16864033499717454,0.0,adenauer david
Ben,2.5738973919142136,-0.3625761385335119,0.3699665766818555,0.0,-0.28661044085556203,0.0,Ben
david ben,2.5738973919142136,-0.3625761385335119,0.3699665766818555,0.0,-0.28661044085556203,0.0,david ben
Gurion,2.574690112612408,-0.36183317456459857,0.3696586395228729,0.0,-0.28691837801454473,0.0,Gurion
ben gurion,2.574690112612408,-0.36183317456459857,0.3696586395228729,0.0,-0.28691837801454473,0.0,ben gurion
Cadenabbia,2.21339566373016,-0.20786712379243094,0.2337536229627955,0.0,-0.13571703150495773,0.0,Cadenabbia
gurion cadenabbia,2.21339566373016,-0.20786712379243094,0.2337536229627955,0.0,-0.13571703150495773,0.0,gurion cadenabbia
cadenabbia für,2.106827889954263,-0.15522963068429055,0.17794348300809354,0.0,-0.08637264236134287,0.0,cadenabbia für
Arbeiterkind,2.2622474023903,-0.07664051096632765,0.1395173476275141,0.0,-0.15754794076416442,0.0,Arbeiterkind
für arbeiter+kind,2.2622474023903,-0.07664051096632765,0.1395173476275141,0.0,-0.15754794076416442,0.0,für arbeiter+kind
psychologisch,2.2028626569835597,-0.05662163932454073,0.11194058979855363,0.0,-0.13094691800434544,0.0,psychologisch
arbeiter+kind psychologisch,2.2028626569835597,-0.05662163932454073,0.11194058979855363,0.0,-0.13094691800434544,0.0,arbeiter+kind psychologisch
bedeutet,2.1674134434925048,-0.03776702062383996,0.08815528709098984,0.0,-0.11472369083441228,0.0,bedeutet
psychologisch bedeut+et,2.1674134434925048,-0.03776702062383996,0.08815528709098984,0.0,-0.11472369083441228,0.0,psychologisch bedeut+et
Konrad-Adenauer-Stiftung,2.1654604705475013,-0.010869960918246453,0.06155797268634207,0.0,-0.1138222230714427,0.0,Konrad-Adenauer-Stiftung
bedeut+et konrad+-+adenauer+-+stiftung,2.1654604705475013,-0.010869960918246453,0.06155797268634207,0.0,-0.1138222230714427,0.0,bedeut+et konrad+-+adenauer+-+stiftung
KAS,2.1826264862625173,0.021392452248217196,0.03143760054376405,0.0,-0.12171815756914628,0.0,KAS
konrad+-+adenauer+-+stiftung ka+s,2.1826264862625173,0.021392452248217196,0.03143760054376405,0.0,-0.12171815756914628,0.0,konrad+-+adenauer+-+stiftung ka+s
damals,2.1888442626706976,0.02854793970700641,0.024932909034628723,0.0,-0.12456286634490163,0.0,damals
ka+s damals,2.1888442626706976,0.02854793970700641,0.024932909034628723,0.0,-0.12456286634490163,0.0,ka+s damals
Wehrdienst,2.2103285957052656,0.04745766101233597,0.008189655737447626,0.0,-0.13433038607388437,0.0,Wehrdienst
damals wehr+dienst,2.2103285957052656,0.04745766101233597,0.008189655737447626,0.0,-0.13433038607388437,0.0,damals wehr+dienst
Bankausbildung,2.254187428182686,0.07807807442569233,-0.01887799401342423,0.0,-0.15397876150382692,0.0,Bankausbildung
wehr+dienst bank+ausbildung,2.254187428182686,0.07807807442569233,-0.01887799401342423,0.0,-0.15397876150382692,0.0,wehr+dienst bank+ausbildung
Stipendium,2.4567641164793192,0.17951793873464905,-0.11538624772898735,0.0,-0.24003427999875543,0.0,Stipendium
bank+ausbildung stipendium,2.4567641164793192,0.17951793873464905,-0.11538624772898735,0.0,-0.24003427999875543,0.0,bank+ausbildung stipendium
Begabtenförderung,2.6478572491167705,0.2514198331556843,-0.1956694518760621,0.0,-0.3149399234351847,0.0,Begabtenförderung
stipendium begabtenförderung,2.6478572491167705,0.2514198331556843,-0.1956694518760621,0.0,-0.3149399234351847,0.0,stipendium begabtenförderung
Studium,2.096882493233368,0.09745160978920628,-0.07523888600957972,0.0,-0.08164091045301448,0.0,Studium
begabtenförderung studium,2.096882493233368,0.09745160978920628,-0.07523888600957972,0.0,-0.08164091045301448,0.0,begabtenförderung studium
unterstützte,2.035848987526809,0.06438478465285678,-0.048318761134773645,0.0,-0.052102120539048884,0.0,unterstützte
studium unter+stütz+te,2.035848987526809,0.06438478465285678,-0.048318761134773645,0.0,-0.052102120539048884,0.0,studium unter+stütz+te
Zumal,1.9812146151954433,0.03371579507883232,-0.025406270053883732,0.0,-0.024899294403082937,0.0,Zumal
Andreas,1.9417522458574767,0.011841164363206513,-0.010588808838676909,0.0,-0.004779980689485578,0.0,Andreas
zumal andreas,1.9417522458574767,0.011841164363206513,-0.010588808838676909,0.0,-0.004779980689485578,0.0,zumal andreas
Püttmann,1.930281537079767,0.005705808580032756,-0.006738550888930786,0.0,0.001144937829828341,0.0,Püttmann
andreas püttmann,1.930281537079767,0.005705808580032756,-0.006738550888930786,0.0,0.001144937829828341,0.0,andreas püttmann
püttmann für,1.9162602225751024,-0.0015617465497512757,-0.002404238775423483,0.0,0.008435318375805067,0.0,püttmann für
im…,2.1051606052249885,0.1309036076175199,-0.1177998808399321,0.0,-0.08558095700025219,0.0,im…
begabtenförderung im…,2.1051606052249885,0.1309036076175199,-0.1177998808399321,0.0,-0.08558095700025219,0.0,begabtenförderung im…
+7203,2.049310411769744,0.10090955983869893,-0.09091147165485504,0.0,-0.05869254781517515,0.0,+7203
im… +7203,2.049310411769744,0.10090955983869893,-0.09091147165485504,0.0,-0.05869254781517515,0.0,im… +7203
+7203 chars,2.009044490708418,0.07763847814837502,-0.07106735088321053,0.0,-0.03884842704353069,0.0,+7203 chars
Unter,2.8082886890330983,-0.00014281959313421617,-0.17484581847113131,0.0,0.28756934600161677,0.0,Unter
Zwang,2.89882196201297,0.00030619019848486626,-0.18077207952571586,0.0,0.29451370334101773,0.0,Zwang
unter zwang,2.89882196201297,0.00030619019848486626,-0.18077207952571586,0.0,0.29451370334101773,0.0,unter zwang
Kriegsverbrechen,3.1221777878210806,0.0012824088315424608,-0.193702288073231,0.0,0.30934984138578425,0.0,Kriegsverbrechen
zwang krieg+s+verbrechen,3.1221777878210806,0.0012824088315424608,-0.193702288073231,0.0,0.30934984138578425,0.0,zwang krieg+s+verbrechen
Israelischer,4.777684843499854,0.00759539954543295,-0.24856826502762958,0.0,0.36439234201490817,0.0,Israelischer
krieg+s+verbrechen israelisch+er,4.777684843499854,0.00759539954543295,-0.24856826502762958,0.0,0.36439234201490817,0.0,krieg+s+verbrechen israelisch+er
israelisch+er minister,3.302232119691974,0.003255812468030844,-0.20346153256078514,0.0,0.3182511643366739,0.0,israelisch+er minister
minister palästinenser,2.922807707673165,0.003432839418038195,-0.1840886687842951,0.0,0.2935691902519239,0.0,minister palästinenser
palästinenser gazastreifen,3.629819838920942,0.03052518364666295,-0.2342110548835197,0.0,0.31041861715383495,0.0,palästinenser gazastreifen
herausholen,2.593855883342254,0.006251543597562116,-0.16332074222098844,0.0,0.2613265995546408,0.0,herausholen
gazastreifen heraus+hol+en,2.593855883342254,0.006251543597562116,-0.16332074222098844,0.0,0.2613265995546408,0.0,gazastreifen heraus+hol+en
heraus+hol+en der,2.5247548712510426,0.007805009523168732,-0.15863274881944633,0.0,0.2522156814375631,0.0,heraus+hol+en der
Regierung,3.0904760356003007,0.03855691458894304,-0.21328700405456766,0.0,0.27056002180992766,0.0,Regierung
israelisch+e regierung,3.0904760356003007,0.03855691458894304,-0.21328700405456766,0.0,0.27056002180992766,0.0,israelisch+e regierung
regierung sei,3.038701061532369,0.03954563167745507,-0.21128883120876624,0.0,0.26623908235037624,0.0,regierung sei
erdenklichen,2.9779369141536005,0.039583965622579036,-0.2053794401764128,0.0,0.2585120559230185,0.0,erdenklichen
sei erdenklich+en,2.9779369141536005,0.039583965622579036,-0.2053794401764128,0.0,0.2585120559230185,0.0,sei erdenklich+en
Weg,2.9484639828770955,0.03505095979615518,-0.1906885271113812,0.0,0.24725966555100318,0.0,Weg
erdenklich+en weg,2.9484639828770955,0.03505095979615518,-0.1906885271113812,0.0,0.24725966555100318,0.0,erdenklich+en weg
bereit,2.9313207334978424,0.03138708187191584,-0.17917313995390385,0.0,0.23832149782403095,0.0,bereit
weg bereit,2.9313207334978424,0.03138708187191584,-0.17917313995390385,0.0,0.23832149782403095,0.0,weg bereit
bereit palästinenser,3.4341762559701716,0.028406271404998018,-0.22405587156472156,0.0,0.3016711739962275,0.0,bereit palästinenser
umzusiedeln,2.4565941736895565,-0.019242490156161376,-0.06194604636165364,0.0,0.15464178069353432,0.0,umzusiedeln
gazastreifen um+zu+siedel+n,2.4565941736895565,-0.019242490156161376,-0.06194604636165364,0.0,0.15464178069353432,0.0,gazastreifen um+zu+siedel+n
um+zu+siedel+n sag+t,2.530594549791563,-0.030428653639790193,-0.03999824581634821,0.0,0.13832601638114136,0.0,um+zu+siedel+n sag+t
sag+t verteidigung+s+minister,2.5690923409045925,-0.03753091159027965,-0.02691889510861603,0.0,0.1287865503504859,0.0,sag+t verteidigung+s+minister
verteidigung+s+minister katz,3.110131115017907,-0.18482329056834923,0.18072293730782243,0.0,-0.03442646314433711,0.0,verteidigung+s+minister katz
Ohne,2.8469119012464783,-0.08084162468587719,0.051096102472111805,0.0,0.06279188694446235,0.0,Ohne
Beweise,2.7751767805932372,-0.04051968980096383,-0.005857371344835564,0.0,0.09610835408785103,0.0,Beweise
ohne beweis+e,2.7751767805932372,-0.04051968980096383,-0.005857371344835564,0.0,0.09610835408785103,0.0,ohne beweis+e
behauptet,2.735014372247843,0.0026953362011521496,-0.0689483246584616,0.0,0.12417736776408703,0.0,behauptet
beweis+e behaupt+et,2.735014372247843,0.0026953362011521496,-0.0689483246584616,0.0,0.12417736776408703,0.0,beweis+e behaupt+et
Prozent,2.80532985687483,0.08653379658601137,-0.18121913639248202,0.0,0.13268942017278854,0.0,Prozent
behaupt+et prozent,2.80532985687483,0.08653379658601137,-0.18121913639248202,0.0,0.13268942017278854,0.0,behaupt+et prozent
Bevölkerung,4.091275358589768,-0.005915829219723021,-0.03594840965358121,0.0,0.08291869453759755,0.0,Bevölkerung
prozent bevölkerung,2.8810734505117077,0.1273931233297985,-0.2439315424304777,0.0,0.13582047354708504,0.0,prozent bevölkerung
wollten,2.788894620746787,0.08201650389751426,-0.2255028484110512,0.0,0.20527877431281988,0.0,wollten
bevölkerung woll+ten,2.788894620746787,0.08201650389751426,-0.2255028484110512,0.0,0.20527877431281988,0.0,bevölkerung woll+ten
Küstengebiet,2.8407692444084236,0.05830084470661311,-0.21338344431106085,0.0,0.2347064441981812,0.0,Küstengebiet
woll+ten küste+n+gebiet,2.8407692444084236,0.05830084470661311,-0.21338344431106085,0.0,0.2347064441981812,0.0,woll+ten küste+n+gebiet
verlassen,2.9763589343239767,0.04285866644240833,-0.21189357908540454,0.0,0.2610909759980117,0.0,verlassen
küste+n+gebiet verlass+en,2.9763589343239767,0.04285866644240833,-0.21189357908540454,0.0,0.2610909759980117,0.0,küste+n+gebiet verlass+en
Zwangsumsiedlung…,3.1983164391200654,0.03343768395375696,-0.21779607941456436,0.0,0.2852560500444509,0.0,Zwangsumsiedlung…
zwangsumsiedlung… israel,4.830200449602501,0.022249423598563516,-0.25950014597620175,0.0,0.35346046106633605,0.0,zwangsumsiedlung… israel
spricht,3.2784940817240646,-0.003301433857240455,-0.15910273683157655,0.0,0.2719999035287518,0.0,spricht
sprech+t offen,3.042460627928593,0.005378838421572685,-0.16783812592830585,0.0,0.2689250973180568,0.0,sprech+t offen
Wünsche,2.7744227361295195,0.010444816478883004,-0.16649018026084342,0.0,0.2583386178601289,0.0,Wünsche
offen wunsch+e,2.7744227361295195,0.010444816478883004,-0.16649018026084342,0.0,0.2583386178601289,0.0,offen wunsch+e
wunsch+e gazastreifen,2.6321669807145973,0.010929355304363056,-0.16087925322368699,0.0,0.24982253769608598,0.0,wunsch+e gazastreifen
Anadolu,3.3256660102750906,0.04073912484654566,-0.2256413494570644,0.0,0.28232342929747145,0.0,Anadolu
alliance anadolu,3.3256660102750906,0.04073912484654566,-0.2256413494570644,0.0,0.28232342929747145,0.0,alliance anadolu
anadolu der,2.4033002121290323,0.007842382091084052,-0.14436862308096532,0.0,0.23218386917239245,0.0,anadolu der
+2499,2.223626066790513,0.0012362131728726408,-0.12442011662382899,0.0,0.21510817416283223,0.0,+2499
palästinenser +2499,2.223626066790513,0.0012362131728726408,-0.12442011662382899,0.0,0.21510817416283223,0.0,palästinenser +2499
+2499 chars,2.2163114792429623,0.0008751340591139057,-0.12346862820160326,0.0,0.21435282376031767,0.0,+2499 chars
Christoph,4.87492774077688,0.09638716019022694,-0.13353710116517137,0.0,0.03267956551675957,0.0,Christoph
Heusgen,4.803428807533463,0.07836556194700221,-0.11737070378878856,0.0,0.04649143427477677,0.0,Heusgen
christoph heu+s+gen,4.803428807533463,0.07836556194700221,-0.11737070378878856,0.0,0.04649143427477677,0.0,christoph heu+s+gen
heu+s+gen der,3.4033547413571723,-0.014034076790937936,-0.05564286795444781,0.0,0.13405650400891603,0.0,heu+s+gen der
Schritt,3.4846797584780984,-0.014383292204307598,-0.059577232499970316,0.0,0.1414421847525847,0.0,Schritt
der schritt,3.4846797584780984,-0.014383292204307598,-0.059577232499970316,0.0,0.1414421847525847,0.0,der schritt
wäre,3.707668743455282,-0.014744204734798538,-0.07096240169002292,0.0,0.16114982293833358,0.0,wäre
schritt sei,3.707668743455282,-0.014744204734798538,-0.07096240169002292,0.0,0.16114982293833358,0.0,schritt sei
sei viel+en,4.182095079360884,-0.013602152135044744,-0.09555272781949131,0.0,0.1982727589139995,0.0,sei viel+en
viel+en israeli+s,5.308822004340162,-0.007531046434623972,-0.14430500976449673,0.0,0.2589784629369474,0.0,viel+en israeli+s
Warnschuss,3.9048868429952113,-0.022938126263174766,-0.055419016075164244,0.0,0.15062099865467346,0.0,Warnschuss
israeli+s warn+schuss,3.9048868429952113,-0.022938126263174766,-0.055419016075164244,0.0,0.15062099865467346,0.0,israeli+s warn+schuss
angesehen,3.781185830430706,-0.03053108186282715,-0.028277644575108705,0.0,0.11784293644085732,0.0,angesehen
warn+schuss an+ge+seh+en,3.781185830430706,-0.03053108186282715,-0.028277644575108705,0.0,0.11784293644085732,0.0,warn+schuss an+ge+seh+en
an+ge+seh+en werd+en,4.275275150588982,-0.03269721072383957,-0.045693022549475826,0.0,0.15236419790670497,0.0,an+ge+seh+en werd+en
werd+en israel+s,5.508910450791501,-0.02645454769357431,-0.09613355693053274,0.0,0.22198156553916978,0.0,werd+en israel+s
ge+forder+t nacht,3.517914397791921,0.0019123925338663833,0.024917919090282688,0.0,-0.05830078270903014,0.0,ge+forder+t nacht
Müsste,3.5394024166275795,0.012541157465535888,-0.059577715408039945,0.0,0.08783379131437397,0.0,Müsste
müss+te deutschland+s,3.9361502714130903,0.027811851710394166,-0.11011414514792128,0.0,0.14264664688655918,0.0,müss+te deutschland+s
Israel-Politik,5.392437519716214,0.0353630580410385,-0.18819987537000496,0.0,0.24335091612383083,0.0,Israel-Politik
deutschland+s israel+-+politik,5.392437519716214,0.0353630580410385,-0.18819987537000496,0.0,0.24335091612383083,0.0,deutschland+s israel+-+politik
grundsätzlich,3.919032788804971,0.07018736885472107,-0.14967628556724752,0.0,0.1186159819364506,0.0,grundsätzlich
israel+-+politik grundsätzlich,3.919032788804971,0.07018736885472107,-0.14967628556724752,0.0,0.1186159819364506,0.0,israel+-+politik grundsätzlich
ändern,3.772046102876161,0.1404696476787679,-0.19146028385615474,0.0,0.024174108255864732,0.0,ändern
grundsätzlich änder+n,3.772046102876161,0.1404696476787679,-0.19146028385615474,0.0,0.024174108255864732,0.0,grundsätzlich änder+n
klare,3.200194401199379,0.09833984783023798,-0.13057375375237024,0.0,0.0227590712196189,0.0,klare
heu+s+gen klar+e,3.200194401199379,0.09833984783023798,-0.13057375375237024,0.0,0.0227590712196189,0.0,heu+s+gen klar+e
Haltung,3.179167215101901,0.09878397842405728,-0.12656111868333575,0.0,0.014497062413881281,0.0,Haltung
klar+e haltung,3.179167215101901,0.09878397842405728,-0.12656111868333575,0.0,0.014497062413881281,0.0,klar+e haltung
Gespräch,3.192616241092201,0.1165423126610483,-0.1332687910856526,0.0,-0.017533446827898567,0.0,Gespräch
ein gespräch,3.192616241092201,0.1165423126610483,-0.1332687910856526,0.0,-0.017533446827898567,0.0,ein gespräch
gespräch podcast,3.3591454721195486,0.15363058113459716,-0.16438264552548026,0.0,-0.05830685557865697,0.0,gespräch podcast
der…,3.7176075053770403,0.22723375229384019,-0.24223373169577492,0.0,-0.13222611706784324,0.0,der…
podcast der…,3.7176075053770403,0.22723375229384019,-0.24223373169577492,0.0,-0.13222611706784324,0.0,podcast der…
der… podcast,3.3591454721195486,0.15363058113459716,-0.16438264552548026,0.0,-0.05830685557865697,0.0,der… podcast
früheren,4.177207442975134,0.2512399785529783,-0.2772316857633626,0.0,-0.1461911906592506,0.0,früheren
podcast früh+er+en,4.177207442975134,0.2512399785529783,-0.2772316857633626,0.0,-0.1461911906592506,0.0,podcast früh+er+en
Hamas-Geisel,4.81091827732631,0.32949477242601255,-0.38279302995629344,0.0,-0.2387251673569457,0.0,Hamas-Geisel
früh+er+en hamas+-+geisel,4.81091827732631,0.32949477242601255,-0.38279302995629344,0.0,-0.2387251673569457,0.0,früh+er+en hamas+-+geisel
Rom,4.310713684172879,0.16539602202041362,-0.2012074502276332,0.0,-0.02412387343535763,0.0,Rom
hamas+-+geisel rom,4.310713684172879,0.16539602202041362,-0.2012074502276332,0.0,-0.02412387343535763,0.0,hamas+-+geisel rom
Braslavski,4.362291611315737,0.13932130259612324,-0.18222850921991635,0.0,0.01146334953651643,0.0,Braslavski
rom braslavski,4.362291611315737,0.13932130259612324,-0.18222850921991635,0.0,0.01146334953651643,0.0,rom braslavski
braslavski israel+s,5.742466567979921,0.061962148509012396,-0.1793233241836523,0.0,0.18045959511649562,0.0,braslavski israel+s
kürzlich,3.9091171930285693,-0.0398957805671387,0.10441319705613712,0.0,-0.15193562788293116,0.0,kürzlich
ben-gvir kürzlich,3.9091171930285693,-0.0398957805671387,0.10441319705613712,0.0,-0.15193562788293116,0.0,ben-gvir kürzlich
kürzlich ge+forder+t,3.769238350670681,0.036136312972411405,0.023422627159069762,0.0,-0.14090232249461618,0.0,kürzlich ge+forder+t
ge+forder+t gazastreifen,3.5018889961137187,0.048416715101047766,-0.0076393285843091895,0.0,-0.0999227738012068,0.0,ge+forder+t gazastreifen
tö…,3.0017782178752426,0.02730484859030661,-0.019980290174654112,0.0,-0.021044458542630602,0.0,tö…
mensch+en tö…,3.0017782178752426,0.02730484859030661,-0.019980290174654112,0.0,-0.021044458542630602,0.0,mensch+en tö…
+13511,2.973754471804425,0.026924660921209563,-0.021267917570808273,0.0,-0.01748607426183795,0.0,+13511
tö… +13511,2.973754471804425,0.026924660921209563,-0.021267917570808273,0.0,-0.01748607426183795,0.0,tö… +13511
+13511 chars,2.937719018704917,0.02644508551822397,-0.022898474969817673,0.0,-0.01300780778080429,0.0,+13511 chars
Bei,5.098328440897517,0.04148014769544687,-0.2775944574399319,0.0,0.3423930357053828,0.0,Bei
Angriff,3.342810439299689,0.001735644225173756,-0.20428750381788754,0.0,0.321739742848744,0.0,Angriff
bei angriff,3.342810439299689,0.001735644225173756,-0.20428750381788754,0.0,0.321739742848744,0.0,bei angriff
angriff israel,4.7766190687491585,0.007292408181746491,-0.24834516667009268,0.0,0.36461544037244514,0.0,angriff israel
katz droh+t,3.4460224304959755,-0.04024262108601203,-0.11704320499452671,0.0,0.2756291568360342,0.0,katz droh+t
Würden,3.144897225083354,-0.02138690386623302,-0.14325681254642514,0.0,0.2808451687698388,0.0,Würden
droh+t werd+en,3.144897225083354,-0.02138690386623302,-0.14325681254642514,0.0,0.2808451687698388,0.0,droh+t werd+en
Iran,5.281168587343945,0.025874449103689447,-0.2413414142500102,0.0,0.32667682457825226,0.0,Iran
werd+en iran,2.9688974145654314,-0.013312820205501261,-0.15100227686368864,0.0,0.2779232452681676,0.0,werd+en iran
tief,2.863633762161353,-0.009235044565625437,-0.1531315785312257,0.0,0.2739639721466121,0.0,tief
iran tief,2.863633762161353,-0.009235044565625437,-0.1531315785312257,0.0,0.2739639721466121,0.0,iran tief
Steinzeit,2.7597918131484835,-0.005577742197079186,-0.15351467533879337,0.0,0.26829650990662957,0.0,Steinzeit
tief stein+zeit,2.7597918131484835,-0.005577742197079186,-0.15351467533879337,0.0,0.26829650990662957,0.0,tief stein+zeit
zurückversetzen,2.66509997986591,-0.0023748982871679637,-0.15248720344278233,0.0,0.26142124403053835,0.0,zurückversetzen
stein+zeit zurück+versetz+en,2.66509997986591,-0.0023748982871679637,-0.15248720344278233,0.0,0.26142124403053835,0.0,stein+zeit zurück+versetz+en
zurück+versetz+en bei,3.0169181652865458,0.00037538673398863345,-0.18760206860458195,0.0,0.30314222748194936,0.0,zurück+versetz+en bei
bei angriff+en,3.7168506891985627,0.03514596738216328,-0.24039407128201007,0.0,0.31001273888066405,0.0,bei angriff+en
angriff+en iran,4.1777897234961285,0.018697529446473894,-0.2248877775114976,0.0,0.31897289000632406,0.0,angriff+en iran
Frühjahr,4.631706412630779,0.030925945020734855,-0.26173122117147457,0.0,0.3419128765077448,0.0,Frühjahr
iran frühjahr,4.631706412630779,0.030925945020734855,-0.26173122117147457,0.0,0.3419128765077448,0.0,iran frühjahr
nimmt,5.582742714873063,0.029501928851084713,-0.27595593735077495,0.0,0.36010299301767135,0.0,nimmt
frühjahr nehm+t,5.582742714873063,0.029501928851084713,-0.27595593735077495,0.0,0.36010299301767135,0.0,frühjahr nehm+t
nehm+t israel,7.492571806843236,0.026742052352353364,-0.2907474661174034,0.0,0.3804492844115561,0.0,nehm+t israel
israel bereits,5.4246382628677825,0.029835293135180223,-0.2741168248896843,0.0,0.35754218032598356,0.0,israel bereits
zivile,4.633560134450226,0.03144724431773685,-0.26213136548135735,0.0,0.34151273219786193,0.0,zivile
bereits zivil+e,4.633560134450226,0.03144724431773685,-0.26213136548135735,0.0,0.34151273219786193,0.0,bereits zivil+e
Infrastruktur,4.259909153359414,0.03295894328549582,-0.2548253584685607,0.0,0.33065378272934015,0.0,Infrastruktur
zivil+e infrastruktur,4.259909153359414,0.03295894328549582,-0.2548253584685607,0.0,0.33065378272934015,0.0,zivil+e infrastruktur
Visier,3.7418775631673213,0.036874277284382646,-0.24242021413083945,0.0,0.30949758734972144,0.0,Visier
infrastruktur visier,3.7418775631673213,0.036874277284382646,-0.24242021413083945,0.0,0.30949758734972144,0.0,infrastruktur visier
Falle,2.4861551052799964,0.036326398004281335,-0.17219486950126286,0.0,0.2195766759127768,0.0,Falle
droh+t fall+e,2.4861551052799964,0.036326398004281335,-0.17219486950126286,0.0,0.2195766759127768,0.0,droh+t fall+e
iranischen,2.463223266351712,0.04372430349047032,-0.17460474356428352,0.0,0.20907923079035198,0.0,iranischen
fall+e iranisch+en,2.463223266351712,0.04372430349047032,-0.17460474356428352,0.0,0.20907923079035198,0.0,fall+e iranisch+en
Angriffs,2.5053857898277747,0.05121006178640858,-0.18299579430429008,0.0,0.20665474262963593,0.0,Angriffs
iranisch+en angriff+s,2.5053857898277747,0.05121006178640858,-0.18299579430429008,0.0,0.20665474262963593,0.0,iranisch+en angriff+s
angriff+s neu+en,2.732046774892691,0.09670870455879994,-0.23126225376262446,0.0,0.1835440343868527,0.0,angriff+s neu+en
Stufe,2.8330101274149264,0.12291252871825187,-0.2571885163968796,0.0,0.16402051959469724,0.0,Stufe
neu+en stufe,2.8330101274149264,0.12291252871825187,-0.2571885163968796,0.0,0.16402051959469724,0.0,neu+en stufe
Eskalation,2.9365020851449004,0.13406831116026816,-0.27260714275271714,0.0,0.16078530732872873,0.0,Eskalation
stufe eskalation,2.9365020851449004,0.13406831116026816,-0.27260714275271714,0.0,0.16078530732872873,0.0,stufe eskalation
Jegliche,2.9147898464156925,0.07564626883520725,-0.229757192390353,0.0,0.22338733911895053,0.0,Jegliche
Beschränkungen,2.9949903458788207,0.05765982402821844,-0.2226740379112177,0.0,0.24807624537278777,0.0,Beschränkungen
jeglich+e beschränkung+en,2.9949903458788207,0.05765982402821844,-0.2226740379112177,0.0,0.24807624537278777,0.0,jeglich+e beschränkung+en
könnten,3.3472795739339327,0.037691170747380744,-0.22757244577291125,0.0,0.290044881906942,0.0,könnten
beschränkung+en könn+ten,3.3472795739339327,0.037691170747380744,-0.22757244577291125,0.0,0.290044881906942,0.0,beschränkung+en könn+ten
dann…,3.809636230159459,0.030242136746369448,-0.24020274105907963,0.0,0.3180577681007852,0.0,dann…
könn+ten dann…,3.809636230159459,0.030242136746369448,-0.24020274105907963,0.0,0.3180577681007852,0.0,könn+ten dann…
dann… israel,4.842430148231528,0.025586263917001237,-0.262028869682162,0.0,0.3509317373603757,0.0,dann… israel
klingt,3.2878085315891403,0.0006106288670587357,-0.16193978430292866,0.0,0.26916285605739965,0.0,klingt
US-Präsident,2.987253991575284,0.010598987930418542,-0.17122763833873864,0.0,0.2644635698574302,0.0,US-Präsident
kling+t us+-+präsident,2.987253991575284,0.010598987930418542,-0.17122763833873864,0.0,0.2644635698574302,0.0,kling+t us+-+präsident
Trump,2.7923052854091805,0.013501726270782506,-0.16913804994160114,0.0,0.25658423493781274,0.0,Trump
us+-+präsident trump,2.7923052854091805,0.013501726270782506,-0.16913804994160114,0.0,0.25658423493781274,0.0,us+-+präsident trump
Anfang,2.7289283217264813,0.013804999880131452,-0.16707911392083244,0.0,0.2532530113601334,0.0,Anfang
trump anfang,2.7289283217264813,0.013804999880131452,-0.16707911392083244,0.0,0.2532530113601334,0.0,trump anfang
April,2.667742017266367,0.013778178657675855,-0.16443964905280195,0.0,0.24969167015950508,0.0,April
anfang april,2.667742017266367,0.013778178657675855,-0.16443964905280195,0.0,0.24969167015950508,0.0,anfang april
anadolu bei,2.7109865431003026,0.01151645918541369,-0.17518895557560943,0.0,0.2681712410989912,0.0,anadolu bei
israe…,2.635064382365586,0.0025042349574616106,-0.1642956519244001,0.0,0.26909679815704585,0.0,israe…
der israe…,2.635064382365586,0.0025042349574616106,-0.1642956519244001,0.0,0.26909679815704585,0.0,der israe…
+2046,2.579571898653629,0.0020215422214206304,-0.15972979847888025,0.0,0.2637524843765742,0.0,+2046
israe… +2046,2.579571898653629,0.0020215422214206304,-0.15972979847888025,0.0,0.2637524843765742,0.0,israe… +2046
+2046 char+s,2.5441196983034455,0.0016682931889649472,-0.1566762230332127,0.0,0.26019872853111836,0.0,+2046 char+s
Zeit,2.492843371065529,-0.07514535428054094,0.020020009395044384,0.0,0.11319386857842956,0.0,Zeit
Koffer,2.514414334584965,-0.07449770571467573,0.019722450558632292,0.0,0.11255658665545241,0.0,Koffer
zeit koffer,2.514414334584965,-0.07449770571467573,0.019722450558632292,0.0,0.11255658665545241,0.0,zeit koffer
packen,2.5378949315718824,-0.07368993458851929,0.01930684488221623,0.0,0.111843994169465,0.0,packen
koffer pack+en,2.5378949315718824,-0.07368993458851929,0.01930684488221623,0.0,0.111843994169465,0.0,koffer pack+en
rechtsextremer,7.1216978894902905,-0.11526543333843524,0.043084870395162185,0.0,0.14149235312726888,0.0,rechtsextremer
pack+en rechtsextrem+er,2.5636000067506695,-0.07267827240561392,0.01873985607425587,0.0,0.11103659527193331,0.0,pack+en rechtsextrem+er
rechtsextrem+er minister,6.503287638869944,-0.21194382119030186,0.18100024947494586,0.0,0.01506910080684569,0.0,rechtsextrem+er minister
minister gaza,2.654939952743382,-0.06791818796563776,0.015729204765937893,0.0,0.10784410769686993,0.0,minister gaza
entvölkern,2.6740371224285746,-0.06667356090281253,0.014892122820425369,0.0,0.1070922390173247,0.0,entvölkern
gaza entvölkern,2.6740371224285746,-0.06667356090281253,0.014892122820425369,0.0,0.1070922390173247,0.0,gaza entvölkern
entvölkern der,2.7208585629145023,-0.0632183093752952,0.0125130135910474,0.0,0.10508425615218832,0.0,entvölkern der
Name,3.7172491391705607,-0.06374252812117634,0.025490497199834376,0.0,0.08108064195759836,0.0,Name
der name,3.7172491391705607,-0.06374252812117634,0.025490497199834376,0.0,0.08108064195759836,0.0,der name
Plans,3.8065685340467175,-0.05739974174356205,0.020953584437238795,0.0,0.07765483706866558,0.0,Plans
name plan+s,3.8065685340467175,-0.05739974174356205,0.020953584437238795,0.0,0.07765483706866558,0.0,name plan+s
sogenannte,3.9945118507769375,-0.041004632394660574,0.008999393555888932,0.0,0.0686319346019149,0.0,sogenannte
plan+s sogenannt+e,3.9945118507769375,-0.041004632394660574,0.008999393555888932,0.0,0.0686319346019149,0.0,plan+s sogenannt+e
freiwillige,4.186831889342626,-0.019247330077062027,-0.007181401945333583,0.0,0.05586860117546059,0.0,freiwillige
sogenannt+e freiwillig+e,4.186831889342626,-0.019247330077062027,-0.007181401945333583,0.0,0.05586860117546059,0.0,sogenannt+e freiwillig+e
Auswanderung,4.5408604853606125,0.035098521855942214,-0.04917816242900705,0.0,0.01954009212703016,0.0,Auswanderung
freiwillig+e auswanderung,4.5408604853606125,0.035098521855942214,-0.04917816242900705,0.0,0.01954009212703016,0.0,freiwillig+e auswanderung
auswanderung palästinenser,4.913311970157547,0.04022015785822375,-0.05800973567106101,0.0,0.02490190783303485,0.0,auswanderung palästinenser
palästinenser erinner+t,5.0373365103029615,-0.04575732593088786,-0.0036855078172466057,0.0,0.102200960659322,0.0,palästinenser erinner+t
Oktober,7.164842501528192,0.03924202998251175,-0.05698758363603346,0.0,0.02516761951792803,0.0,Oktober
erinner+t oktober,6.148699834560909,-0.07872386588951061,-0.012484184717416563,0.0,0.1781130484595989,0.0,erinner+t oktober
israel+s rechtsextrem+er,6.418511026380094,-0.11899091055210675,0.03600637164513989,0.0,0.16099507563218213,0.0,israel+s rechtsextrem+er
stellte,5.268039316553535,-0.31278155787896345,0.281820753908067,0.0,-0.0781276466454096,0.0,stellte
ben-gvir stell+te,5.268039316553535,-0.31278155787896345,0.281820753908067,0.0,-0.0781276466454096,0.0,ben-gvir stell+te
sieben,5.976393960546274,-0.13690860739724112,0.1775631755227803,0.0,-0.12464690032430768,0.0,sieben
Jahren,4.165255543436872,-0.19289011033903453,0.16080476877514802,0.0,0.029670824030041117,0.0,Jahren
sieben jahr+en,4.165255543436872,-0.19289011033903453,0.16080476877514802,0.0,0.029670824030041117,0.0,sieben jahr+en
sollen,2.925669922857265,-0.14486023873411344,0.10475199490000542,0.0,0.06978378419751026,0.0,sollen
jahr+en soll+en,2.925669922857265,-0.14486023873411344,0.10475199490000542,0.0,0.06978378419751026,0.0,jahr+en soll+en
laut,2.8793756444678866,-0.13544007650928344,0.0953871191500127,0.0,0.07274057802928693,0.0,laut
soll+en laut,2.8793756444678866,-0.13544007650928344,0.0953871191500127,0.0,0.07274057802928693,0.0,soll+en laut
laut gaza,2.814871813224537,-0.1212128225846412,0.08167524420701629,0.0,0.07563327044149529,0.0,laut gaza
gaza palästinenser,2.7682352425725276,-0.10937195889298496,0.07073469341252417,0.0,0.0764811878878171,0.0,gaza palästinenser
palästinenser mehr,2.7434059463684113,-0.09401360240551147,0.05489375658674447,0.0,0.0801722253434159,0.0,palästinenser mehr
mehr leb+en,2.751421715666189,-0.08803157953302622,0.04743221607653384,0.0,0.08393817292200381,0.0,mehr leb+en
+3010,2.8874388033862686,-0.14588197907927092,0.10300278615901083,0.0,0.07536542870876532,0.0,+3010
jahr+en +3010,2.8874388033862686,-0.14588197907927092,0.10300278615901083,0.0,0.07536542870876532,0.0,jahr+en +3010
+3010 chars,2.8461622102695987,-0.14105762136538444,0.09715799604722432,0.0,0.0791259793019997,0.0,+3010 chars
fassungslos,2.0174149260404084,0.17347841659723134,-0.20306099624647264,0.0,-0.0430061480205405,0.0,fassungslos
jude+n fassungslos,2.0174149260404084,0.17347841659723134,-0.20306099624647264,0.0,-0.0430061480205405,0.0,jude+n fassungslos
Schaden,1.8984503220380977,0.10894159831118418,-0.14228197737681184,0.0,0.01777287084912022,0.0,Schaden
fassungslos schaden,1.8984503220380977,0.10894159831118418,-0.14228197737681184,0.0,0.01777287084912022,0.0,fassungslos schaden
schaden afd,1.8604040615550386,0.08555061607913216,-0.12203774551097776,0.0,0.038017102714954044,0.0,schaden afd
anrichten,1.8522106415579078,0.08031296461958622,-0.1176239110819816,0.0,0.04243093714395059,0.0,anrichten
afd an+richt+en,1.8522106415579078,0.08031296461958622,-0.1176239110819816,0.0,0.04243093714395059,0.0,afd an+richt+en
immens,1.9067757958444942,0.11386555292232439,-0.1466577946517922,0.0,0.013397053574139787,0.0,immens
an+richt+en immens,1.9067757958444942,0.11386555292232439,-0.1466577946517922,0.0,0.013397053574139787,0.0,an+richt+en immens
immens afd,1.8604040615550386,0.08555061607913216,-0.12203774551097776,0.0,0.038017102714954044,0.0,immens afd
kurz,2.284547944448095,0.283785801420125,-0.3274122126295838,0.0,-0.16735736440365165,0.0,kurz
afd kurz,2.284547944448095,0.283785801420125,-0.3274122126295838,0.0,-0.16735736440365165,0.0,afd kurz
Alleinregierung,2.4405120883036524,0.332962671292884,-0.39345193352391683,0.0,-0.23339708529798495,0.0,Alleinregierung
kurz alleinregierung,2.4405120883036524,0.332962671292884,-0.39345193352391683,0.0,-0.23339708529798495,0.0,kurz alleinregierung
alleinregierung der,2.4405120883036524,0.332962671292884,-0.39345193352391683,0.0,-0.23339708529798495,0.0,alleinregierung der
zeigt,2.538077667753864,0.35962455533656634,-0.43265101475915496,0.0,-0.272596166533223,0.0,zeigt
jude+n zeig+t,2.3645130463723913,0.31011085655498866,-0.361816144672925,0.0,-0.2017612964469931,0.0,jude+n zeig+t
schockiert,2.7171683918983924,0.40208669309927886,-0.5008343496503359,0.0,-0.34077950142440405,0.0,schockiert
zeig+t schockier+t,2.1611663018057006,0.23771046225835793,-0.271892074496063,0.0,-0.111837226270131,0.0,zeig+t schockier+t
Wahlerfolg,2.2448314043017827,0.269732602908381,-0.30987446405095515,0.0,-0.14981961582502315,0.0,Wahlerfolg
schockier+t wahl+erfolg,2.2448314043017827,0.269732602908381,-0.30987446405095515,0.0,-0.14981961582502315,0.0,schockier+t wahl+erfolg
gesichert,2.5470096902126467,0.3619297999421411,-0.43616404453273777,0.0,-0.2761091963068057,0.0,gesichert
wahl+erfolg ge+sicher+t,2.41999814170498,0.3269863654759529,-0.38501081626110817,0.0,-0.2249559680351762,0.0,wahl+erfolg ge+sicher+t
rechtsextremistischen,2.191298116139678,0.24964461492749032,-0.28573815930229496,0.0,-0.12568331107636277,0.0,rechtsextremistischen
ge+sicher+t rechtsextremistisch+en,2.191298116139678,0.24964461492749032,-0.28573815930229496,0.0,-0.12568331107636277,0.0,ge+sicher+t rechtsextremistisch+en
rechtsextremistisch+en partei,2.02916648244611,0.1792378116681739,-0.20886915293759534,0.0,-0.04881430471166333,0.0,rechtsextremistisch+en partei
Und,3.0963061129807747,0.25622777524921053,-0.1432361948842519,0.0,-0.4713990202989792,0.0,Und
befürchtet,2.0290914462196237,0.17920135273500615,-0.20883217341198895,0.0,-0.04877732518605695,0.0,befürchtet
und befürcht+et,2.0290914462196237,0.17920135273500615,-0.20883217341198895,0.0,-0.04877732518605695,0.0,und befürcht+et
dramatische,2.085647301597487,0.20558612185564015,-0.23632330745413244,0.0,-0.07626845922820043,0.0,dramatische
befürcht+et dramatisch+e,2.085647301597487,0.20558612185564015,-0.23632330745413244,0.0,-0.07626845922820043,0.0,befürcht+et dramatisch+e
Folgen,2.197883879512853,0.25219094052838753,-0.2887390685022388,0.0,-0.12868422027630655,0.0,Folgen
dramatisch+e folge+n,2.197883879512853,0.25219094052838753,-0.2887390685022388,0.0,-0.12868422027630655,0.0,dramatisch+e folge+n
Kinder,2.4898354510051233,0.34679124115066345,-0.41346066834260364,0.0,-0.2534058201166716,0.0,Kinder
folge+n kind+er,2.4898354510051233,0.34679124115066345,-0.41346066834260364,0.0,-0.2534058201166716,0.0,folge+n kind+er
Jugendliche,2.003551360618197,0.16655328933687405,-0.1961653301958579,0.0,-0.036110481969925966,0.0,Jugendliche
kind+er jugendlich+e,2.003551360618197,0.16655328933687405,-0.1961653301958579,0.0,-0.036110481969925966,0.0,kind+er jugendlich+e
Jugen…,2.003551360618197,0.16655328933687405,-0.1961653301958579,0.0,-0.036110481969925966,0.0,Jugen…
kind+er jugen…,2.003551360618197,0.16655328933687405,-0.1961653301958579,0.0,-0.036110481969925966,0.0,kind+er jugen…
+1910,1.932717523133934,0.12878737231405468,-0.16017109961157394,0.0,-0.00011625138564178792,0.0,+1910
jugen… +1910,1.932717523133934,0.12878737231405468,-0.16017109961157394,0.0,-0.00011625138564178792,0.0,jugen… +1910
+1910 char+s,1.9024947324548223,0.1113420047659758,-0.14441008598407523,0.0,0.01564476224185695,0.0,+1910 char+s
sachsen-anhalt zentralrat,2.227758912873742,0.26347444983428087,-0.30224015232709256,0.0,-0.14218530410116056,0.0,sachsen-anhalt zentralrat
AfD-Wahlerfolg,2.267711776951601,0.27791267222811933,-0.320015339300317,0.0,-0.15996049107438504,0.0,AfD-Wahlerfolg
entsetz+t afd-wahlerfolg,2.267711776951601,0.27791267222811933,-0.320015339300317,0.0,-0.15996049107438504,0.0,entsetz+t afd-wahlerfolg
Hier,1.862644448492629,0.08697003214982986,-0.12324126848521333,0.0,0.03681357974071868,0.0,Hier
afd-wahlerfolg hier,1.862644448492629,0.08697003214982986,-0.12324126848521333,0.0,0.03681357974071868,0.0,afd-wahlerfolg hier
finden,1.8522106415579078,0.08031296461958622,-0.1176239110819816,0.0,0.04243093714395059,0.0,finden
hier find+en,1.8522106415579078,0.08031296461958622,-0.1176239110819816,0.0,0.04243093714395059,0.0,hier find+en
find+en sie,1.8402391196956502,0.07252576207475261,-0.11113956351694233,0.0,0.04891528470898967,0.0,find+en sie
Informationen,1.834438233272201,0.0686936545653232,-0.10798233871330089,0.0,0.052072509512631024,0.0,Informationen
sie information+en,1.834438233272201,0.0686936545653232,-0.10798233871330089,0.0,0.052072509512631024,0.0,sie information+en
Thema,1.8304830152791725,0.06605837425199731,-0.10582391878537946,0.0,0.0542309294405526,0.0,Thema
information+en thema,1.8304830152791725,0.06605837425199731,-0.10582391878537946,0.0,0.0542309294405526,0.0,information+en thema
thema land+tag+s+wahl,1.8781305888754407,0.09663505226624157,-0.131520958494265,0.0,0.02853388973166706,0.0,thema land+tag+s+wahl
Lesen,1.9268074528644268,0.12544259853175185,-0.15710850775081203,0.0,0.0029463404751201446,0.0,Lesen
les+en sie,1.970493362898819,0.14944271937273002,-0.1795279933985483,0.0,-0.01947314517261631,0.0,les+en sie
sie zentralrat,2.227758912873742,0.26347444983428087,-0.30224015232709256,0.0,-0.14218530410116056,0.0,sie zentralrat
äußert,2.0332666857421624,0.18122393570203196,-0.21088774845341934,0.0,-0.05083290022748729,0.0,äußert
jude+n äußer+t,2.0332666857421624,0.18122393570203196,-0.21088774845341934,0.0,-0.05083290022748729,0.0,jude+n äußer+t
äußer+t schockier+t,1.9212988115238376,0.12229628775836975,-0.15424546565946792,0.0,0.005809382566464131,0.0,äußer+t schockier+t
Erfolg,2.0174149260404084,0.17347841659723134,-0.20306099624647264,0.0,-0.0430061480205405,0.0,Erfolg
schockier+t erfolg,2.0174149260404084,0.17347841659723134,-0.20306099624647264,0.0,-0.0430061480205405,0.0,schockier+t erfolg
erfolg afd,2.073274798402243,0.199995311900067,-0.23037342938587588,0.0,-0.07031858115994376,0.0,erfolg afd
afd land+tag+s+wahl,2.4405120883036524,0.332962671292884,-0.39345193352391683,0.0,-0.23339708529798495,0.0,afd land+tag+s+wahl
Ausgang,2.307930916443235,0.2917453205876538,-0.33759545996421814,0.0,-0.17754061173828606,0.0,Ausgang
der ausgang,2.307930916443235,0.2917453205876538,-0.33759545996421814,0.0,-0.17754061173828606,0.0,der ausgang
Wahl,2.4405120883036524,0.332962671292884,-0.39345193352391683,0.0,-0.23339708529798495,0.0,Wahl
ausgang wahl,2.4405120883036524,0.332962671292884,-0.39345193352391683,0.0,-0.23339708529798495,0.0,ausgang wahl
wahl offen,2.150591493771851,0.23340806701825198,-0.26698696166839264,0.0,-0.10693211344246069,0.0,wahl offen
fest,2.0619880194338296,0.19480871772313355,-0.22491461939332036,0.0,-0.06485977116738831,0.0,fest
offen fest,2.0619880194338296,0.19480871772313355,-0.22491461939332036,0.0,-0.06485977116738831,0.0,offen fest
steht,2.037598230554447,0.18330918900488077,-0.2130158202691308,0.0,-0.052960972043198794,0.0,steht
fest steh+t,2.037598230554447,0.18330918900488077,-0.2130158202691308,0.0,-0.052960972043198794,0.0,fest steh+t
steh+t bereits,2.0137797162796858,0.17167639846693863,-0.20125745607109585,0.0,-0.04120260784516395,0.0,steh+t bereits
Eine,1.9856684503176298,0.15740438049075778,-0.18719965222438273,0.0,-0.027144803998450807,0.0,Eine
bereits ein+e,1.8358285095554112,0.06961562875413085,-0.1087399274375657,0.0,0.05131492078836627,0.0,bereits ein+e
ein+e ge+sicher+t,1.8245234999655242,0.06205281795914231,-0.10256290101699403,0.0,0.057491947208938056,0.0,ein+e ge+sicher+t
recht…,1.8144796885402998,0.05520550536882419,-0.0970427976210216,0.0,0.0630120506049104,0.0,recht…
ge+sicher+t recht…,1.8144796885402998,0.05520550536882419,-0.0970427976210216,0.0,0.0630120506049104,0.0,ge+sicher+t recht…
+853,1.8078100748585617,0.05059011435354808,-0.09336025334396128,0.0,0.06669459488197084,0.0,+853
recht… +853,1.8078100748585617,0.05059011435354808,-0.09336025334396128,0.0,0.06669459488197084,0.0,recht… +853
+853 char+s,1.8041185027965787,0.04801160552598995,-0.09131615237795099,0.0,0.06873869584798119,0.0,+853 char+s
Zentralratspräsident,2.227758912873742,0.26347444983428087,-0.30224015232709256,0.0,-0.14218530410116056,0.0,Zentralratspräsident
jude+n zentralrat+s+präsident,2.227758912873742,0.26347444983428087,-0.30224015232709256,0.0,-0.14218530410116056,0.0,jude+n zentralrat+s+präsident
zentralrat+s+präsident schuster,1.9067757958444942,0.11386555292232439,-0.1466577946517922,0.0,0.013397053574139787,0.0,zentralrat+s+präsident schuster
schuster zeig+t,1.875271241818367,0.09486950806249897,-0.12999735524623335,0.0,0.030057492979698636,0.0,schuster zeig+t
zeig+t entsetz+t,1.8503329229359007,0.07910219917059337,-0.11660962522671525,0.0,0.04344522299921674,0.0,zeig+t entsetz+t
Vertreter,1.8135878026806014,0.05459151324315927,-0.09655113869801482,0.0,0.06350370952791724,0.0,Vertreter
afd-wahlerfolg vertreter,1.8135878026806014,0.05459151324315927,-0.09655113869801482,0.0,0.06350370952791724,0.0,afd-wahlerfolg vertreter
jüdischer,1.8055559076917498,0.04901765609331254,-0.09211257045209702,0.0,0.06794227777383505,0.0,jüdischer
vertreter jüdisch+er,1.8055559076917498,0.04901765609331254,-0.09211257045209702,0.0,0.06794227777383505,0.0,vertreter jüdisch+er
Organisationen,1.7988311408949837,0.044288314339308445,-0.08838113178644794,0.0,0.07167371643948411,0.0,Organisationen
jüdisch+er organisation+en,1.7988311408949837,0.044288314339308445,-0.08838113178644794,0.0,0.07167371643948411,0.0,jüdisch+er organisation+en
reagieren,1.7952856770745254,0.041771520333100665,-0.08640820483383795,0.0,0.07364664339209394,0.0,reagieren
organisation+en reagier+en,1.7952856770745254,0.041771520333100665,-0.08640820483383795,0.0,0.07364664339209394,0.0,organisation+en reagier+en
reagier+en schockier+t,1.8013874861123345,0.04609291958475268,-0.08980123756990759,0.0,0.07025361065602449,0.0,reagier+en schockier+t
AfD-Sieg,1.816319091011468,0.056468696534830734,-0.09805601963645857,0.0,0.06199882858947336,0.0,AfD-Sieg
schockier+t afd-sieg,1.816319091011468,0.056468696534830734,-0.09805601963645857,0.0,0.06199882858947336,0.0,schockier+t afd-sieg
Zeichen,1.8909895993771293,0.10447130024256208,-0.13834433357953066,0.0,0.02171051464640135,0.0,Zeichen
seh+t zeichen,1.8909895993771293,0.10447130024256208,-0.13834433357953066,0.0,0.02171051464640135,0.0,seh+t zeichen
Statik,2.0174149260404084,0.17347841659723134,-0.20306099624647264,0.0,-0.0430061480205405,0.0,Statik
zeichen statik,2.0174149260404084,0.17347841659723134,-0.20306099624647264,0.0,-0.0430061480205405,0.0,zeichen statik
Demokratie,2.073274798402243,0.199995311900067,-0.23037342938587588,0.0,-0.07031858115994376,0.0,Demokratie
statik demokratie,2.073274798402243,0.199995311900067,-0.23037342938587588,0.0,-0.07031858115994376,0.0,statik demokratie
demokratie mehr,1.9067757958444942,0.11386555292232439,-0.1466577946517922,0.0,0.013397053574139787,0.0,demokratie mehr
funktioniere,1.9212988115238376,0.12229628775836975,-0.15424546565946792,0.0,0.005809382566464131,0.0,funktioniere
mehr funktionier+e,1.9212988115238376,0.12229628775836975,-0.15424546565946792,0.0,0.005809382566464131,0.0,mehr funktionier+e
jude+n schockier+t,1.9390805195288618,0.1323533414559577,-0.1634579456987358,0.0,-0.00340309747280384,0.0,jude+n schockier+t
deutlichen,1.9113176322086478,0.11652356435215605,-0.1490369079930654,0.0,0.01101794023286666,0.0,deutlichen
schockier+t deutlich+en,1.9113176322086478,0.11652356435215605,-0.1490369079930654,0.0,0.01101794023286666,0.0,schockier+t deutlich+en
Wahlsieg,1.9912906588649169,0.16030747717661106,-0.19002704478152666,0.0,-0.02997219655559461,0.0,Wahlsieg
deutlich+en wahl+sieg,1.9912906588649169,0.16030747717661106,-0.19002704478152666,0.0,-0.02997219655559461,0.0,deutlich+en wahl+sieg
wahl+sieg afd,2.073274798402243,0.199995311900067,-0.23037342938587588,0.0,-0.07031858115994376,0.0,wahl+sieg afd
geäußert,1.8984503220380977,0.10894159831118418,-0.14228197737681184,0.0,0.01777287084912022,0.0,geäußert
sachsen-anhalt ge+äußer+t,1.8984503220380977,0.10894159831118418,-0.14228197737681184,0.0,0.01777287084912022,0.0,sachsen-anhalt ge+äußer+t
bereits ein,1.8358285095554112,0.06961562875413085,-0.1087399274375657,0.0,0.05131492078836627,0.0,bereits ein
+1963,1.8256580973560712,0.06281866794498232,-0.10318456730774529,0.0,0.05687028091818675,0.0,+1963
ein +1963,1.8256580973560712,0.06281866794498232,-0.10318456730774529,0.0,0.05687028091818675,0.0,ein +1963
+1963 chars,1.8192273312069187,0.0584574526669824,-0.09965591163509631,0.0,0.06039893659083567,0.0,+1963 chars
Rückzug,2.9432532821528876,-0.20203817377533612,0.15298979015408473,0.0,0.06379174399129615,0.0,Rückzug
710,3.0338934320758044,-0.2192115247167273,0.17173904182091426,0.0,0.04993413027998806,0.0,710
rückzug 710,3.0338934320758044,-0.2192115247167273,0.17173904182091426,0.0,0.04993413027998806,0.0,rückzug 710
710 mit,3.1220281174602715,-0.23686376346591595,0.19062908890409527,0.0,0.035009038682456736,0.0,710 mit
Plan,3.3796273173038927,-0.29285245156463663,0.24748086296285823,0.0,-0.015328457697943568,0.0,Plan
mit plan,3.3796273173038927,-0.29285245156463663,0.24748086296285823,0.0,-0.015328457697943568,0.0,mit plan
plan ben-gvir,4.112458808836088,-0.46318292772308595,0.3910703143521095,0.0,-0.17959524816598452,0.0,plan ben-gvir
Millionen,3.545741717728526,-0.28599903096990914,0.23584537513461298,0.0,0.004055427964582216,0.0,Millionen
ben-gvir million+en,3.545741717728526,-0.28599903096990914,0.23584537513461298,0.0,0.004055427964582216,0.0,ben-gvir million+en
million+en palästinenser,3.449807159495637,-0.21697330924401037,0.1561594519511772,0.0,0.0818263026826963,0.0,million+en palästinenser
vertreiben,5.770677961031346,-0.14772260136315757,0.04270443446549688,0.0,0.19591867894395404,0.0,vertreiben
gaza vertreib+en,3.844971646267391,-0.13247200244408758,0.027352772902929576,0.0,0.19867611322624903,0.0,gaza vertreib+en
vertreib+en israel+s,5.263297081709008,-0.09598755201124615,-0.05052434564381287,0.0,0.26759077682588955,0.0,vertreib+en israel+s
wirbt,3.550566532786088,-0.28306501012032603,0.23448556503880177,0.0,0.0026956178687711453,0.0,wirbt
ben-gvir werb+t,3.550566532786088,-0.28306501012032603,0.23448556503880177,0.0,0.0026956178687711453,0.0,ben-gvir werb+t
Wahlkampf,5.055689201602432,-0.24572736810977136,0.20185786513681783,0.0,0.022584404403829188,0.0,Wahlkampf
werb+t wahl+kampf,3.2874901961238354,-0.23392363442123384,0.18469240263675737,0.0,0.044301436455073596,0.0,werb+t wahl+kampf
dafür,3.114187809660078,-0.20446411334471057,0.15363808990601902,0.0,0.06646860158462546,0.0,dafür
wahl+kampf dafür,3.114187809660078,-0.20446411334471057,0.15363808990601902,0.0,0.06646860158462546,0.0,wahl+kampf dafür
dafür bevölkerung,2.984680487467247,-0.18388495987100872,0.13172708015901333,0.0,0.07999916522742599,0.0,dafür bevölkerung
Gazastreifens,2.853220689502577,-0.16392690596231166,0.11059584205770184,0.0,0.09102185358050859,0.0,Gazastreifens
bevölkerung gazastreifen+s,2.853220689502577,-0.16392690596231166,0.11059584205770184,0.0,0.09102185358050859,0.0,bevölkerung gazastreifen+s
gazastreifen+s sieben,2.744059907948919,-0.14767589410975243,0.09369373850277274,0.0,0.09808223500454392,0.0,gazastreifen+s sieben
Jahre,2.711882164234969,-0.1428653263491823,0.08877275777659778,0.0,0.09979228202799563,0.0,Jahre
sieben jahr+e,2.711882164234969,-0.1428653263491823,0.08877275777659778,0.0,0.09979228202799563,0.0,sieben jahr+e
komplett,2.6868549633729337,-0.13909663961053878,0.08494982945194092,0.0,0.10100106890384027,0.0,komplett
jahr+e komplett,2.6868549633729337,-0.13909663961053878,0.08494982945194092,0.0,0.10100106890384027,0.0,jahr+e komplett
komplett vertreib+en,3.844971646267391,-0.13247200244408758,0.027352772902929576,0.0,0.19867611322624903,0.0,komplett vertreib+en
ersten,2.5959365096304836,-0.1250010604550665,0.07094563740004575,0.0,0.10443533790915421,0.0,ersten
Jahr,2.5767797240087953,-0.1218980011125682,0.06793351598965888,0.0,0.10494797168790396,0.0,Jahr
erst+en jahr,2.5767797240087953,-0.1218980011125682,0.06793351598965888,0.0,0.10494797168790396,0.0,erst+en jahr
250.000,2.5809644032911434,-0.1157342434099884,0.058710093270843505,0.0,0.11226479450688483,0.0,250.000
jahr 250.000,2.5809644032911434,-0.1157342434099884,0.058710093270843505,0.0,0.11226479450688483,0.0,jahr 250.000
250.000 mensch+en,2.588466254955685,-0.1114218989852814,0.051899505207122366,0.0,0.11790819043066353,0.0,250.000 mensch+en
Ausreise,2.604752118591523,-0.10482435979480706,0.0411209636020586,0.0,0.12692863079907374,0.0,Ausreise
mensch+en ausreise,2.604752118591523,-0.10482435979480706,0.0411209636020586,0.0,0.12692863079907374,0.0,mensch+en ausreise
ermöglicht,2.6233525692651027,-0.10089588503145833,0.034244811379741086,0.0,0.1329820950323457,0.0,ermöglicht
ausreise ermöglich+t,2.6233525692651027,-0.10089588503145833,0.034244811379741086,0.0,0.1329820950323457,0.0,ausreise ermöglich+t
Stehen,2.669589832126628,-0.10216523828160938,0.034418446102041624,0.0,0.13489796429057477,0.0,Stehen
Exodus,2.7635272569599496,-0.10459986693487089,0.03452686893613396,0.0,0.13897428300244102,0.0,Exodus
steh+en exodus,2.7635272569599496,-0.10459986693487089,0.03452686893613396,0.0,0.13897428300244102,0.0,steh+en exodus
dürfe,3.8887894745483225,-0.12461312562277033,0.055989283094312024,0.0,0.1331199988452848,0.0,dürfe
man dürf+e,3.8887894745483225,-0.12461312562277033,0.055989283094312024,0.0,0.1331199988452848,0.0,man dürf+e
kein…,2.9095782087220847,-0.10728434644095887,0.03301660035923826,0.0,0.1464640009902308,0.0,kein…
dürf+e kein…,2.9095782087220847,-0.10728434644095887,0.03301660035923826,0.0,0.1464640009902308,0.0,dürf+e kein…
kein… man,2.8077569931526165,-0.10555391844459294,0.03427903148870759,0.0,0.14110592544979253,0.0,kein… man
Friedensillusionen,3.2468220370022443,-0.10876030813289754,0.022959025983860272,0.0,0.16734057034145342,0.0,Friedensillusionen
dürf+e frieden+s+illusion+en,3.2468220370022443,-0.10876030813289754,0.022959025983860272,0.0,0.16734057034145342,0.0,dürf+e frieden+s+illusion+en
hingeben,3.8757471041186053,-0.10008840349547064,-0.009445081128362629,0.0,0.20895841894998313,0.0,hingeben
frieden+s+illusion+en hin+ge+geb+en,3.8757471041186053,-0.10008840349547064,-0.009445081128362629,0.0,0.20895841894998313,0.0,frieden+s+illusion+en hin+ge+geb+en
Sicherheits-,4.085484798822221,-0.11350499367672562,0.010142809544430689,0.0,0.1977722618625409,0.0,Sicherheits-
israel+s sicherheit+s+-,4.085484798822221,-0.11350499367672562,0.010142809544430689,0.0,0.1977722618625409,0.0,israel+s sicherheit+s+-
sicherheit+s+- polizei+minister,3.638983272054247,-0.1798209396535792,0.12395002312182618,0.0,0.0898873806495193,0.0,sicherheit+s+- polizei+minister
ben-gvir warn+t,3.6847991574835204,-0.24013561925150512,0.20726508101614233,0.0,-0.0007290006761852368,0.0,ben-gvir warn+t
warn+t wahl+kampf,3.624572053349995,-0.17558972840891207,0.129242429894811,0.0,0.0710819107188156,0.0,warn+t wahl+kampf
wahl+kampf partei,4.123748165981103,-0.09199982554508422,-0.005273461999416466,0.0,0.18845016211996912,0.0,wahl+kampf partei
partei israelisch+e,5.2791770809217144,-0.053174963952330206,-0.09450967133099228,0.0,0.2645781991372347,0.0,partei israelisch+e
israelisch+e kraft,3.8513143541119037,-0.06390204327256535,-0.028852808081024868,0.0,0.18013716419225223,0.0,israelisch+e kraft
Nachlassen,3.424912577561849,-0.031899794758388084,-0.028412206666819415,0.0,0.12071574875900655,0.0,Nachlassen
kraft nach+lass+en,3.424912577561849,-0.031899794758388084,-0.028412206666819415,0.0,0.12071574875900655,0.0,kraft nach+lass+en
Gewal…,3.3048484034746646,0.02731356721141463,-0.06244461868245881,0.0,0.061771383933644224,0.0,Gewal…
nach+lass+en gewal…,3.3048484034746646,0.02731356721141463,-0.06244461868245881,0.0,0.061771383933644224,0.0,nach+lass+en gewal…
+3943,3.12653533918705,-0.01331836397075773,-0.030308435092401612,0.0,0.08757081210854097,0.0,+3943
gewal… +3943,3.12653533918705,-0.01331836397075773,-0.030308435092401612,0.0,0.08757081210854097,0.0,gewal… +3943
+3943 char+s,3.042120984282618,-0.028421999886185857,-0.01842718198864102,0.0,0.09578436903780485,0.0,+3943 char+s
Netanyahu,3.8597891557615553,0.010649078134689335,0.20628455799825898,0.0,-0.6918017548825363,0.0,Netanyahu
für netanyahu,2.5321247369972184,0.1567351453853743,-0.0711317018337778,0.0,-0.27024796304277926,0.0,für netanyahu
schlägt,2.5864738747957388,0.17585412781759166,-0.08910833895109121,0.0,-0.2914847055668885,0.0,schlägt
netanyahu schlag+t,2.5864738747957388,0.17585412781759166,-0.08910833895109121,0.0,-0.2914847055668885,0.0,netanyahu schlag+t
Stunde,2.7071960227422998,0.2164783701010472,-0.13061545185026435,0.0,-0.33710261704536904,0.0,Stunde
schlag+t stunde,2.7071960227422998,0.2164783701010472,-0.13061545185026435,0.0,-0.33710261704536904,0.0,schlag+t stunde
Abrechnung,2.7871460707363744,0.23986216652133738,-0.15574449653039973,0.0,-0.3662073543428095,0.0,Abrechnung
stunde abrechnung,2.7871460707363744,0.23986216652133738,-0.15574449653039973,0.0,-0.3662073543428095,0.0,stunde abrechnung
premium,2.6917626827654755,0.20550838201020888,-0.11633673032107447,0.0,-0.33138544717743024,0.0,premium
abrechnung premium,2.6917626827654755,0.20550838201020888,-0.11633673032107447,0.0,-0.33138544717743024,0.0,abrechnung premium
premium der,2.6865606216659956,0.20124121827647545,-0.11077659061758005,0.0,-0.32945099198489086,0.0,premium der
Vorwürfe,2.6918806054158995,0.20197283885840508,-0.11108836265552484,0.0,-0.3314292549277326,0.0,Vorwürfe
der vorwurf+e,2.6918806054158995,0.20197283885840508,-0.11108836265552484,0.0,-0.3314292549277326,0.0,der vorwurf+e
Rolle,2.776353484712272,0.2244758501971517,-0.1330921357047558,0.0,-0.3623275662868515,0.0,Rolle
vorwurf+e rolle,2.776353484712272,0.2244758501971517,-0.1330921357047558,0.0,-0.3623275662868515,0.0,vorwurf+e rolle
Zusammenhang,2.858879862903613,0.24739152584714189,-0.15804194672477484,0.0,-0.3916190875443621,0.0,Zusammenhang
rolle zusammenhang,2.858879862903613,0.24739152584714189,-0.15804194672477484,0.0,-0.3916190875443621,0.0,rolle zusammenhang
Hamas-Terror,3.726189573432263,0.4244682613314857,-0.4119006660410792,0.0,-0.6565753451804208,0.0,Hamas-Terror
zusammenhang hamas+-+terror,3.726189573432263,0.4244682613314857,-0.4119006660410792,0.0,-0.6565753451804208,0.0,zusammenhang hamas+-+terror
hamas+-+terror oktober,2.883188136196109,0.2401860258506439,-0.14333358084975265,0.0,-0.4000858693764498,0.0,hamas+-+terror oktober
lassen,2.807362260630939,0.21288947346640238,-0.1113549563480453,0.0,-0.3734345409664692,0.0,lassen
oktober lass+en,2.807362260630939,0.21288947346640238,-0.1113549563480453,0.0,-0.3734345409664692,0.0,oktober lass+en
lass+en israelisch+en,2.745179244043883,0.1862723584845397,-0.08108771352146482,0.0,-0.3510355669636701,0.0,lass+en israelisch+en
Premier,3.4762953505641074,0.1982782642805126,-0.022462565005314333,0.0,-0.5871563680676226,0.0,Premier
israelisch+en premier,2.7058609153620687,0.1644981723458637,-0.056427334009198485,0.0,-0.33660932557529194,0.0,israelisch+en premier
schlechten,2.690549119905645,0.14706981643712091,-0.035507871483695164,0.0,-0.33093450233258004,0.0,schlechten
premier schlecht+en,2.690549119905645,0.14706981643712091,-0.035507871483695164,0.0,-0.33093450233258004,0.0,premier schlecht+en
Licht,2.7018462194093242,0.14273792671099575,-0.028444417652541663,0.0,-0.33512452005965576,0.0,Licht
schlecht+en licht,2.7018462194093242,0.14273792671099575,-0.028444417652541663,0.0,-0.33512452005965576,0.0,schlecht+en licht
erscheinen,2.7180434139287373,0.14383000580430705,-0.027728117741266333,0.0,-0.34110148410664887,0.0,erscheinen
licht erschein+en,2.7180434139287373,0.14383000580430705,-0.027728117741266333,0.0,-0.34110148410664887,0.0,licht erschein+en
und sanktion+en,3.009523364012824,0.22439539845396395,-0.10371513218837747,0.0,-0.44297091115304443,0.0,und sanktion+en
westlicher,2.768071085377264,0.12897854924008367,-0.0028226258309152923,0.0,-0.3593399143164531,0.0,westlicher
sanktion+en westlich+er,2.768071085377264,0.12897854924008367,-0.0028226258309152923,0.0,-0.3593399143164531,0.0,sanktion+en westlich+er
Staaten,2.7136358231539384,0.08942891995037258,0.03725125053812533,0.0,-0.3394785636248479,0.0,Staaten
westlich+er staat+en,2.7136358231539384,0.08942891995037258,0.03725125053812533,0.0,-0.3394785636248479,0.0,westlich+er staat+en
jüdische,2.698708462833074,0.05385316228508304,0.07438891572786184,0.0,-0.3339625072243309,0.0,jüdische
staat+en jüdisch+e,2.698708462833074,0.05385316228508304,0.07438891572786184,0.0,-0.3339625072243309,0.0,staat+en jüdisch+e
Siedlungen,2.7060217154128656,0.03283920674560208,0.09694299104614484,0.0,-0.3366687503861441,0.0,Siedlungen
jüdisch+e siedlung+en,2.7060217154128656,0.03283920674560208,0.09694299104614484,0.0,-0.3366687503861441,0.0,jüdisch+e siedlung+en
zuzuschreiben,2.895582199227738,-0.07922398398476406,0.21699343300103405,0.0,-0.40437539165072295,0.0,zuzuschreiben
siedlung+en zu+zu+schreib+en,2.895582199227738,-0.07922398398476406,0.21699343300103405,0.0,-0.40437539165072295,0.0,siedlung+en zu+zu+schreib+en
Benjamin,3.7344211426748006,-0.3474518797836917,0.4374196172344588,0.0,-0.6587820204503179,0.0,Benjamin
für benjamin,3.7344211426748006,-0.3474518797836917,0.4374196172344588,0.0,-0.6587820204503179,0.0,für benjamin
benjamin netanyahu,3.0832051249478654,-0.16058289396757744,0.2924203313499367,0.0,-0.4671588766510968,0.0,benjamin netanyahu
braut,2.870421971639173,-0.09309532748236357,0.2257205814847646,0.0,-0.39564824316699215,0.0,braut
netanyahu brau+t,2.870421971639173,-0.09309532748236357,0.2257205814847646,0.0,-0.39564824316699215,0.0,netanyahu brau+t
gerade,2.7529229435888376,-0.05418062248891898,0.18268174706265491,0.0,-0.3538524315474957,0.0,gerade
brau+t gerade,2.7529229435888376,-0.05418062248891898,0.18268174706265491,0.0,-0.3538524315474957,0.0,brau+t gerade
perfekter,2.6814882876695965,-0.02903599056574594,0.15309672427473844,0.0,-0.3275611673608251,0.0,perfekter
gerade perfekt+er,2.6814882876695965,-0.02903599056574594,0.15309672427473844,0.0,-0.3275611673608251,0.0,gerade perfekt+er
Sturm,2.637316886201141,-0.011744855633793532,0.13222983004434774,0.0,-0.3109512651166542,0.0,Sturm
perfekt+er sturm,2.637316886201141,-0.011744855633793532,0.13222983004434774,0.0,-0.3109512651166542,0.0,perfekt+er sturm
zusammen,2.617202305123707,-0.002748850577275444,0.12136432305693004,0.0,-0.30329512052991736,0.0,zusammen
sturm zusammen,2.617202305123707,-0.002748850577275444,0.12136432305693004,0.0,-0.30329512052991736,0.0,sturm zusammen
Vor,2.591966183303946,0.011102761683819552,0.10488978759592021,0.0,-0.29360592759746545,0.0,Vor
dritten,2.578392762057469,0.02192553936648953,0.09243727118258391,0.0,-0.28835544012758435,0.0,dritten
vor dritt+en,2.578392762057469,0.02192553936648953,0.09243727118258391,0.0,-0.28835544012758435,0.0,vor dritt+en
Jahrestag,2.5707128652189573,0.033276227874793146,0.0799160936558756,0.0,-0.2853724356645671,0.0,Jahrestag
dritt+en jahr+es+tag,2.5707128652189573,0.033276227874793146,0.0799160936558756,0.0,-0.2853724356645671,0.0,dritt+en jahr+es+tag
knapp,2.575468034508647,0.05752754919760917,0.0549877736166999,0.0,-0.28722047433078685,0.0,knapp
jahr+es+tag knapp,2.575468034508647,0.05752754919760917,0.0549877736166999,0.0,-0.28722047433078685,0.0,jahr+es+tag knapp
knapp sieben,2.5889691148440686,0.0718274569303129,0.04112308299606235,0.0,-0.2924489670790583,0.0,knapp sieben
Wochen,2.6231423547936243,0.09554581305115423,0.01871051152437402,0.0,-0.3055621669169327,0.0,Wochen
sieben woche+n,2.6231423547936243,0.09554581305115423,0.01871051152437402,0.0,-0.3055621669169327,0.0,sieben woche+n
Knesset-Wahl,2.6974254034072738,0.14099965651263446,-0.026806857144833385,0.0,-0.3334869595519475,0.0,Knesset-Wahl
woche+n knesset+-+wahl,2.6974254034072738,0.14099965651263446,-0.026806857144833385,0.0,-0.3334869595519475,0.0,woche+n knesset+-+wahl
knesset+-+wahl israelisch+e,2.6685813100373337,0.14559742503019557,-0.036558503292937486,0.0,-0.3227361824006901,0.0,knesset+-+wahl israelisch+e
israelisch+e premier,2.518954847205796,0.0896716674069581,0.011081864261305389,0.0,-0.2650332680786718,0.0,israelisch+e premier
premier neu+en,2.4563649733549227,0.06754355554054023,0.027137276849353426,0.0,-0.239871799787885,0.0,premier neu+en
Vorwürfen,2.4347491699313575,0.06048939298636594,0.03173495045778453,0.0,-0.23103293669087804,0.0,Vorwürfen
neu+en vorwurf+en,2.4347491699313575,0.06048939298636594,0.03173495045778453,0.0,-0.23103293669087804,0.0,neu+en vorwurf+en
Zusamm…,2.3985789224590444,0.0495972257819673,0.03813615178798144,0.0,-0.21606564209951887,0.0,Zusamm…
vorwurf+en zusamm…,2.3985789224590444,0.0495972257819673,0.03813615178798144,0.0,-0.21606564209951887,0.0,vorwurf+en zusamm…
+3357,2.3788213285421347,0.04417310018868136,0.0409222475775679,0.0,-0.2077943206605312,0.0,+3357
zusamm… +3357,2.3788213285421347,0.04417310018868136,0.0409222475775679,0.0,-0.2077943206605312,0.0,zusamm… +3357
+3357 char+s,2.367247887204321,0.04117098226027334,0.042323497869113096,0.0,-0.20291724712787068,0.0,+3357 char+s
